2026-10-07 08:47:32,811 INFO o.a.j.u.JMeterUtils: Setting Locale to en_EN
2026-10-07 08:47:32,844 INFO o.a.j.JMeter: Loading user properties from: /opt/homebrew/Cellar/jmeter/5.6.3/libexec/bin/user.properties
2026-10-07 08:47:32,847 INFO o.a.j.JMeter: Loading system properties from: /opt/homebrew/Cellar/jmeter/5.6.3/libexec/bin/system.properties
2026-10-07 08:47:32,849 INFO o.a.j.JMeter: Copyright (c) 1998-2024 The Apache Software Foundation
2026-10-07 08:47:32,849 INFO o.a.j.JMeter: Version 5.6.3
2026-10-07 08:47:32,849 INFO o.a.j.JMeter: java.version=21.0.8
2026-10-07 08:47:32,849 INFO o.a.j.JMeter: java.vm.name=OpenJDK 64-Bit Server VM
2026-10-07 08:47:32,849 INFO o.a.j.JMeter: os.name=Mac OS X
2026-10-07 08:47:32,849 INFO o.a.j.JMeter: os.arch=aarch64
2026-10-07 08:47:32,849 INFO o.a.j.JMeter: os.version=15.6.1
2026-10-07 08:47:32,849 INFO o.a.j.JMeter: file.encoding=UTF-8
2026-10-07 08:47:32,850 INFO o.a.j.JMeter: java.awt.headless=null
2026-10-07 08:47:32,850 INFO o.a.j.JMeter: Max memory     =1073741824
2026-10-07 08:47:32,850 INFO o.a.j.JMeter: Available Processors =10
2026-10-07 08:47:32,854 INFO o.a.j.JMeter: Default Locale=English (EN)
2026-10-07 08:47:32,854 INFO o.a.j.JMeter: JMeter  Locale=English (EN)
2026-10-07 08:47:32,854 INFO o.a.j.JMeter: JMeterHome=/opt/homebrew/Cellar/jmeter/5.6.3/libexec
2026-10-07 08:47:32,854 INFO o.a.j.JMeter: user.dir  =/Users/carlos.jimenez/Documents/carga/traccar-gps
2026-10-07 08:47:32,855 INFO o.a.j.JMeter: PWD       =/Users/carlos.jimenez/Documents/carga/traccar-gps
2026-10-07 08:47:32,856 INFO o.a.j.JMeter: IP: 127.0.0.1 Name: MacBook-Pro-de-sistemas-2.local FullName: localhost
2026-10-07 08:47:32,861 INFO o.a.j.JMeter: Loaded icon properties from org/apache/jmeter/images/icon.properties
2026-10-07 08:47:33,448 INFO o.a.j.JMeterGuiLauncher: Setting LAF to: com.github.weisj.darklaf.DarkLaf:com.github.weisj.darklaf.theme.DarculaTheme
2026-10-07 08:47:34,291 INFO o.a.j.r.ClassFinder: Will scan jar /opt/homebrew/Cellar/jmeter/5.6.3/libexec/lib/ext/jmeter-plugins-manager-1.9.jar with filter ExtendsClassFilter [parents=[interface org.apache.jmeter.gui.action.Command], inner=false, contains=null, notContains=null]. Consider exposing JMeter plugins via META-INF/services, and add JMeter-Skip-Class-Scanning=true manifest attribute so JMeter can skip classfile scanning
2026-10-07 08:47:34,315 INFO o.a.j.r.ClassFinder: Will scan jar /opt/homebrew/Cellar/jmeter/5.6.3/libexec/lib/ext/jmeter-plugins-graphs-additional-2.0.jar with filter ExtendsClassFilter [parents=[interface org.apache.jmeter.gui.action.Command], inner=false, contains=null, notContains=null]. Consider exposing JMeter plugins via META-INF/services, and add JMeter-Skip-Class-Scanning=true manifest attribute so JMeter can skip classfile scanning
2026-10-07 08:47:34,318 INFO o.a.j.r.ClassFinder: Will scan jar /opt/homebrew/Cellar/jmeter/5.6.3/libexec/lib/ext/jmeter-plugins-graphs-basic-2.0.jar with filter ExtendsClassFilter [parents=[interface org.apache.jmeter.gui.action.Command], inner=false, contains=null, notContains=null]. Consider exposing JMeter plugins via META-INF/services, and add JMeter-Skip-Class-Scanning=true manifest attribute so JMeter can skip classfile scanning
2026-10-07 08:47:34,318 INFO o.a.j.r.ClassFinder: Will scan jar /opt/homebrew/Cellar/jmeter/5.6.3/libexec/lib/ext/jmeter-plugins-tst-2.6.jar with filter ExtendsClassFilter [parents=[interface org.apache.jmeter.gui.action.Command], inner=false, contains=null, notContains=null]. Consider exposing JMeter plugins via META-INF/services, and add JMeter-Skip-Class-Scanning=true manifest attribute so JMeter can skip classfile scanning
2026-10-07 08:47:34,319 INFO o.a.j.r.ClassFinder: Will scan jar /opt/homebrew/Cellar/jmeter/5.6.3/libexec/lib/ext/postgresql-42.7.8.jar with filter ExtendsClassFilter [parents=[interface org.apache.jmeter.gui.action.Command], inner=false, contains=null, notContains=null]. Consider exposing JMeter plugins via META-INF/services, and add JMeter-Skip-Class-Scanning=true manifest attribute so JMeter can skip classfile scanning
2026-10-07 08:47:34,349 INFO o.a.j.r.ClassFinder: Will scan jar /opt/homebrew/Cellar/jmeter/5.6.3/libexec/lib/ext/jmeter-plugins-casutg-3.1.1.jar with filter ExtendsClassFilter [parents=[interface org.apache.jmeter.gui.action.Command], inner=false, contains=null, notContains=null]. Consider exposing JMeter plugins via META-INF/services, and add JMeter-Skip-Class-Scanning=true manifest attribute so JMeter can skip classfile scanning
2026-10-07 08:47:34,382 INFO o.a.j.r.ClassFinder: Will scan jar /opt/homebrew/Cellar/jmeter/5.6.3/libexec/lib/ext/jmeter-plugins-manager-1.9.jar with filter ExtendsClassFilter [parents=[interface org.apache.jmeter.gui.plugin.MenuCreator], inner=false, contains=null, notContains=null]. Consider exposing JMeter plugins via META-INF/services, and add JMeter-Skip-Class-Scanning=true manifest attribute so JMeter can skip classfile scanning
2026-10-07 08:47:34,383 INFO o.a.j.r.ClassFinder: Will scan jar /opt/homebrew/Cellar/jmeter/5.6.3/libexec/lib/ext/jmeter-plugins-graphs-additional-2.0.jar with filter ExtendsClassFilter [parents=[interface org.apache.jmeter.gui.plugin.MenuCreator], inner=false, contains=null, notContains=null]. Consider exposing JMeter plugins via META-INF/services, and add JMeter-Skip-Class-Scanning=true manifest attribute so JMeter can skip classfile scanning
2026-10-07 08:47:34,384 INFO o.a.j.r.ClassFinder: Will scan jar /opt/homebrew/Cellar/jmeter/5.6.3/libexec/lib/ext/jmeter-plugins-graphs-basic-2.0.jar with filter ExtendsClassFilter [parents=[interface org.apache.jmeter.gui.plugin.MenuCreator], inner=false, contains=null, notContains=null]. Consider exposing JMeter plugins via META-INF/services, and add JMeter-Skip-Class-Scanning=true manifest attribute so JMeter can skip classfile scanning
2026-10-07 08:47:34,384 INFO o.a.j.r.ClassFinder: Will scan jar /opt/homebrew/Cellar/jmeter/5.6.3/libexec/lib/ext/jmeter-plugins-tst-2.6.jar with filter ExtendsClassFilter [parents=[interface org.apache.jmeter.gui.plugin.MenuCreator], inner=false, contains=null, notContains=null]. Consider exposing JMeter plugins via META-INF/services, and add JMeter-Skip-Class-Scanning=true manifest attribute so JMeter can skip classfile scanning
2026-10-07 08:47:34,384 INFO o.a.j.r.ClassFinder: Will scan jar /opt/homebrew/Cellar/jmeter/5.6.3/libexec/lib/ext/postgresql-42.7.8.jar with filter ExtendsClassFilter [parents=[interface org.apache.jmeter.gui.plugin.MenuCreator], inner=false, contains=null, notContains=null]. Consider exposing JMeter plugins via META-INF/services, and add JMeter-Skip-Class-Scanning=true manifest attribute so JMeter can skip classfile scanning
2026-10-07 08:47:34,385 INFO o.a.j.r.ClassFinder: Will scan jar /opt/homebrew/Cellar/jmeter/5.6.3/libexec/lib/ext/jmeter-plugins-casutg-3.1.1.jar with filter ExtendsClassFilter [parents=[interface org.apache.jmeter.gui.plugin.MenuCreator], inner=false, contains=null, notContains=null]. Consider exposing JMeter plugins via META-INF/services, and add JMeter-Skip-Class-Scanning=true manifest attribute so JMeter can skip classfile scanning
2026-10-07 08:47:34,427 INFO o.j.r.JARSourceHTTP: Requesting https://jmeter-plugins.org/repo/?installID=amazon-735bafb4305de6c58c86a1bd2e39f5e2-gui
2026-10-07 08:47:35,850 INFO o.j.r.PluginManager: Plugins Status: [jpgc-graphs-basic=2.0, jpgc-graphs-additional=2.0, jpgc-casutg=3.1.1, jpgc-plugins-manager=1.9, jpgc-tst=2.6, jmeter-core=5.6.3, jmeter-ftp=5.6.3, jmeter-http=5.6.3, jmeter-jdbc=5.6.3, jmeter-jms=5.6.3, jmeter-junit=5.6.3, jmeter-java=5.6.3, jmeter-ldap=5.6.3, jmeter-mail=5.6.3, jmeter-mongodb=5.6.3, jmeter-native=5.6.3, jmeter-tcp=5.6.3, jmeter-components=5.6.3]
2026-10-07 08:47:35,851 INFO o.j.r.PluginManagerMenuItem: Plugins Manager has upgrades: [jpgc-plugins-manager]
2026-10-07 08:47:48,649 INFO o.a.j.s.FileServer: Default base='/Users/carlos.jimenez/Documents/carga/traccar-gps'
2026-10-07 08:47:48,650 INFO o.a.j.g.a.Load: Loading file: /Users/carlos.jimenez/Documents/carga/traccar-gps/simon.prueba.positions.jmx
2026-10-07 08:47:48,650 INFO o.a.j.s.FileServer: Set new base='/Users/carlos.jimenez/Documents/carga/traccar-gps'
2026-10-07 08:47:48,720 INFO o.a.j.s.SaveService: Testplan (JMX) version: 2.2. Testlog (JTL) version: 2.2
2026-10-07 08:47:48,726 INFO o.a.j.s.SaveService: Using SaveService properties version 5.0
2026-10-07 08:47:48,727 INFO o.a.j.s.SaveService: Using SaveService properties file encoding UTF-8
2026-10-07 08:47:48,727 INFO o.a.j.s.SaveService: Loading file: /Users/carlos.jimenez/Documents/carga/traccar-gps/simon.prueba.positions.jmx
2026-10-07 08:47:48,773 INFO o.a.j.p.h.s.HTTPSamplerBase: Parser for text/html is org.apache.jmeter.protocol.http.parser.LagartoBasedHtmlParser
2026-10-07 08:47:48,773 INFO o.a.j.p.h.s.HTTPSamplerBase: Parser for application/xhtml+xml is org.apache.jmeter.protocol.http.parser.LagartoBasedHtmlParser
2026-10-07 08:47:48,773 INFO o.a.j.p.h.s.HTTPSamplerBase: Parser for application/xml is org.apache.jmeter.protocol.http.parser.LagartoBasedHtmlParser
2026-10-07 08:47:48,773 INFO o.a.j.p.h.s.HTTPSamplerBase: Parser for text/xml is org.apache.jmeter.protocol.http.parser.LagartoBasedHtmlParser
2026-10-07 08:47:48,773 INFO o.a.j.p.h.s.HTTPSamplerBase: Parser for text/vnd.wap.wml is org.apache.jmeter.protocol.http.parser.RegexpHTMLParser
2026-10-07 08:47:48,773 INFO o.a.j.p.h.s.HTTPSamplerBase: Parser for text/css is org.apache.jmeter.protocol.http.parser.CssParser
2026-10-07 08:47:48,814 INFO o.a.j.e.u.CompoundVariable: Note: Function class names must contain the string: '.functions.'
2026-10-07 08:47:48,814 INFO o.a.j.e.u.CompoundVariable: Note: Function class names must not contain the string: '.gui.'
2026-10-07 08:47:48,824 INFO o.a.j.r.ClassFinder: Will scan jar /opt/homebrew/Cellar/jmeter/5.6.3/libexec/lib/ext/jmeter-plugins-manager-1.9.jar with filter ExtendsClassFilter [parents=[interface org.apache.jmeter.functions.Function], inner=false, contains=null, notContains=null]. Consider exposing JMeter plugins via META-INF/services, and add JMeter-Skip-Class-Scanning=true manifest attribute so JMeter can skip classfile scanning
2026-10-07 08:47:48,825 INFO o.a.j.r.ClassFinder: Will scan jar /opt/homebrew/Cellar/jmeter/5.6.3/libexec/lib/ext/jmeter-plugins-graphs-additional-2.0.jar with filter ExtendsClassFilter [parents=[interface org.apache.jmeter.functions.Function], inner=false, contains=null, notContains=null]. Consider exposing JMeter plugins via META-INF/services, and add JMeter-Skip-Class-Scanning=true manifest attribute so JMeter can skip classfile scanning
2026-10-07 08:47:48,825 INFO o.a.j.r.ClassFinder: Will scan jar /opt/homebrew/Cellar/jmeter/5.6.3/libexec/lib/ext/jmeter-plugins-graphs-basic-2.0.jar with filter ExtendsClassFilter [parents=[interface org.apache.jmeter.functions.Function], inner=false, contains=null, notContains=null]. Consider exposing JMeter plugins via META-INF/services, and add JMeter-Skip-Class-Scanning=true manifest attribute so JMeter can skip classfile scanning
2026-10-07 08:47:48,826 INFO o.a.j.r.ClassFinder: Will scan jar /opt/homebrew/Cellar/jmeter/5.6.3/libexec/lib/ext/jmeter-plugins-tst-2.6.jar with filter ExtendsClassFilter [parents=[interface org.apache.jmeter.functions.Function], inner=false, contains=null, notContains=null]. Consider exposing JMeter plugins via META-INF/services, and add JMeter-Skip-Class-Scanning=true manifest attribute so JMeter can skip classfile scanning
2026-10-07 08:47:48,826 INFO o.a.j.r.ClassFinder: Will scan jar /opt/homebrew/Cellar/jmeter/5.6.3/libexec/lib/ext/postgresql-42.7.8.jar with filter ExtendsClassFilter [parents=[interface org.apache.jmeter.functions.Function], inner=false, contains=null, notContains=null]. Consider exposing JMeter plugins via META-INF/services, and add JMeter-Skip-Class-Scanning=true manifest attribute so JMeter can skip classfile scanning
2026-10-07 08:47:48,827 INFO o.a.j.r.ClassFinder: Will scan jar /opt/homebrew/Cellar/jmeter/5.6.3/libexec/lib/ext/jmeter-plugins-casutg-3.1.1.jar with filter ExtendsClassFilter [parents=[interface org.apache.jmeter.functions.Function], inner=false, contains=null, notContains=null]. Consider exposing JMeter plugins via META-INF/services, and add JMeter-Skip-Class-Scanning=true manifest attribute so JMeter can skip classfile scanning
2026-10-07 08:47:48,983 INFO o.a.j.s.SampleResult: Note: Sample TimeStamps are START times
2026-10-07 08:47:48,983 INFO o.a.j.s.SampleResult: sampleresult.default.encoding is set to UTF-8
2026-10-07 08:47:48,983 INFO o.a.j.s.SampleResult: sampleresult.useNanoTime=true
2026-10-07 08:47:48,983 INFO o.a.j.s.SampleResult: sampleresult.nanoThreadSleep=5000
2026-10-07 08:47:49,018 INFO o.a.j.r.ClassFinder: Will scan jar /opt/homebrew/Cellar/jmeter/5.6.3/libexec/lib/ext/jmeter-plugins-manager-1.9.jar with filter ExtendsClassFilter [parents=[interface org.apache.jmeter.visualizers.ResultRenderer], inner=false, contains=null, notContains=null]. Consider exposing JMeter plugins via META-INF/services, and add JMeter-Skip-Class-Scanning=true manifest attribute so JMeter can skip classfile scanning
2026-10-07 08:47:49,019 INFO o.a.j.r.ClassFinder: Will scan jar /opt/homebrew/Cellar/jmeter/5.6.3/libexec/lib/ext/jmeter-plugins-graphs-additional-2.0.jar with filter ExtendsClassFilter [parents=[interface org.apache.jmeter.visualizers.ResultRenderer], inner=false, contains=null, notContains=null]. Consider exposing JMeter plugins via META-INF/services, and add JMeter-Skip-Class-Scanning=true manifest attribute so JMeter can skip classfile scanning
2026-10-07 08:47:49,020 INFO o.a.j.r.ClassFinder: Will scan jar /opt/homebrew/Cellar/jmeter/5.6.3/libexec/lib/ext/jmeter-plugins-graphs-basic-2.0.jar with filter ExtendsClassFilter [parents=[interface org.apache.jmeter.visualizers.ResultRenderer], inner=false, contains=null, notContains=null]. Consider exposing JMeter plugins via META-INF/services, and add JMeter-Skip-Class-Scanning=true manifest attribute so JMeter can skip classfile scanning
2026-10-07 08:47:49,020 INFO o.a.j.r.ClassFinder: Will scan jar /opt/homebrew/Cellar/jmeter/5.6.3/libexec/lib/ext/jmeter-plugins-tst-2.6.jar with filter ExtendsClassFilter [parents=[interface org.apache.jmeter.visualizers.ResultRenderer], inner=false, contains=null, notContains=null]. Consider exposing JMeter plugins via META-INF/services, and add JMeter-Skip-Class-Scanning=true manifest attribute so JMeter can skip classfile scanning
2026-10-07 08:47:49,020 INFO o.a.j.r.ClassFinder: Will scan jar /opt/homebrew/Cellar/jmeter/5.6.3/libexec/lib/ext/postgresql-42.7.8.jar with filter ExtendsClassFilter [parents=[interface org.apache.jmeter.visualizers.ResultRenderer], inner=false, contains=null, notContains=null]. Consider exposing JMeter plugins via META-INF/services, and add JMeter-Skip-Class-Scanning=true manifest attribute so JMeter can skip classfile scanning
2026-10-07 08:47:49,021 INFO o.a.j.r.ClassFinder: Will scan jar /opt/homebrew/Cellar/jmeter/5.6.3/libexec/lib/ext/jmeter-plugins-casutg-3.1.1.jar with filter ExtendsClassFilter [parents=[interface org.apache.jmeter.visualizers.ResultRenderer], inner=false, contains=null, notContains=null]. Consider exposing JMeter plugins via META-INF/services, and add JMeter-Skip-Class-Scanning=true manifest attribute so JMeter can skip classfile scanning
2026-10-07 08:47:49,026 INFO o.a.j.r.ClassFinder: Will scan jar /opt/homebrew/Cellar/jmeter/5.6.3/libexec/lib/ext/jmeter-plugins-manager-1.9.jar with filter ExtendsClassFilter [parents=[interface org.apache.jmeter.visualizers.RequestView], inner=false, contains=null, notContains=null]. Consider exposing JMeter plugins via META-INF/services, and add JMeter-Skip-Class-Scanning=true manifest attribute so JMeter can skip classfile scanning
2026-10-07 08:47:49,027 INFO o.a.j.r.ClassFinder: Will scan jar /opt/homebrew/Cellar/jmeter/5.6.3/libexec/lib/ext/jmeter-plugins-graphs-additional-2.0.jar with filter ExtendsClassFilter [parents=[interface org.apache.jmeter.visualizers.RequestView], inner=false, contains=null, notContains=null]. Consider exposing JMeter plugins via META-INF/services, and add JMeter-Skip-Class-Scanning=true manifest attribute so JMeter can skip classfile scanning
2026-10-07 08:47:49,027 INFO o.a.j.r.ClassFinder: Will scan jar /opt/homebrew/Cellar/jmeter/5.6.3/libexec/lib/ext/jmeter-plugins-graphs-basic-2.0.jar with filter ExtendsClassFilter [parents=[interface org.apache.jmeter.visualizers.RequestView], inner=false, contains=null, notContains=null]. Consider exposing JMeter plugins via META-INF/services, and add JMeter-Skip-Class-Scanning=true manifest attribute so JMeter can skip classfile scanning
2026-10-07 08:47:49,027 INFO o.a.j.r.ClassFinder: Will scan jar /opt/homebrew/Cellar/jmeter/5.6.3/libexec/lib/ext/jmeter-plugins-tst-2.6.jar with filter ExtendsClassFilter [parents=[interface org.apache.jmeter.visualizers.RequestView], inner=false, contains=null, notContains=null]. Consider exposing JMeter plugins via META-INF/services, and add JMeter-Skip-Class-Scanning=true manifest attribute so JMeter can skip classfile scanning
2026-10-07 08:47:49,027 INFO o.a.j.r.ClassFinder: Will scan jar /opt/homebrew/Cellar/jmeter/5.6.3/libexec/lib/ext/postgresql-42.7.8.jar with filter ExtendsClassFilter [parents=[interface org.apache.jmeter.visualizers.RequestView], inner=false, contains=null, notContains=null]. Consider exposing JMeter plugins via META-INF/services, and add JMeter-Skip-Class-Scanning=true manifest attribute so JMeter can skip classfile scanning
2026-10-07 08:47:49,028 INFO o.a.j.r.ClassFinder: Will scan jar /opt/homebrew/Cellar/jmeter/5.6.3/libexec/lib/ext/jmeter-plugins-casutg-3.1.1.jar with filter ExtendsClassFilter [parents=[interface org.apache.jmeter.visualizers.RequestView], inner=false, contains=null, notContains=null]. Consider exposing JMeter plugins via META-INF/services, and add JMeter-Skip-Class-Scanning=true manifest attribute so JMeter can skip classfile scanning
2026-10-07 08:47:49,050 INFO o.a.j.s.FileServer: Set new base='/Users/carlos.jimenez/Documents/carga/traccar-gps'
2026-10-07 09:53:30,937 INFO o.a.j.e.StandardJMeterEngine: Running the test!
2026-10-07 09:53:30,938 INFO o.a.j.s.SampleEvent: List of sample_variables: []
2026-10-07 09:53:30,938 INFO o.a.j.s.SampleEvent: List of sample_variables: []
2026-10-07 09:53:30,942 WARN o.a.j.r.ResultCollector: Error creating directories for /Users/familia/Documents/IT4ALL/Test/WARENA/Referencia
2026-10-07 09:53:30,943 WARN o.a.j.r.ResultCollector: Error creating directories for /Users/familia/Documents/IT4ALL/Test/WARENA/Referencia
2026-10-07 09:53:30,945 INFO o.a.j.g.u.JMeterMenuBar: setRunning(true, *local*)
2026-10-07 09:53:30,990 INFO o.a.j.e.StandardJMeterEngine: Starting ThreadGroup: 1 : GPSVirtuales
2026-10-07 09:53:30,990 INFO o.a.j.e.StandardJMeterEngine: Starting 50 threads for group GPSVirtuales.
2026-10-07 09:53:30,990 INFO o.a.j.e.StandardJMeterEngine: Thread will continue on error
2026-10-07 09:53:30,991 INFO o.a.j.e.StandardJMeterEngine: All thread groups have been started
2026-10-07 09:53:30,991 INFO c.b.j.t.c.ConcurrencyThreadStarter: Start supplying threads
2026-10-07 09:53:30,993 INFO o.a.j.t.JMeterThread: Thread started: GPSVirtuales-ThreadStarter 1-3
2026-10-07 09:53:30,993 INFO o.a.j.t.JMeterThread: Thread started: GPSVirtuales-ThreadStarter 1-1
2026-10-07 09:53:30,993 INFO o.a.j.t.JMeterThread: Thread started: GPSVirtuales-ThreadStarter 1-2
2026-10-07 09:53:30,993 INFO o.a.j.t.JMeterThread: Thread started: GPSVirtuales-ThreadStarter 1-4
2026-10-07 09:53:30,994 INFO o.a.j.t.JMeterThread: Thread started: GPSVirtuales-ThreadStarter 1-5
2026-10-07 09:53:30,994 INFO o.a.j.s.FileServer: Stored: /Users/carlos.jimenez/Documents/carga/traccar-gps/datos_positions_user_carlos.csv
2026-10-07 09:53:30,994 INFO o.a.j.t.JMeterThread: Thread started: GPSVirtuales-ThreadStarter 1-6
2026-10-07 09:53:30,994 INFO o.a.j.t.JMeterThread: Thread started: GPSVirtuales-ThreadStarter 1-7
2026-10-07 09:53:30,994 INFO o.a.j.t.JMeterThread: Thread started: GPSVirtuales-ThreadStarter 1-8
2026-10-07 09:53:30,995 INFO o.a.j.t.JMeterThread: Thread started: GPSVirtuales-ThreadStarter 1-9
2026-10-07 09:53:30,995 INFO o.a.j.t.JMeterThread: Thread started: GPSVirtuales-ThreadStarter 1-10
2026-10-07 09:53:30,995 INFO o.a.j.t.JMeterThread: Thread started: GPSVirtuales-ThreadStarter 1-12
2026-10-07 09:53:30,995 INFO o.a.j.t.JMeterThread: Thread started: GPSVirtuales-ThreadStarter 1-11
2026-10-07 09:53:30,996 INFO o.a.j.t.JMeterThread: Thread started: GPSVirtuales-ThreadStarter 1-13
2026-10-07 09:53:30,996 INFO o.a.j.t.JMeterThread: Thread started: GPSVirtuales-ThreadStarter 1-14
2026-10-07 09:53:30,996 INFO o.a.j.t.JMeterThread: Thread started: GPSVirtuales-ThreadStarter 1-15
2026-10-07 09:53:30,996 INFO o.a.j.t.JMeterThread: Thread started: GPSVirtuales-ThreadStarter 1-16
2026-10-07 09:53:30,996 INFO o.a.j.t.JMeterThread: Thread started: GPSVirtuales-ThreadStarter 1-17
2026-10-07 09:53:30,997 INFO o.a.j.t.JMeterThread: Thread started: GPSVirtuales-ThreadStarter 1-18
2026-10-07 09:53:30,997 INFO o.a.j.t.JMeterThread: Thread started: GPSVirtuales-ThreadStarter 1-19
2026-10-07 09:53:30,997 INFO o.a.j.t.JMeterThread: Thread started: GPSVirtuales-ThreadStarter 1-20
2026-10-07 09:53:30,997 INFO o.a.j.t.JMeterThread: Thread started: GPSVirtuales-ThreadStarter 1-21
2026-10-07 09:53:30,998 INFO o.a.j.t.JMeterThread: Thread started: GPSVirtuales-ThreadStarter 1-22
2026-10-07 09:53:30,998 INFO o.a.j.t.JMeterThread: Thread started: GPSVirtuales-ThreadStarter 1-23
2026-10-07 09:53:30,998 INFO o.a.j.t.JMeterThread: Thread started: GPSVirtuales-ThreadStarter 1-25
2026-10-07 09:53:30,998 INFO o.a.j.t.JMeterThread: Thread started: GPSVirtuales-ThreadStarter 1-26
2026-10-07 09:53:30,998 INFO o.a.j.t.JMeterThread: Thread started: GPSVirtuales-ThreadStarter 1-24
2026-10-07 09:53:30,998 INFO o.a.j.t.JMeterThread: Thread started: GPSVirtuales-ThreadStarter 1-27
2026-10-07 09:53:30,998 INFO o.a.j.t.JMeterThread: Thread started: GPSVirtuales-ThreadStarter 1-28
2026-10-07 09:53:30,999 INFO o.a.j.t.JMeterThread: Thread started: GPSVirtuales-ThreadStarter 1-29
2026-10-07 09:53:30,999 INFO o.a.j.t.JMeterThread: Thread started: GPSVirtuales-ThreadStarter 1-30
2026-10-07 09:53:30,999 INFO o.a.j.t.JMeterThread: Thread started: GPSVirtuales-ThreadStarter 1-31
2026-10-07 09:53:31,000 INFO o.a.j.t.JMeterThread: Thread started: GPSVirtuales-ThreadStarter 1-33
2026-10-07 09:53:31,000 INFO o.a.j.t.JMeterThread: Thread started: GPSVirtuales-ThreadStarter 1-32
2026-10-07 09:53:31,000 INFO o.a.j.t.JMeterThread: Thread started: GPSVirtuales-ThreadStarter 1-34
2026-10-07 09:53:31,000 INFO o.a.j.t.JMeterThread: Thread started: GPSVirtuales-ThreadStarter 1-35
2026-10-07 09:53:31,000 INFO o.a.j.t.JMeterThread: Thread started: GPSVirtuales-ThreadStarter 1-36
2026-10-07 09:53:31,001 INFO o.a.j.t.JMeterThread: Thread started: GPSVirtuales-ThreadStarter 1-37
2026-10-07 09:53:31,001 INFO o.a.j.t.JMeterThread: Thread started: GPSVirtuales-ThreadStarter 1-38
2026-10-07 09:53:31,001 INFO o.a.j.t.JMeterThread: Thread started: GPSVirtuales-ThreadStarter 1-40
2026-10-07 09:53:31,001 INFO o.a.j.t.JMeterThread: Thread started: GPSVirtuales-ThreadStarter 1-39
2026-10-07 09:53:31,002 INFO o.a.j.t.JMeterThread: Thread started: GPSVirtuales-ThreadStarter 1-41
2026-10-07 09:53:31,002 INFO o.a.j.t.JMeterThread: Thread started: GPSVirtuales-ThreadStarter 1-42
2026-10-07 09:53:31,002 INFO o.a.j.t.JMeterThread: Thread started: GPSVirtuales-ThreadStarter 1-43
2026-10-07 09:53:31,003 INFO o.a.j.t.JMeterThread: Thread started: GPSVirtuales-ThreadStarter 1-44
2026-10-07 09:53:31,003 INFO o.a.j.t.JMeterThread: Thread started: GPSVirtuales-ThreadStarter 1-45
2026-10-07 09:53:31,003 INFO o.a.j.t.JMeterThread: Thread started: GPSVirtuales-ThreadStarter 1-46
2026-10-07 09:53:31,003 INFO o.a.j.t.JMeterThread: Thread started: GPSVirtuales-ThreadStarter 1-47
2026-10-07 09:53:31,004 INFO o.a.j.t.JMeterThread: Thread started: GPSVirtuales-ThreadStarter 1-48
2026-10-07 09:53:31,004 INFO o.a.j.t.JMeterThread: Thread started: GPSVirtuales-ThreadStarter 1-49
2026-10-07 09:53:31,004 INFO o.a.j.t.JMeterThread: Thread started: GPSVirtuales-ThreadStarter 1-50
2026-10-07 09:53:31,279 WARN k.a.j.t.VariableThroughputTimer: No free threads available in current Thread Group GPSVirtuales, made 0 samples/s for expected rps 25.0 samples/s, increase your number of threads
2026-10-07 09:53:31,282 INFO o.a.j.p.h.s.HTTPHCAbstractImpl: Local host = MacBook-Pro-de-sistemas-2.local
2026-10-07 09:53:31,285 INFO o.a.j.p.h.s.HTTPHC4Impl: HTTP request retry count = 0
2026-10-07 09:53:38,960 INFO o.a.j.g.a.Start: Stopping test
2026-10-07 09:53:38,988 INFO c.b.j.t.c.ConcurrencyThreadStarter: Done supplying threads
2026-10-07 09:53:38,988 INFO o.a.j.t.JMeterThread: Stopping: GPSVirtuales-ThreadStarter 1-4
2026-10-07 09:53:38,988 INFO o.a.j.t.JMeterThread: Stopping: GPSVirtuales-ThreadStarter 1-38
2026-10-07 09:53:38,988 INFO o.a.j.t.JMeterThread: Stopping: GPSVirtuales-ThreadStarter 1-27
2026-10-07 09:53:38,989 INFO o.a.j.t.JMeterThread: Stopping: GPSVirtuales-ThreadStarter 1-18
2026-10-07 09:53:38,989 INFO o.a.j.t.JMeterThread: Stopping: GPSVirtuales-ThreadStarter 1-26
2026-10-07 09:53:38,989 INFO o.a.j.t.JMeterThread: Stopping: GPSVirtuales-ThreadStarter 1-1
2026-10-07 09:53:38,989 INFO o.a.j.t.JMeterThread: Stopping: GPSVirtuales-ThreadStarter 1-34
2026-10-07 09:53:38,989 INFO o.a.j.t.JMeterThread: Stopping: GPSVirtuales-ThreadStarter 1-29
2026-10-07 09:53:38,989 INFO o.a.j.t.JMeterThread: Stopping: GPSVirtuales-ThreadStarter 1-17
2026-10-07 09:53:38,989 INFO o.a.j.t.JMeterThread: Stopping: GPSVirtuales-ThreadStarter 1-22
2026-10-07 09:53:38,989 INFO o.a.j.t.JMeterThread: Stopping: GPSVirtuales-ThreadStarter 1-19
2026-10-07 09:53:38,989 INFO o.a.j.t.JMeterThread: Stopping: GPSVirtuales-ThreadStarter 1-49
2026-10-07 09:53:38,989 INFO o.a.j.t.JMeterThread: Stopping: GPSVirtuales-ThreadStarter 1-50
2026-10-07 09:53:38,989 INFO o.a.j.t.JMeterThread: Stopping: GPSVirtuales-ThreadStarter 1-28
2026-10-07 09:53:38,989 INFO o.a.j.t.JMeterThread: Stopping: GPSVirtuales-ThreadStarter 1-46
2026-10-07 09:53:38,989 INFO o.a.j.t.JMeterThread: Stopping: GPSVirtuales-ThreadStarter 1-40
2026-10-07 09:53:38,989 INFO o.a.j.t.JMeterThread: Stopping: GPSVirtuales-ThreadStarter 1-44
2026-10-07 09:53:38,989 INFO o.a.j.t.JMeterThread: Stopping: GPSVirtuales-ThreadStarter 1-12
2026-10-07 09:53:38,989 INFO o.a.j.t.JMeterThread: Stopping: GPSVirtuales-ThreadStarter 1-13
2026-10-07 09:53:38,989 INFO o.a.j.t.JMeterThread: Stopping: GPSVirtuales-ThreadStarter 1-5
2026-10-07 09:53:38,989 INFO o.a.j.t.JMeterThread: Stopping: GPSVirtuales-ThreadStarter 1-9
2026-10-07 09:53:38,989 INFO o.a.j.t.JMeterThread: Stopping: GPSVirtuales-ThreadStarter 1-6
2026-10-07 09:53:38,989 INFO o.a.j.t.JMeterThread: Stopping: GPSVirtuales-ThreadStarter 1-45
2026-10-07 09:53:38,989 INFO o.a.j.t.JMeterThread: Stopping: GPSVirtuales-ThreadStarter 1-21
2026-10-07 09:53:38,989 INFO o.a.j.t.JMeterThread: Stopping: GPSVirtuales-ThreadStarter 1-37
2026-10-07 09:53:38,989 INFO o.a.j.t.JMeterThread: Stopping: GPSVirtuales-ThreadStarter 1-3
2026-10-07 09:53:38,989 INFO o.a.j.t.JMeterThread: Stopping: GPSVirtuales-ThreadStarter 1-8
2026-10-07 09:53:38,989 INFO o.a.j.t.JMeterThread: Stopping: GPSVirtuales-ThreadStarter 1-41
2026-10-07 09:53:38,989 INFO o.a.j.t.JMeterThread: Stopping: GPSVirtuales-ThreadStarter 1-7
2026-10-07 09:53:38,989 INFO o.a.j.t.JMeterThread: Stopping: GPSVirtuales-ThreadStarter 1-24
2026-10-07 09:53:38,990 INFO o.a.j.t.JMeterThread: Stopping: GPSVirtuales-ThreadStarter 1-35
2026-10-07 09:53:38,990 INFO o.a.j.t.JMeterThread: Stopping: GPSVirtuales-ThreadStarter 1-42
2026-10-07 09:53:38,990 INFO o.a.j.t.JMeterThread: Stopping: GPSVirtuales-ThreadStarter 1-14
2026-10-07 09:53:38,990 INFO o.a.j.t.JMeterThread: Stopping: GPSVirtuales-ThreadStarter 1-31
2026-10-07 09:53:38,990 INFO o.a.j.t.JMeterThread: Stopping: GPSVirtuales-ThreadStarter 1-43
2026-10-07 09:53:38,990 INFO o.a.j.t.JMeterThread: Stopping: GPSVirtuales-ThreadStarter 1-48
2026-10-07 09:53:38,990 INFO o.a.j.t.JMeterThread: Stopping: GPSVirtuales-ThreadStarter 1-15
2026-10-07 09:53:38,990 INFO o.a.j.t.JMeterThread: Stopping: GPSVirtuales-ThreadStarter 1-30
2026-10-07 09:53:38,990 INFO o.a.j.t.JMeterThread: Stopping: GPSVirtuales-ThreadStarter 1-25
2026-10-07 09:53:38,990 INFO o.a.j.t.JMeterThread: Stopping: GPSVirtuales-ThreadStarter 1-10
2026-10-07 09:53:38,990 INFO o.a.j.t.JMeterThread: Stopping: GPSVirtuales-ThreadStarter 1-47
2026-10-07 09:53:38,990 INFO o.a.j.t.JMeterThread: Stopping: GPSVirtuales-ThreadStarter 1-39
2026-10-07 09:53:38,990 INFO o.a.j.t.JMeterThread: Stopping: GPSVirtuales-ThreadStarter 1-16
2026-10-07 09:53:38,990 INFO o.a.j.t.JMeterThread: Stopping: GPSVirtuales-ThreadStarter 1-20
2026-10-07 09:53:38,990 INFO o.a.j.t.JMeterThread: Stopping: GPSVirtuales-ThreadStarter 1-23
2026-10-07 09:53:38,990 INFO o.a.j.t.JMeterThread: Stopping: GPSVirtuales-ThreadStarter 1-11
2026-10-07 09:53:38,990 INFO o.a.j.t.JMeterThread: Stopping: GPSVirtuales-ThreadStarter 1-32
2026-10-07 09:53:38,990 INFO o.a.j.t.JMeterThread: Stopping: GPSVirtuales-ThreadStarter 1-2
2026-10-07 09:53:38,990 INFO o.a.j.t.JMeterThread: Stopping: GPSVirtuales-ThreadStarter 1-33
2026-10-07 09:53:38,990 INFO o.a.j.t.JMeterThread: Stopping: GPSVirtuales-ThreadStarter 1-36
2026-10-07 09:53:39,017 INFO o.a.j.t.JMeterThread: Thread is done: GPSVirtuales-ThreadStarter 1-39
2026-10-07 09:53:39,017 INFO o.a.j.t.JMeterThread: Thread finished: GPSVirtuales-ThreadStarter 1-39
2026-10-07 09:53:39,095 INFO o.a.j.t.JMeterThread: Thread is done: GPSVirtuales-ThreadStarter 1-28
2026-10-07 09:53:39,095 INFO o.a.j.t.JMeterThread: Thread is done: GPSVirtuales-ThreadStarter 1-40
2026-10-07 09:53:39,095 INFO o.a.j.t.JMeterThread: Thread finished: GPSVirtuales-ThreadStarter 1-28
2026-10-07 09:53:39,095 INFO o.a.j.t.JMeterThread: Thread finished: GPSVirtuales-ThreadStarter 1-40
2026-10-07 09:53:39,180 INFO o.a.j.t.JMeterThread: Thread is done: GPSVirtuales-ThreadStarter 1-27
2026-10-07 09:53:39,180 INFO o.a.j.t.JMeterThread: Thread is done: GPSVirtuales-ThreadStarter 1-46
2026-10-07 09:53:39,180 INFO o.a.j.t.JMeterThread: Thread finished: GPSVirtuales-ThreadStarter 1-27
2026-10-07 09:53:39,180 INFO o.a.j.t.JMeterThread: Thread finished: GPSVirtuales-ThreadStarter 1-46
2026-10-07 09:53:39,271 INFO o.a.j.t.JMeterThread: Thread is done: GPSVirtuales-ThreadStarter 1-26
2026-10-07 09:53:39,271 INFO o.a.j.t.JMeterThread: Thread is done: GPSVirtuales-ThreadStarter 1-24
2026-10-07 09:53:39,271 INFO o.a.j.t.JMeterThread: Thread finished: GPSVirtuales-ThreadStarter 1-26
2026-10-07 09:53:39,271 INFO o.a.j.t.JMeterThread: Thread finished: GPSVirtuales-ThreadStarter 1-24
2026-10-07 09:53:39,351 INFO o.a.j.t.JMeterThread: Thread is done: GPSVirtuales-ThreadStarter 1-45
2026-10-07 09:53:39,351 INFO o.a.j.t.JMeterThread: Thread is done: GPSVirtuales-ThreadStarter 1-33
2026-10-07 09:53:39,351 INFO o.a.j.t.JMeterThread: Thread finished: GPSVirtuales-ThreadStarter 1-45
2026-10-07 09:53:39,351 INFO o.a.j.t.JMeterThread: Thread finished: GPSVirtuales-ThreadStarter 1-33
2026-10-07 09:53:39,471 INFO o.a.j.t.JMeterThread: Thread is done: GPSVirtuales-ThreadStarter 1-2
2026-10-07 09:53:39,471 INFO o.a.j.t.JMeterThread: Thread is done: GPSVirtuales-ThreadStarter 1-15
2026-10-07 09:53:39,471 INFO o.a.j.t.JMeterThread: Thread is done: GPSVirtuales-ThreadStarter 1-34
2026-10-07 09:53:39,472 INFO o.a.j.t.JMeterThread: Thread finished: GPSVirtuales-ThreadStarter 1-2
2026-10-07 09:53:39,472 INFO o.a.j.t.JMeterThread: Thread finished: GPSVirtuales-ThreadStarter 1-34
2026-10-07 09:53:39,472 INFO o.a.j.t.JMeterThread: Thread finished: GPSVirtuales-ThreadStarter 1-15
2026-10-07 09:53:39,633 INFO o.a.j.t.JMeterThread: Thread is done: GPSVirtuales-ThreadStarter 1-23
2026-10-07 09:53:39,633 INFO o.a.j.t.JMeterThread: Thread is done: GPSVirtuales-ThreadStarter 1-42
2026-10-07 09:53:39,633 INFO o.a.j.t.JMeterThread: Thread is done: GPSVirtuales-ThreadStarter 1-12
2026-10-07 09:53:39,633 INFO o.a.j.t.JMeterThread: Thread is done: GPSVirtuales-ThreadStarter 1-19
2026-10-07 09:53:39,633 INFO o.a.j.t.JMeterThread: Thread finished: GPSVirtuales-ThreadStarter 1-23
2026-10-07 09:53:39,633 INFO o.a.j.t.JMeterThread: Thread finished: GPSVirtuales-ThreadStarter 1-12
2026-10-07 09:53:39,633 INFO o.a.j.t.JMeterThread: Thread finished: GPSVirtuales-ThreadStarter 1-42
2026-10-07 09:53:39,633 INFO o.a.j.t.JMeterThread: Thread finished: GPSVirtuales-ThreadStarter 1-19
2026-10-07 09:53:40,113 INFO o.a.j.t.JMeterThread: Thread is done: GPSVirtuales-ThreadStarter 1-22
2026-10-07 09:53:40,113 INFO o.a.j.t.JMeterThread: Thread is done: GPSVirtuales-ThreadStarter 1-41
2026-10-07 09:53:40,113 INFO o.a.j.t.JMeterThread: Thread is done: GPSVirtuales-ThreadStarter 1-48
2026-10-07 09:53:40,113 INFO o.a.j.t.JMeterThread: Thread finished: GPSVirtuales-ThreadStarter 1-22
2026-10-07 09:53:40,113 INFO o.a.j.t.JMeterThread: Thread finished: GPSVirtuales-ThreadStarter 1-48
2026-10-07 09:53:40,113 INFO o.a.j.t.JMeterThread: Thread finished: GPSVirtuales-ThreadStarter 1-41
2026-10-07 09:53:40,230 INFO o.a.j.t.JMeterThread: Thread is done: GPSVirtuales-ThreadStarter 1-47
2026-10-07 09:53:40,230 INFO o.a.j.t.JMeterThread: Thread is done: GPSVirtuales-ThreadStarter 1-21
2026-10-07 09:53:40,230 INFO o.a.j.t.JMeterThread: Thread is done: GPSVirtuales-ThreadStarter 1-8
2026-10-07 09:53:40,231 INFO o.a.j.t.JMeterThread: Thread finished: GPSVirtuales-ThreadStarter 1-21
2026-10-07 09:53:40,231 INFO o.a.j.t.JMeterThread: Thread finished: GPSVirtuales-ThreadStarter 1-47
2026-10-07 09:53:40,231 INFO o.a.j.t.JMeterThread: Thread finished: GPSVirtuales-ThreadStarter 1-8
2026-10-07 09:53:40,355 INFO o.a.j.t.JMeterThread: Thread is done: GPSVirtuales-ThreadStarter 1-25
2026-10-07 09:53:40,355 INFO o.a.j.t.JMeterThread: Thread is done: GPSVirtuales-ThreadStarter 1-43
2026-10-07 09:53:40,355 INFO o.a.j.t.JMeterThread: Thread is done: GPSVirtuales-ThreadStarter 1-4
2026-10-07 09:53:40,356 INFO o.a.j.t.JMeterThread: Thread finished: GPSVirtuales-ThreadStarter 1-4
2026-10-07 09:53:40,356 INFO o.a.j.t.JMeterThread: Thread finished: GPSVirtuales-ThreadStarter 1-43
2026-10-07 09:53:40,356 INFO o.a.j.t.JMeterThread: Thread finished: GPSVirtuales-ThreadStarter 1-25
2026-10-07 09:53:40,357 INFO o.a.j.e.StandardJMeterEngine: Notifying test listeners of end of test
2026-10-07 09:53:40,357 INFO o.a.j.s.FileServer: Close: /Users/carlos.jimenez/Documents/carga/traccar-gps/datos_positions_user_carlos.csv
2026-10-07 09:53:40,364 INFO o.a.j.g.u.JMeterMenuBar: setRunning(false, *local*)
2026-10-07 09:53:40,475 INFO o.a.j.t.JMeterThread: Thread is done: GPSVirtuales-ThreadStarter 1-35
2026-10-07 09:53:40,475 INFO o.a.j.t.JMeterThread: Thread is done: GPSVirtuales-ThreadStarter 1-1
2026-10-07 09:53:40,475 INFO o.a.j.t.JMeterThread: Thread is done: GPSVirtuales-ThreadStarter 1-7
2026-10-07 09:53:40,475 INFO o.a.j.t.JMeterThread: Thread finished: GPSVirtuales-ThreadStarter 1-35
2026-10-07 09:53:40,475 INFO o.a.j.t.JMeterThread: Thread finished: GPSVirtuales-ThreadStarter 1-7
2026-10-07 09:53:40,475 INFO o.a.j.t.JMeterThread: Thread finished: GPSVirtuales-ThreadStarter 1-1
2026-10-07 09:53:40,591 INFO o.a.j.t.JMeterThread: Thread is done: GPSVirtuales-ThreadStarter 1-20
2026-10-07 09:53:40,591 INFO o.a.j.t.JMeterThread: Thread is done: GPSVirtuales-ThreadStarter 1-38
2026-10-07 09:53:40,591 INFO o.a.j.t.JMeterThread: Thread is done: GPSVirtuales-ThreadStarter 1-49
2026-10-07 09:53:40,591 INFO o.a.j.t.JMeterThread: Thread finished: GPSVirtuales-ThreadStarter 1-38
2026-10-07 09:53:40,591 INFO o.a.j.t.JMeterThread: Thread finished: GPSVirtuales-ThreadStarter 1-20
2026-10-07 09:53:40,591 INFO o.a.j.t.JMeterThread: Thread finished: GPSVirtuales-ThreadStarter 1-49
2026-10-07 09:53:40,691 INFO o.a.j.t.JMeterThread: Thread is done: GPSVirtuales-ThreadStarter 1-16
2026-10-07 09:53:40,691 INFO o.a.j.t.JMeterThread: Thread is done: GPSVirtuales-ThreadStarter 1-13
2026-10-07 09:53:40,691 INFO o.a.j.t.JMeterThread: Thread is done: GPSVirtuales-ThreadStarter 1-9
2026-10-07 09:53:40,691 INFO o.a.j.t.JMeterThread: Thread finished: GPSVirtuales-ThreadStarter 1-16
2026-10-07 09:53:40,691 INFO o.a.j.t.JMeterThread: Thread finished: GPSVirtuales-ThreadStarter 1-13
2026-10-07 09:53:40,691 INFO o.a.j.t.JMeterThread: Thread finished: GPSVirtuales-ThreadStarter 1-9
2026-10-07 09:53:40,820 INFO o.a.j.t.JMeterThread: Thread is done: GPSVirtuales-ThreadStarter 1-3
2026-10-07 09:53:40,820 INFO o.a.j.t.JMeterThread: Thread is done: GPSVirtuales-ThreadStarter 1-18
2026-10-07 09:53:40,820 INFO o.a.j.t.JMeterThread: Thread is done: GPSVirtuales-ThreadStarter 1-17
2026-10-07 09:53:40,820 INFO o.a.j.t.JMeterThread: Thread finished: GPSVirtuales-ThreadStarter 1-3
2026-10-07 09:53:40,820 INFO o.a.j.t.JMeterThread: Thread finished: GPSVirtuales-ThreadStarter 1-17
2026-10-07 09:53:40,820 INFO o.a.j.t.JMeterThread: Thread finished: GPSVirtuales-ThreadStarter 1-18
2026-10-07 09:53:40,986 INFO o.a.j.t.JMeterThread: Thread is done: GPSVirtuales-ThreadStarter 1-29
2026-10-07 09:53:40,986 INFO o.a.j.t.JMeterThread: Thread is done: GPSVirtuales-ThreadStarter 1-44
2026-10-07 09:53:40,986 INFO o.a.j.t.JMeterThread: Thread is done: GPSVirtuales-ThreadStarter 1-32
2026-10-07 09:53:40,986 INFO o.a.j.t.JMeterThread: Thread is done: GPSVirtuales-ThreadStarter 1-10
2026-10-07 09:53:40,987 INFO o.a.j.t.JMeterThread: Thread finished: GPSVirtuales-ThreadStarter 1-29
2026-10-07 09:53:40,987 INFO o.a.j.t.JMeterThread: Thread finished: GPSVirtuales-ThreadStarter 1-10
2026-10-07 09:53:40,987 INFO o.a.j.t.JMeterThread: Thread finished: GPSVirtuales-ThreadStarter 1-32
2026-10-07 09:53:40,987 INFO o.a.j.t.JMeterThread: Thread finished: GPSVirtuales-ThreadStarter 1-44
2026-10-07 09:53:41,337 INFO o.a.j.t.JMeterThread: Thread is done: GPSVirtuales-ThreadStarter 1-6
2026-10-07 09:53:41,338 INFO o.a.j.t.JMeterThread: Thread is done: GPSVirtuales-ThreadStarter 1-37
2026-10-07 09:53:41,338 INFO o.a.j.t.JMeterThread: Thread is done: GPSVirtuales-ThreadStarter 1-5
2026-10-07 09:53:41,337 INFO o.a.j.t.JMeterThread: Thread is done: GPSVirtuales-ThreadStarter 1-36
2026-10-07 09:53:41,337 INFO o.a.j.t.JMeterThread: Thread is done: GPSVirtuales-ThreadStarter 1-14
2026-10-07 09:53:41,337 INFO o.a.j.t.JMeterThread: Thread is done: GPSVirtuales-ThreadStarter 1-11
2026-10-07 09:53:41,337 INFO o.a.j.t.JMeterThread: Thread is done: GPSVirtuales-ThreadStarter 1-31
2026-10-07 09:53:41,338 INFO o.a.j.t.JMeterThread: Thread is done: GPSVirtuales-ThreadStarter 1-50
2026-10-07 09:53:41,338 INFO o.a.j.t.JMeterThread: Thread finished: GPSVirtuales-ThreadStarter 1-31
2026-10-07 09:53:41,338 INFO o.a.j.t.JMeterThread: Thread finished: GPSVirtuales-ThreadStarter 1-11
2026-10-07 09:53:41,338 INFO o.a.j.t.JMeterThread: Thread finished: GPSVirtuales-ThreadStarter 1-50
2026-10-07 09:53:41,338 INFO o.a.j.t.JMeterThread: Thread finished: GPSVirtuales-ThreadStarter 1-37
2026-10-07 09:53:41,338 INFO o.a.j.t.JMeterThread: Thread finished: GPSVirtuales-ThreadStarter 1-14
2026-10-07 09:53:41,338 INFO o.a.j.t.JMeterThread: Thread finished: GPSVirtuales-ThreadStarter 1-36
2026-10-07 09:53:41,338 INFO o.a.j.t.JMeterThread: Thread finished: GPSVirtuales-ThreadStarter 1-6
2026-10-07 09:53:41,338 INFO o.a.j.t.JMeterThread: Thread finished: GPSVirtuales-ThreadStarter 1-5
2026-10-07 09:53:41,337 INFO o.a.j.t.JMeterThread: Thread is done: GPSVirtuales-ThreadStarter 1-30
2026-10-07 09:53:41,339 INFO o.a.j.t.JMeterThread: Thread finished: GPSVirtuales-ThreadStarter 1-30
2026-10-07 09:55:28,973 INFO o.a.j.e.StandardJMeterEngine: Running the test!
2026-10-07 09:55:28,974 INFO o.a.j.s.SampleEvent: List of sample_variables: []
2026-10-07 09:55:28,976 WARN o.a.j.r.ResultCollector: Error creating directories for /Users/familia/Documents/IT4ALL/Test/WARENA/Referencia
2026-10-07 09:55:28,978 WARN o.a.j.r.ResultCollector: Error creating directories for /Users/familia/Documents/IT4ALL/Test/WARENA/Referencia
2026-10-07 09:55:28,978 INFO o.a.j.g.u.JMeterMenuBar: setRunning(true, *local*)
2026-10-07 09:55:29,016 INFO o.a.j.e.StandardJMeterEngine: Starting ThreadGroup: 1 : GPSVirtuales
2026-10-07 09:55:29,016 INFO o.a.j.e.StandardJMeterEngine: Starting 50 threads for group GPSVirtuales.
2026-10-07 09:55:29,016 INFO o.a.j.e.StandardJMeterEngine: Thread will continue on error
2026-10-07 09:55:29,016 INFO o.a.j.e.StandardJMeterEngine: All thread groups have been started
2026-10-07 09:55:29,016 INFO c.b.j.t.c.ConcurrencyThreadStarter: Start supplying threads
2026-10-07 09:55:29,017 INFO o.a.j.t.JMeterThread: Thread started: GPSVirtuales-ThreadStarter 1-1
2026-10-07 09:55:29,017 INFO o.a.j.t.JMeterThread: Thread started: GPSVirtuales-ThreadStarter 1-2
2026-10-07 09:55:29,017 INFO o.a.j.s.FileServer: Stored: /Users/carlos.jimenez/Documents/carga/traccar-gps/datos_positions_user_carlos.csv
2026-10-07 09:55:29,018 INFO o.a.j.t.JMeterThread: Thread started: GPSVirtuales-ThreadStarter 1-3
2026-10-07 09:55:29,018 INFO o.a.j.t.JMeterThread: Thread started: GPSVirtuales-ThreadStarter 1-4
2026-10-07 09:55:29,018 INFO o.a.j.t.JMeterThread: Thread started: GPSVirtuales-ThreadStarter 1-5
2026-10-07 09:55:29,019 INFO o.a.j.t.JMeterThread: Thread started: GPSVirtuales-ThreadStarter 1-7
2026-10-07 09:55:29,019 INFO o.a.j.t.JMeterThread: Thread started: GPSVirtuales-ThreadStarter 1-6
2026-10-07 09:55:29,019 INFO o.a.j.t.JMeterThread: Thread started: GPSVirtuales-ThreadStarter 1-8
2026-10-07 09:55:29,020 INFO o.a.j.t.JMeterThread: Thread started: GPSVirtuales-ThreadStarter 1-9
2026-10-07 09:55:29,020 INFO o.a.j.t.JMeterThread: Thread started: GPSVirtuales-ThreadStarter 1-10
2026-10-07 09:55:29,020 INFO o.a.j.t.JMeterThread: Thread started: GPSVirtuales-ThreadStarter 1-11
2026-10-07 09:55:29,020 INFO o.a.j.t.JMeterThread: Thread started: GPSVirtuales-ThreadStarter 1-12
2026-10-07 09:55:29,021 INFO o.a.j.t.JMeterThread: Thread started: GPSVirtuales-ThreadStarter 1-13
2026-10-07 09:55:29,021 INFO o.a.j.t.JMeterThread: Thread started: GPSVirtuales-ThreadStarter 1-14
2026-10-07 09:55:29,021 INFO o.a.j.t.JMeterThread: Thread started: GPSVirtuales-ThreadStarter 1-15
2026-10-07 09:55:29,021 INFO o.a.j.t.JMeterThread: Thread started: GPSVirtuales-ThreadStarter 1-16
2026-10-07 09:55:29,022 INFO o.a.j.t.JMeterThread: Thread started: GPSVirtuales-ThreadStarter 1-17
2026-10-07 09:55:29,022 INFO o.a.j.t.JMeterThread: Thread started: GPSVirtuales-ThreadStarter 1-18
2026-10-07 09:55:29,022 INFO o.a.j.t.JMeterThread: Thread started: GPSVirtuales-ThreadStarter 1-19
2026-10-07 09:55:29,023 INFO o.a.j.t.JMeterThread: Thread started: GPSVirtuales-ThreadStarter 1-20
2026-10-07 09:55:29,023 INFO o.a.j.t.JMeterThread: Thread started: GPSVirtuales-ThreadStarter 1-21
2026-10-07 09:55:29,023 INFO o.a.j.t.JMeterThread: Thread started: GPSVirtuales-ThreadStarter 1-22
2026-10-07 09:55:29,023 INFO o.a.j.t.JMeterThread: Thread started: GPSVirtuales-ThreadStarter 1-23
2026-10-07 09:55:29,023 INFO o.a.j.t.JMeterThread: Thread started: GPSVirtuales-ThreadStarter 1-24
2026-10-07 09:55:29,024 INFO o.a.j.t.JMeterThread: Thread started: GPSVirtuales-ThreadStarter 1-25
2026-10-07 09:55:29,024 INFO o.a.j.t.JMeterThread: Thread started: GPSVirtuales-ThreadStarter 1-26
2026-10-07 09:55:29,024 INFO o.a.j.t.JMeterThread: Thread started: GPSVirtuales-ThreadStarter 1-27
2026-10-07 09:55:29,024 INFO o.a.j.t.JMeterThread: Thread started: GPSVirtuales-ThreadStarter 1-28
2026-10-07 09:55:29,025 INFO o.a.j.t.JMeterThread: Thread started: GPSVirtuales-ThreadStarter 1-29
2026-10-07 09:55:29,025 INFO o.a.j.t.JMeterThread: Thread started: GPSVirtuales-ThreadStarter 1-30
2026-10-07 09:55:29,025 INFO o.a.j.t.JMeterThread: Thread started: GPSVirtuales-ThreadStarter 1-31
2026-10-07 09:55:29,025 INFO o.a.j.t.JMeterThread: Thread started: GPSVirtuales-ThreadStarter 1-32
2026-10-07 09:55:29,026 INFO o.a.j.t.JMeterThread: Thread started: GPSVirtuales-ThreadStarter 1-33
2026-10-07 09:55:29,026 INFO o.a.j.t.JMeterThread: Thread started: GPSVirtuales-ThreadStarter 1-34
2026-10-07 09:55:29,027 INFO o.a.j.t.JMeterThread: Thread started: GPSVirtuales-ThreadStarter 1-35
2026-10-07 09:55:29,027 INFO o.a.j.t.JMeterThread: Thread started: GPSVirtuales-ThreadStarter 1-36
2026-10-07 09:55:29,027 INFO o.a.j.t.JMeterThread: Thread started: GPSVirtuales-ThreadStarter 1-37
2026-10-07 09:55:29,027 INFO o.a.j.t.JMeterThread: Thread started: GPSVirtuales-ThreadStarter 1-38
2026-10-07 09:55:29,027 INFO o.a.j.t.JMeterThread: Thread started: GPSVirtuales-ThreadStarter 1-39
2026-10-07 09:55:29,028 INFO o.a.j.t.JMeterThread: Thread started: GPSVirtuales-ThreadStarter 1-40
2026-10-07 09:55:29,028 INFO o.a.j.t.JMeterThread: Thread started: GPSVirtuales-ThreadStarter 1-41
2026-10-07 09:55:29,028 INFO o.a.j.t.JMeterThread: Thread started: GPSVirtuales-ThreadStarter 1-42
2026-10-07 09:55:29,028 INFO o.a.j.t.JMeterThread: Thread started: GPSVirtuales-ThreadStarter 1-43
2026-10-07 09:55:29,028 INFO o.a.j.t.JMeterThread: Thread started: GPSVirtuales-ThreadStarter 1-44
2026-10-07 09:55:29,029 INFO o.a.j.t.JMeterThread: Thread started: GPSVirtuales-ThreadStarter 1-45
2026-10-07 09:55:29,029 INFO o.a.j.t.JMeterThread: Thread started: GPSVirtuales-ThreadStarter 1-46
2026-10-07 09:55:29,029 INFO o.a.j.t.JMeterThread: Thread started: GPSVirtuales-ThreadStarter 1-47
2026-10-07 09:55:29,030 INFO o.a.j.t.JMeterThread: Thread started: GPSVirtuales-ThreadStarter 1-48
2026-10-07 09:55:29,030 INFO o.a.j.t.JMeterThread: Thread started: GPSVirtuales-ThreadStarter 1-49
2026-10-07 09:55:29,030 INFO o.a.j.t.JMeterThread: Thread started: GPSVirtuales-ThreadStarter 1-50
2026-10-07 09:55:29,035 WARN k.a.j.t.VariableThroughputTimer: No free threads available in current Thread Group GPSVirtuales, made 0 samples/s for expected rps 25.0 samples/s, increase your number of threads
2026-10-07 09:56:23,715 INFO o.a.j.g.a.Start: Stopping test
2026-10-07 09:56:23,728 INFO c.b.j.t.c.ConcurrencyThreadStarter: Done supplying threads
2026-10-07 09:56:23,728 INFO o.a.j.t.JMeterThread: Stopping: GPSVirtuales-ThreadStarter 1-18
2026-10-07 09:56:23,728 INFO o.a.j.t.JMeterThread: Stopping: GPSVirtuales-ThreadStarter 1-40
2026-10-07 09:56:23,728 INFO o.a.j.t.JMeterThread: Stopping: GPSVirtuales-ThreadStarter 1-49
2026-10-07 09:56:23,728 INFO o.a.j.t.JMeterThread: Stopping: GPSVirtuales-ThreadStarter 1-17
2026-10-07 09:56:23,728 INFO o.a.j.t.JMeterThread: Stopping: GPSVirtuales-ThreadStarter 1-1
2026-10-07 09:56:23,728 INFO o.a.j.t.JMeterThread: Stopping: GPSVirtuales-ThreadStarter 1-13
2026-10-07 09:56:23,728 INFO o.a.j.t.JMeterThread: Stopping: GPSVirtuales-ThreadStarter 1-5
2026-10-07 09:56:23,728 INFO o.a.j.t.JMeterThread: Stopping: GPSVirtuales-ThreadStarter 1-11
2026-10-07 09:56:23,728 INFO o.a.j.t.JMeterThread: Stopping: GPSVirtuales-ThreadStarter 1-34
2026-10-07 09:56:23,728 INFO o.a.j.t.JMeterThread: Stopping: GPSVirtuales-ThreadStarter 1-2
2026-10-07 09:56:23,728 WARN o.a.j.t.JMeterThread: Interrupting: GPSVirtuales-ThreadStarter 1-2 sampler: Set Positions
2026-10-07 09:56:23,730 INFO o.a.j.t.JMeterThread: Stopping: GPSVirtuales-ThreadStarter 1-16
2026-10-07 09:56:23,730 INFO o.a.j.t.JMeterThread: Stopping: GPSVirtuales-ThreadStarter 1-33
2026-10-07 09:56:23,730 INFO o.a.j.t.JMeterThread: Stopping: GPSVirtuales-ThreadStarter 1-23
2026-10-07 09:56:23,730 INFO o.a.j.t.JMeterThread: Stopping: GPSVirtuales-ThreadStarter 1-50
2026-10-07 09:56:23,730 INFO o.a.j.t.JMeterThread: Stopping: GPSVirtuales-ThreadStarter 1-48
2026-10-07 09:56:23,730 INFO o.a.j.t.JMeterThread: Stopping: GPSVirtuales-ThreadStarter 1-36
2026-10-07 09:56:23,730 INFO o.a.j.t.JMeterThread: Stopping: GPSVirtuales-ThreadStarter 1-7
2026-10-07 09:56:23,730 INFO o.a.j.t.JMeterThread: Stopping: GPSVirtuales-ThreadStarter 1-8
2026-10-07 09:56:23,730 INFO o.a.j.t.JMeterThread: Stopping: GPSVirtuales-ThreadStarter 1-3
2026-10-07 09:56:23,731 INFO o.a.j.t.JMeterThread: Stopping: GPSVirtuales-ThreadStarter 1-20
2026-10-07 09:56:23,731 INFO o.a.j.t.JMeterThread: Stopping: GPSVirtuales-ThreadStarter 1-6
2026-10-07 09:56:23,731 INFO o.a.j.t.JMeterThread: Stopping: GPSVirtuales-ThreadStarter 1-25
2026-10-07 09:56:23,731 INFO o.a.j.t.JMeterThread: Stopping: GPSVirtuales-ThreadStarter 1-44
2026-10-07 09:56:23,731 INFO o.a.j.t.JMeterThread: Stopping: GPSVirtuales-ThreadStarter 1-45
2026-10-07 09:56:23,731 INFO o.a.j.t.JMeterThread: Stopping: GPSVirtuales-ThreadStarter 1-4
2026-10-07 09:56:23,731 INFO o.a.j.t.JMeterThread: Stopping: GPSVirtuales-ThreadStarter 1-22
2026-10-07 09:56:23,731 INFO o.a.j.t.JMeterThread: Stopping: GPSVirtuales-ThreadStarter 1-43
2026-10-07 09:56:23,731 INFO o.a.j.t.JMeterThread: Stopping: GPSVirtuales-ThreadStarter 1-47
2026-10-07 09:56:23,731 INFO o.a.j.t.JMeterThread: Stopping: GPSVirtuales-ThreadStarter 1-28
2026-10-07 09:56:23,731 INFO o.a.j.t.JMeterThread: Stopping: GPSVirtuales-ThreadStarter 1-46
2026-10-07 09:56:23,731 WARN o.a.j.t.JMeterThread: Interrupting: GPSVirtuales-ThreadStarter 1-46 sampler: Set Positions
2026-10-07 09:56:23,731 INFO o.a.j.t.JMeterThread: Stopping: GPSVirtuales-ThreadStarter 1-39
2026-10-07 09:56:23,731 INFO o.a.j.t.JMeterThread: Stopping: GPSVirtuales-ThreadStarter 1-35
2026-10-07 09:56:23,731 INFO o.a.j.t.JMeterThread: Stopping: GPSVirtuales-ThreadStarter 1-31
2026-10-07 09:56:23,731 INFO o.a.j.t.JMeterThread: Stopping: GPSVirtuales-ThreadStarter 1-42
2026-10-07 09:56:23,731 INFO o.a.j.t.JMeterThread: Stopping: GPSVirtuales-ThreadStarter 1-32
2026-10-07 09:56:23,731 INFO o.a.j.t.JMeterThread: Stopping: GPSVirtuales-ThreadStarter 1-10
2026-10-07 09:56:23,731 INFO o.a.j.t.JMeterThread: Stopping: GPSVirtuales-ThreadStarter 1-29
2026-10-07 09:56:23,731 WARN o.a.j.t.JMeterThread: Interrupting: GPSVirtuales-ThreadStarter 1-29 sampler: Set Positions
2026-10-07 09:56:23,731 INFO o.a.j.t.JMeterThread: Stopping: GPSVirtuales-ThreadStarter 1-14
2026-10-07 09:56:23,731 INFO o.a.j.t.JMeterThread: Stopping: GPSVirtuales-ThreadStarter 1-24
2026-10-07 09:56:23,731 INFO o.a.j.t.JMeterThread: Stopping: GPSVirtuales-ThreadStarter 1-12
2026-10-07 09:56:23,731 INFO o.a.j.t.JMeterThread: Stopping: GPSVirtuales-ThreadStarter 1-41
2026-10-07 09:56:23,731 INFO o.a.j.t.JMeterThread: Stopping: GPSVirtuales-ThreadStarter 1-9
2026-10-07 09:56:23,731 INFO o.a.j.t.JMeterThread: Stopping: GPSVirtuales-ThreadStarter 1-27
2026-10-07 09:56:23,731 INFO o.a.j.t.JMeterThread: Stopping: GPSVirtuales-ThreadStarter 1-21
2026-10-07 09:56:23,731 INFO o.a.j.t.JMeterThread: Stopping: GPSVirtuales-ThreadStarter 1-37
2026-10-07 09:56:23,731 INFO o.a.j.t.JMeterThread: Stopping: GPSVirtuales-ThreadStarter 1-30
2026-10-07 09:56:23,731 INFO o.a.j.t.JMeterThread: Stopping: GPSVirtuales-ThreadStarter 1-15
2026-10-07 09:56:23,731 INFO o.a.j.t.JMeterThread: Stopping: GPSVirtuales-ThreadStarter 1-38
2026-10-07 09:56:23,731 INFO o.a.j.t.JMeterThread: Stopping: GPSVirtuales-ThreadStarter 1-26
2026-10-07 09:56:23,731 INFO o.a.j.t.JMeterThread: Stopping: GPSVirtuales-ThreadStarter 1-19
2026-10-07 09:56:23,731 WARN o.a.j.t.JMeterThread: Interrupting: GPSVirtuales-ThreadStarter 1-19 sampler: Set Positions
2026-10-07 09:56:23,741 INFO o.a.j.t.JMeterThread: Thread is done: GPSVirtuales-ThreadStarter 1-29
2026-10-07 09:56:23,741 INFO o.a.j.t.JMeterThread: Thread is done: GPSVirtuales-ThreadStarter 1-46
2026-10-07 09:56:23,741 INFO o.a.j.t.JMeterThread: Thread is done: GPSVirtuales-ThreadStarter 1-2
2026-10-07 09:56:23,741 INFO o.a.j.t.JMeterThread: Thread is done: GPSVirtuales-ThreadStarter 1-19
2026-10-07 09:56:23,742 INFO o.a.j.t.JMeterThread: Thread finished: GPSVirtuales-ThreadStarter 1-29
2026-10-07 09:56:23,742 INFO o.a.j.t.JMeterThread: Thread finished: GPSVirtuales-ThreadStarter 1-46
2026-10-07 09:56:23,742 INFO o.a.j.t.JMeterThread: Thread finished: GPSVirtuales-ThreadStarter 1-19
2026-10-07 09:56:23,742 INFO o.a.j.t.JMeterThread: Thread finished: GPSVirtuales-ThreadStarter 1-2
2026-10-07 09:56:23,851 INFO o.a.j.t.JMeterThread: Thread is done: GPSVirtuales-ThreadStarter 1-43
2026-10-07 09:56:23,851 INFO o.a.j.t.JMeterThread: Thread is done: GPSVirtuales-ThreadStarter 1-39
2026-10-07 09:56:23,851 INFO o.a.j.t.JMeterThread: Thread is done: GPSVirtuales-ThreadStarter 1-16
2026-10-07 09:56:23,851 INFO o.a.j.t.JMeterThread: Thread is done: GPSVirtuales-ThreadStarter 1-20
2026-10-07 09:56:23,851 INFO o.a.j.t.JMeterThread: Thread finished: GPSVirtuales-ThreadStarter 1-43
2026-10-07 09:56:23,851 INFO o.a.j.t.JMeterThread: Thread finished: GPSVirtuales-ThreadStarter 1-16
2026-10-07 09:56:23,851 INFO o.a.j.t.JMeterThread: Thread finished: GPSVirtuales-ThreadStarter 1-20
2026-10-07 09:56:23,851 INFO o.a.j.t.JMeterThread: Thread finished: GPSVirtuales-ThreadStarter 1-39
2026-10-07 09:56:24,005 INFO o.a.j.t.JMeterThread: Thread is done: GPSVirtuales-ThreadStarter 1-22
2026-10-07 09:56:24,005 INFO o.a.j.t.JMeterThread: Thread finished: GPSVirtuales-ThreadStarter 1-22
2026-10-07 09:56:24,096 INFO o.a.j.t.JMeterThread: Thread is done: GPSVirtuales-ThreadStarter 1-28
2026-10-07 09:56:24,096 INFO o.a.j.t.JMeterThread: Thread is done: GPSVirtuales-ThreadStarter 1-42
2026-10-07 09:56:24,096 INFO o.a.j.t.JMeterThread: Thread finished: GPSVirtuales-ThreadStarter 1-28
2026-10-07 09:56:24,096 INFO o.a.j.t.JMeterThread: Thread finished: GPSVirtuales-ThreadStarter 1-42
2026-10-07 09:56:24,168 INFO o.a.j.t.JMeterThread: Thread is done: GPSVirtuales-ThreadStarter 1-32
2026-10-07 09:56:24,168 INFO o.a.j.t.JMeterThread: Thread is done: GPSVirtuales-ThreadStarter 1-11
2026-10-07 09:56:24,168 INFO o.a.j.t.JMeterThread: Thread finished: GPSVirtuales-ThreadStarter 1-32
2026-10-07 09:56:24,168 INFO o.a.j.t.JMeterThread: Thread finished: GPSVirtuales-ThreadStarter 1-11
2026-10-07 09:56:24,248 INFO o.a.j.e.StandardJMeterEngine: Notifying test listeners of end of test
2026-10-07 09:56:24,248 INFO o.a.j.s.FileServer: Close: /Users/carlos.jimenez/Documents/carga/traccar-gps/datos_positions_user_carlos.csv
2026-10-07 09:56:24,249 INFO o.a.j.g.u.JMeterMenuBar: setRunning(false, *local*)
2026-10-07 09:56:24,296 INFO o.a.j.t.JMeterThread: Thread is done: GPSVirtuales-ThreadStarter 1-10
2026-10-07 09:56:24,296 INFO o.a.j.t.JMeterThread: Thread is done: GPSVirtuales-ThreadStarter 1-44
2026-10-07 09:56:24,296 INFO o.a.j.t.JMeterThread: Thread is done: GPSVirtuales-ThreadStarter 1-14
2026-10-07 09:56:24,296 INFO o.a.j.t.JMeterThread: Thread finished: GPSVirtuales-ThreadStarter 1-10
2026-10-07 09:56:24,296 INFO o.a.j.t.JMeterThread: Thread finished: GPSVirtuales-ThreadStarter 1-44
2026-10-07 09:56:24,296 INFO o.a.j.t.JMeterThread: Thread finished: GPSVirtuales-ThreadStarter 1-14
2026-10-07 09:56:24,452 INFO o.a.j.t.JMeterThread: Thread is done: GPSVirtuales-ThreadStarter 1-26
2026-10-07 09:56:24,452 INFO o.a.j.t.JMeterThread: Thread is done: GPSVirtuales-ThreadStarter 1-34
2026-10-07 09:56:24,452 INFO o.a.j.t.JMeterThread: Thread is done: GPSVirtuales-ThreadStarter 1-13
2026-10-07 09:56:24,452 INFO o.a.j.t.JMeterThread: Thread finished: GPSVirtuales-ThreadStarter 1-13
2026-10-07 09:56:24,452 INFO o.a.j.t.JMeterThread: Thread finished: GPSVirtuales-ThreadStarter 1-34
2026-10-07 09:56:24,452 INFO o.a.j.t.JMeterThread: Thread is done: GPSVirtuales-ThreadStarter 1-18
2026-10-07 09:56:24,453 INFO o.a.j.t.JMeterThread: Thread finished: GPSVirtuales-ThreadStarter 1-18
2026-10-07 09:56:24,453 INFO o.a.j.t.JMeterThread: Thread finished: GPSVirtuales-ThreadStarter 1-26
2026-10-07 09:56:24,609 INFO o.a.j.t.JMeterThread: Thread is done: GPSVirtuales-ThreadStarter 1-8
2026-10-07 09:56:24,609 INFO o.a.j.t.JMeterThread: Thread is done: GPSVirtuales-ThreadStarter 1-21
2026-10-07 09:56:24,609 INFO o.a.j.t.JMeterThread: Thread is done: GPSVirtuales-ThreadStarter 1-24
2026-10-07 09:56:24,609 INFO o.a.j.t.JMeterThread: Thread is done: GPSVirtuales-ThreadStarter 1-41
2026-10-07 09:56:24,609 INFO o.a.j.t.JMeterThread: Thread finished: GPSVirtuales-ThreadStarter 1-21
2026-10-07 09:56:24,609 INFO o.a.j.t.JMeterThread: Thread finished: GPSVirtuales-ThreadStarter 1-24
2026-10-07 09:56:24,609 INFO o.a.j.t.JMeterThread: Thread finished: GPSVirtuales-ThreadStarter 1-8
2026-10-07 09:56:24,609 INFO o.a.j.t.JMeterThread: Thread finished: GPSVirtuales-ThreadStarter 1-41
2026-10-07 09:56:24,806 INFO o.a.j.t.JMeterThread: Thread is done: GPSVirtuales-ThreadStarter 1-1
2026-10-07 09:56:24,806 INFO o.a.j.t.JMeterThread: Thread is done: GPSVirtuales-ThreadStarter 1-33
2026-10-07 09:56:24,806 INFO o.a.j.t.JMeterThread: Thread is done: GPSVirtuales-ThreadStarter 1-40
2026-10-07 09:56:24,806 INFO o.a.j.t.JMeterThread: Thread is done: GPSVirtuales-ThreadStarter 1-25
2026-10-07 09:56:24,806 INFO o.a.j.t.JMeterThread: Thread finished: GPSVirtuales-ThreadStarter 1-1
2026-10-07 09:56:24,806 INFO o.a.j.t.JMeterThread: Thread finished: GPSVirtuales-ThreadStarter 1-33
2026-10-07 09:56:24,806 INFO o.a.j.t.JMeterThread: Thread is done: GPSVirtuales-ThreadStarter 1-7
2026-10-07 09:56:24,806 INFO o.a.j.t.JMeterThread: Thread finished: GPSVirtuales-ThreadStarter 1-25
2026-10-07 09:56:24,806 INFO o.a.j.t.JMeterThread: Thread finished: GPSVirtuales-ThreadStarter 1-40
2026-10-07 09:56:24,806 INFO o.a.j.t.JMeterThread: Thread finished: GPSVirtuales-ThreadStarter 1-7
2026-10-07 09:56:25,050 INFO o.a.j.t.JMeterThread: Thread is done: GPSVirtuales-ThreadStarter 1-23
2026-10-07 09:56:25,050 INFO o.a.j.t.JMeterThread: Thread is done: GPSVirtuales-ThreadStarter 1-49
2026-10-07 09:56:25,050 INFO o.a.j.t.JMeterThread: Thread finished: GPSVirtuales-ThreadStarter 1-23
2026-10-07 09:56:25,050 INFO o.a.j.t.JMeterThread: Thread finished: GPSVirtuales-ThreadStarter 1-49
2026-10-07 09:56:25,194 INFO o.a.j.t.JMeterThread: Thread is done: GPSVirtuales-ThreadStarter 1-30
2026-10-07 09:56:25,194 INFO o.a.j.t.JMeterThread: Thread is done: GPSVirtuales-ThreadStarter 1-38
2026-10-07 09:56:25,194 INFO o.a.j.t.JMeterThread: Thread is done: GPSVirtuales-ThreadStarter 1-36
2026-10-07 09:56:25,194 INFO o.a.j.t.JMeterThread: Thread finished: GPSVirtuales-ThreadStarter 1-38
2026-10-07 09:56:25,194 INFO o.a.j.t.JMeterThread: Thread finished: GPSVirtuales-ThreadStarter 1-36
2026-10-07 09:56:25,194 INFO o.a.j.t.JMeterThread: Thread finished: GPSVirtuales-ThreadStarter 1-30
2026-10-07 09:56:25,350 INFO o.a.j.t.JMeterThread: Thread is done: GPSVirtuales-ThreadStarter 1-9
2026-10-07 09:56:25,350 INFO o.a.j.t.JMeterThread: Thread is done: GPSVirtuales-ThreadStarter 1-31
2026-10-07 09:56:25,350 INFO o.a.j.t.JMeterThread: Thread is done: GPSVirtuales-ThreadStarter 1-15
2026-10-07 09:56:25,350 INFO o.a.j.t.JMeterThread: Thread is done: GPSVirtuales-ThreadStarter 1-5
2026-10-07 09:56:25,350 INFO o.a.j.t.JMeterThread: Thread finished: GPSVirtuales-ThreadStarter 1-9
2026-10-07 09:56:25,350 INFO o.a.j.t.JMeterThread: Thread finished: GPSVirtuales-ThreadStarter 1-31
2026-10-07 09:56:25,350 INFO o.a.j.t.JMeterThread: Thread finished: GPSVirtuales-ThreadStarter 1-15
2026-10-07 09:56:25,350 INFO o.a.j.t.JMeterThread: Thread finished: GPSVirtuales-ThreadStarter 1-5
2026-10-07 09:56:25,535 INFO o.a.j.t.JMeterThread: Thread is done: GPSVirtuales-ThreadStarter 1-47
2026-10-07 09:56:25,535 INFO o.a.j.t.JMeterThread: Thread is done: GPSVirtuales-ThreadStarter 1-12
2026-10-07 09:56:25,535 INFO o.a.j.t.JMeterThread: Thread is done: GPSVirtuales-ThreadStarter 1-35
2026-10-07 09:56:25,535 INFO o.a.j.t.JMeterThread: Thread is done: GPSVirtuales-ThreadStarter 1-37
2026-10-07 09:56:25,535 INFO o.a.j.t.JMeterThread: Thread finished: GPSVirtuales-ThreadStarter 1-47
2026-10-07 09:56:25,535 INFO o.a.j.t.JMeterThread: Thread is done: GPSVirtuales-ThreadStarter 1-45
2026-10-07 09:56:25,535 INFO o.a.j.t.JMeterThread: Thread finished: GPSVirtuales-ThreadStarter 1-12
2026-10-07 09:56:25,535 INFO o.a.j.t.JMeterThread: Thread finished: GPSVirtuales-ThreadStarter 1-35
2026-10-07 09:56:25,535 INFO o.a.j.t.JMeterThread: Thread finished: GPSVirtuales-ThreadStarter 1-45
2026-10-07 09:56:25,535 INFO o.a.j.t.JMeterThread: Thread finished: GPSVirtuales-ThreadStarter 1-37
2026-10-07 09:56:25,652 INFO o.a.j.t.JMeterThread: Thread is done: GPSVirtuales-ThreadStarter 1-4
2026-10-07 09:56:25,652 INFO o.a.j.t.JMeterThread: Thread is done: GPSVirtuales-ThreadStarter 1-27
2026-10-07 09:56:25,652 INFO o.a.j.t.JMeterThread: Thread is done: GPSVirtuales-ThreadStarter 1-50
2026-10-07 09:56:25,653 INFO o.a.j.t.JMeterThread: Thread finished: GPSVirtuales-ThreadStarter 1-4
2026-10-07 09:56:25,653 INFO o.a.j.t.JMeterThread: Thread finished: GPSVirtuales-ThreadStarter 1-50
2026-10-07 09:56:25,653 INFO o.a.j.t.JMeterThread: Thread finished: GPSVirtuales-ThreadStarter 1-27
2026-10-07 09:56:25,818 INFO o.a.j.t.JMeterThread: Thread is done: GPSVirtuales-ThreadStarter 1-48
2026-10-07 09:56:25,818 INFO o.a.j.t.JMeterThread: Thread is done: GPSVirtuales-ThreadStarter 1-6
2026-10-07 09:56:25,818 INFO o.a.j.t.JMeterThread: Thread is done: GPSVirtuales-ThreadStarter 1-3
2026-10-07 09:56:25,818 INFO o.a.j.t.JMeterThread: Thread finished: GPSVirtuales-ThreadStarter 1-48
2026-10-07 09:56:25,818 INFO o.a.j.t.JMeterThread: Thread is done: GPSVirtuales-ThreadStarter 1-17
2026-10-07 09:56:25,818 INFO o.a.j.t.JMeterThread: Thread finished: GPSVirtuales-ThreadStarter 1-3
2026-10-07 09:56:25,818 INFO o.a.j.t.JMeterThread: Thread finished: GPSVirtuales-ThreadStarter 1-6
2026-10-07 09:56:25,818 INFO o.a.j.t.JMeterThread: Thread finished: GPSVirtuales-ThreadStarter 1-17
2026-10-07 14:41:29,512 INFO o.a.j.e.StandardJMeterEngine: Running the test!
2026-10-07 14:41:29,516 INFO o.a.j.s.SampleEvent: List of sample_variables: []
2026-10-07 14:41:29,521 WARN o.a.j.r.ResultCollector: Error creating directories for /Users/familia/Documents/IT4ALL/Test/WARENA/Referencia
2026-10-07 14:41:29,529 WARN o.a.j.r.ResultCollector: Error creating directories for /Users/familia/Documents/IT4ALL/Test/WARENA/Referencia
2026-10-07 14:41:29,531 INFO o.a.j.g.u.JMeterMenuBar: setRunning(true, *local*)
2026-10-07 14:41:29,590 INFO o.a.j.e.StandardJMeterEngine: Starting ThreadGroup: 1 : GPSVirtuales
2026-10-07 14:41:29,590 INFO o.a.j.e.StandardJMeterEngine: Starting 50 threads for group GPSVirtuales.
2026-10-07 14:41:29,590 INFO o.a.j.e.StandardJMeterEngine: Thread will continue on error
2026-10-07 14:41:29,591 INFO o.a.j.e.StandardJMeterEngine: All thread groups have been started
2026-10-07 14:41:29,591 INFO c.b.j.t.c.ConcurrencyThreadStarter: Start supplying threads
2026-10-07 14:41:29,592 INFO o.a.j.t.JMeterThread: Thread started: GPSVirtuales-ThreadStarter 1-2
2026-10-07 14:41:29,592 INFO o.a.j.t.JMeterThread: Thread started: GPSVirtuales-ThreadStarter 1-3
2026-10-07 14:41:29,592 INFO o.a.j.t.JMeterThread: Thread started: GPSVirtuales-ThreadStarter 1-1
2026-10-07 14:41:29,592 INFO o.a.j.t.JMeterThread: Thread started: GPSVirtuales-ThreadStarter 1-4
2026-10-07 14:41:29,592 INFO o.a.j.s.FileServer: Stored: /Users/carlos.jimenez/Documents/carga/traccar-gps/datos_positions_user_carlos.csv
2026-10-07 14:41:29,593 INFO o.a.j.t.JMeterThread: Thread started: GPSVirtuales-ThreadStarter 1-5
2026-10-07 14:41:29,593 INFO o.a.j.t.JMeterThread: Thread started: GPSVirtuales-ThreadStarter 1-6
2026-10-07 14:41:29,593 INFO o.a.j.t.JMeterThread: Thread started: GPSVirtuales-ThreadStarter 1-7
2026-10-07 14:41:29,593 INFO o.a.j.t.JMeterThread: Thread started: GPSVirtuales-ThreadStarter 1-8
2026-10-07 14:41:29,594 INFO o.a.j.t.JMeterThread: Thread started: GPSVirtuales-ThreadStarter 1-9
2026-10-07 14:41:29,594 INFO o.a.j.t.JMeterThread: Thread started: GPSVirtuales-ThreadStarter 1-10
2026-10-07 14:41:29,595 INFO o.a.j.t.JMeterThread: Thread started: GPSVirtuales-ThreadStarter 1-11
2026-10-07 14:41:29,595 INFO o.a.j.t.JMeterThread: Thread started: GPSVirtuales-ThreadStarter 1-12
2026-10-07 14:41:29,595 INFO o.a.j.t.JMeterThread: Thread started: GPSVirtuales-ThreadStarter 1-13
2026-10-07 14:41:29,596 INFO o.a.j.t.JMeterThread: Thread started: GPSVirtuales-ThreadStarter 1-14
2026-10-07 14:41:29,597 INFO o.a.j.t.JMeterThread: Thread started: GPSVirtuales-ThreadStarter 1-15
2026-10-07 14:41:29,598 INFO o.a.j.t.JMeterThread: Thread started: GPSVirtuales-ThreadStarter 1-16
2026-10-07 14:41:29,599 INFO o.a.j.t.JMeterThread: Thread started: GPSVirtuales-ThreadStarter 1-17
2026-10-07 14:41:29,599 INFO o.a.j.t.JMeterThread: Thread started: GPSVirtuales-ThreadStarter 1-18
2026-10-07 14:41:29,600 INFO o.a.j.t.JMeterThread: Thread started: GPSVirtuales-ThreadStarter 1-19
2026-10-07 14:41:29,601 INFO o.a.j.t.JMeterThread: Thread started: GPSVirtuales-ThreadStarter 1-20
2026-10-07 14:41:29,601 INFO o.a.j.t.JMeterThread: Thread started: GPSVirtuales-ThreadStarter 1-21
2026-10-07 14:41:29,602 INFO o.a.j.t.JMeterThread: Thread started: GPSVirtuales-ThreadStarter 1-22
2026-10-07 14:41:29,602 INFO o.a.j.t.JMeterThread: Thread started: GPSVirtuales-ThreadStarter 1-23
2026-10-07 14:41:29,602 INFO o.a.j.t.JMeterThread: Thread started: GPSVirtuales-ThreadStarter 1-25
2026-10-07 14:41:29,602 INFO o.a.j.t.JMeterThread: Thread started: GPSVirtuales-ThreadStarter 1-24
2026-10-07 14:41:29,604 INFO o.a.j.t.JMeterThread: Thread started: GPSVirtuales-ThreadStarter 1-26
2026-10-07 14:41:29,604 INFO o.a.j.t.JMeterThread: Thread started: GPSVirtuales-ThreadStarter 1-27
2026-10-07 14:41:29,606 INFO o.a.j.t.JMeterThread: Thread started: GPSVirtuales-ThreadStarter 1-30
2026-10-07 14:41:29,606 INFO o.a.j.t.JMeterThread: Thread started: GPSVirtuales-ThreadStarter 1-29
2026-10-07 14:41:29,606 INFO o.a.j.t.JMeterThread: Thread started: GPSVirtuales-ThreadStarter 1-31
2026-10-07 14:41:29,606 INFO o.a.j.t.JMeterThread: Thread started: GPSVirtuales-ThreadStarter 1-28
2026-10-07 14:41:29,607 INFO o.a.j.t.JMeterThread: Thread started: GPSVirtuales-ThreadStarter 1-32
2026-10-07 14:41:29,607 INFO o.a.j.t.JMeterThread: Thread started: GPSVirtuales-ThreadStarter 1-33
2026-10-07 14:41:29,607 INFO o.a.j.t.JMeterThread: Thread started: GPSVirtuales-ThreadStarter 1-34
2026-10-07 14:41:29,607 INFO o.a.j.t.JMeterThread: Thread started: GPSVirtuales-ThreadStarter 1-35
2026-10-07 14:41:29,608 INFO o.a.j.t.JMeterThread: Thread started: GPSVirtuales-ThreadStarter 1-36
2026-10-07 14:41:29,608 INFO o.a.j.t.JMeterThread: Thread started: GPSVirtuales-ThreadStarter 1-37
2026-10-07 14:41:29,608 INFO o.a.j.t.JMeterThread: Thread started: GPSVirtuales-ThreadStarter 1-38
2026-10-07 14:41:29,608 INFO o.a.j.t.JMeterThread: Thread started: GPSVirtuales-ThreadStarter 1-39
2026-10-07 14:41:29,608 INFO o.a.j.t.JMeterThread: Thread started: GPSVirtuales-ThreadStarter 1-40
2026-10-07 14:41:29,608 INFO o.a.j.t.JMeterThread: Thread started: GPSVirtuales-ThreadStarter 1-41
2026-10-07 14:41:29,609 INFO o.a.j.t.JMeterThread: Thread started: GPSVirtuales-ThreadStarter 1-42
2026-10-07 14:41:29,609 INFO o.a.j.t.JMeterThread: Thread started: GPSVirtuales-ThreadStarter 1-44
2026-10-07 14:41:29,609 INFO o.a.j.t.JMeterThread: Thread started: GPSVirtuales-ThreadStarter 1-45
2026-10-07 14:41:29,609 INFO o.a.j.t.JMeterThread: Thread started: GPSVirtuales-ThreadStarter 1-43
2026-10-07 14:41:29,609 INFO o.a.j.t.JMeterThread: Thread started: GPSVirtuales-ThreadStarter 1-46
2026-10-07 14:41:29,609 INFO o.a.j.t.JMeterThread: Thread started: GPSVirtuales-ThreadStarter 1-47
2026-10-07 14:41:29,609 INFO o.a.j.t.JMeterThread: Thread started: GPSVirtuales-ThreadStarter 1-49
2026-10-07 14:41:29,610 INFO o.a.j.t.JMeterThread: Thread started: GPSVirtuales-ThreadStarter 1-48
2026-10-07 14:41:29,610 INFO o.a.j.t.JMeterThread: Thread started: GPSVirtuales-ThreadStarter 1-50
2026-10-07 14:41:29,630 WARN k.a.j.t.VariableThroughputTimer: No free threads available in current Thread Group GPSVirtuales, made 0 samples/s for expected rps 25.0 samples/s, increase your number of threads
2026-10-07 14:41:57,606 INFO o.a.j.g.a.Start: Stopping test
2026-10-07 14:41:57,626 INFO c.b.j.t.c.ConcurrencyThreadStarter: Done supplying threads
2026-10-07 14:41:57,626 INFO o.a.j.t.JMeterThread: Stopping: GPSVirtuales-ThreadStarter 1-41
2026-10-07 14:41:57,626 INFO o.a.j.t.JMeterThread: Stopping: GPSVirtuales-ThreadStarter 1-6
2026-10-07 14:41:57,626 INFO o.a.j.t.JMeterThread: Stopping: GPSVirtuales-ThreadStarter 1-45
2026-10-07 14:41:57,626 INFO o.a.j.t.JMeterThread: Stopping: GPSVirtuales-ThreadStarter 1-24
2026-10-07 14:41:57,626 INFO o.a.j.t.JMeterThread: Stopping: GPSVirtuales-ThreadStarter 1-16
2026-10-07 14:41:57,626 INFO o.a.j.t.JMeterThread: Stopping: GPSVirtuales-ThreadStarter 1-49
2026-10-07 14:41:57,626 INFO o.a.j.t.JMeterThread: Stopping: GPSVirtuales-ThreadStarter 1-10
2026-10-07 14:41:57,626 INFO o.a.j.t.JMeterThread: Stopping: GPSVirtuales-ThreadStarter 1-12
2026-10-07 14:41:57,626 WARN o.a.j.t.JMeterThread: Interrupting: GPSVirtuales-ThreadStarter 1-12 sampler: Set Positions
2026-10-07 14:41:57,626 INFO o.a.j.t.JMeterThread: Stopping: GPSVirtuales-ThreadStarter 1-46
2026-10-07 14:41:57,626 INFO o.a.j.t.JMeterThread: Stopping: GPSVirtuales-ThreadStarter 1-21
2026-10-07 14:41:57,626 INFO o.a.j.t.JMeterThread: Stopping: GPSVirtuales-ThreadStarter 1-42
2026-10-07 14:41:57,627 INFO o.a.j.t.JMeterThread: Stopping: GPSVirtuales-ThreadStarter 1-20
2026-10-07 14:41:57,627 INFO o.a.j.t.JMeterThread: Stopping: GPSVirtuales-ThreadStarter 1-5
2026-10-07 14:41:57,627 INFO o.a.j.t.JMeterThread: Stopping: GPSVirtuales-ThreadStarter 1-25
2026-10-07 14:41:57,627 INFO o.a.j.t.JMeterThread: Stopping: GPSVirtuales-ThreadStarter 1-7
2026-10-07 14:41:57,627 INFO o.a.j.t.JMeterThread: Stopping: GPSVirtuales-ThreadStarter 1-48
2026-10-07 14:41:57,627 INFO o.a.j.t.JMeterThread: Stopping: GPSVirtuales-ThreadStarter 1-27
2026-10-07 14:41:57,627 INFO o.a.j.t.JMeterThread: Stopping: GPSVirtuales-ThreadStarter 1-22
2026-10-07 14:41:57,627 INFO o.a.j.t.JMeterThread: Stopping: GPSVirtuales-ThreadStarter 1-44
2026-10-07 14:41:57,627 INFO o.a.j.t.JMeterThread: Stopping: GPSVirtuales-ThreadStarter 1-33
2026-10-07 14:41:57,627 INFO o.a.j.t.JMeterThread: Stopping: GPSVirtuales-ThreadStarter 1-23
2026-10-07 14:41:57,627 INFO o.a.j.t.JMeterThread: Stopping: GPSVirtuales-ThreadStarter 1-9
2026-10-07 14:41:57,627 INFO o.a.j.t.JMeterThread: Stopping: GPSVirtuales-ThreadStarter 1-40
2026-10-07 14:41:57,627 INFO o.a.j.t.JMeterThread: Stopping: GPSVirtuales-ThreadStarter 1-26
2026-10-07 14:41:57,627 INFO o.a.j.t.JMeterThread: Stopping: GPSVirtuales-ThreadStarter 1-34
2026-10-07 14:41:57,627 INFO o.a.j.t.JMeterThread: Stopping: GPSVirtuales-ThreadStarter 1-19
2026-10-07 14:41:57,627 INFO o.a.j.t.JMeterThread: Stopping: GPSVirtuales-ThreadStarter 1-31
2026-10-07 14:41:57,627 INFO o.a.j.t.JMeterThread: Stopping: GPSVirtuales-ThreadStarter 1-18
2026-10-07 14:41:57,627 INFO o.a.j.t.JMeterThread: Stopping: GPSVirtuales-ThreadStarter 1-29
2026-10-07 14:41:57,627 WARN o.a.j.t.JMeterThread: Interrupting: GPSVirtuales-ThreadStarter 1-29 sampler: Set Positions
2026-10-07 14:41:57,627 INFO o.a.j.t.JMeterThread: Stopping: GPSVirtuales-ThreadStarter 1-8
2026-10-07 14:41:57,627 INFO o.a.j.t.JMeterThread: Stopping: GPSVirtuales-ThreadStarter 1-47
2026-10-07 14:41:57,627 WARN o.a.j.t.JMeterThread: Interrupting: GPSVirtuales-ThreadStarter 1-47 sampler: Set Positions
2026-10-07 14:41:57,627 INFO o.a.j.t.JMeterThread: Stopping: GPSVirtuales-ThreadStarter 1-30
2026-10-07 14:41:57,627 INFO o.a.j.t.JMeterThread: Stopping: GPSVirtuales-ThreadStarter 1-15
2026-10-07 14:41:57,627 WARN o.a.j.t.JMeterThread: Interrupting: GPSVirtuales-ThreadStarter 1-15 sampler: Set Positions
2026-10-07 14:41:57,627 INFO o.a.j.t.JMeterThread: Stopping: GPSVirtuales-ThreadStarter 1-39
2026-10-07 14:41:57,627 INFO o.a.j.t.JMeterThread: Stopping: GPSVirtuales-ThreadStarter 1-4
2026-10-07 14:41:57,627 INFO o.a.j.t.JMeterThread: Stopping: GPSVirtuales-ThreadStarter 1-1
2026-10-07 14:41:57,627 INFO o.a.j.t.JMeterThread: Stopping: GPSVirtuales-ThreadStarter 1-50
2026-10-07 14:41:57,627 INFO o.a.j.t.JMeterThread: Stopping: GPSVirtuales-ThreadStarter 1-28
2026-10-07 14:41:57,627 INFO o.a.j.t.JMeterThread: Stopping: GPSVirtuales-ThreadStarter 1-11
2026-10-07 14:41:57,627 INFO o.a.j.t.JMeterThread: Stopping: GPSVirtuales-ThreadStarter 1-38
2026-10-07 14:41:57,627 INFO o.a.j.t.JMeterThread: Stopping: GPSVirtuales-ThreadStarter 1-3
2026-10-07 14:41:57,627 INFO o.a.j.t.JMeterThread: Stopping: GPSVirtuales-ThreadStarter 1-43
2026-10-07 14:41:57,627 INFO o.a.j.t.JMeterThread: Stopping: GPSVirtuales-ThreadStarter 1-37
2026-10-07 14:41:57,627 INFO o.a.j.t.JMeterThread: Stopping: GPSVirtuales-ThreadStarter 1-13
2026-10-07 14:41:57,627 INFO o.a.j.t.JMeterThread: Stopping: GPSVirtuales-ThreadStarter 1-32
2026-10-07 14:41:57,627 INFO o.a.j.t.JMeterThread: Stopping: GPSVirtuales-ThreadStarter 1-2
2026-10-07 14:41:57,628 INFO o.a.j.t.JMeterThread: Stopping: GPSVirtuales-ThreadStarter 1-35
2026-10-07 14:41:57,628 INFO o.a.j.t.JMeterThread: Stopping: GPSVirtuales-ThreadStarter 1-14
2026-10-07 14:41:57,628 INFO o.a.j.t.JMeterThread: Stopping: GPSVirtuales-ThreadStarter 1-36
2026-10-07 14:41:57,628 INFO o.a.j.t.JMeterThread: Stopping: GPSVirtuales-ThreadStarter 1-17
2026-10-07 14:41:57,628 INFO o.a.j.t.JMeterThread: Thread is done: GPSVirtuales-ThreadStarter 1-29
2026-10-07 14:41:57,628 INFO o.a.j.t.JMeterThread: Thread finished: GPSVirtuales-ThreadStarter 1-29
2026-10-07 14:41:57,628 INFO o.a.j.t.JMeterThread: Thread is done: GPSVirtuales-ThreadStarter 1-47
2026-10-07 14:41:57,628 INFO o.a.j.t.JMeterThread: Thread is done: GPSVirtuales-ThreadStarter 1-15
2026-10-07 14:41:57,628 INFO o.a.j.t.JMeterThread: Thread finished: GPSVirtuales-ThreadStarter 1-47
2026-10-07 14:41:57,628 INFO o.a.j.t.JMeterThread: Thread is done: GPSVirtuales-ThreadStarter 1-12
2026-10-07 14:41:57,628 INFO o.a.j.t.JMeterThread: Thread finished: GPSVirtuales-ThreadStarter 1-15
2026-10-07 14:41:57,628 INFO o.a.j.t.JMeterThread: Thread finished: GPSVirtuales-ThreadStarter 1-12
2026-10-07 14:41:57,762 INFO o.a.j.t.JMeterThread: Thread is done: GPSVirtuales-ThreadStarter 1-24
2026-10-07 14:41:57,762 INFO o.a.j.t.JMeterThread: Thread is done: GPSVirtuales-ThreadStarter 1-44
2026-10-07 14:41:57,762 INFO o.a.j.t.JMeterThread: Thread is done: GPSVirtuales-ThreadStarter 1-26
2026-10-07 14:41:57,762 INFO o.a.j.t.JMeterThread: Thread is done: GPSVirtuales-ThreadStarter 1-42
2026-10-07 14:41:57,762 INFO o.a.j.t.JMeterThread: Thread is done: GPSVirtuales-ThreadStarter 1-41
2026-10-07 14:41:57,762 INFO o.a.j.t.JMeterThread: Thread finished: GPSVirtuales-ThreadStarter 1-26
2026-10-07 14:41:57,762 INFO o.a.j.t.JMeterThread: Thread finished: GPSVirtuales-ThreadStarter 1-44
2026-10-07 14:41:57,762 INFO o.a.j.t.JMeterThread: Thread finished: GPSVirtuales-ThreadStarter 1-24
2026-10-07 14:41:57,762 INFO o.a.j.t.JMeterThread: Thread finished: GPSVirtuales-ThreadStarter 1-42
2026-10-07 14:41:57,762 INFO o.a.j.t.JMeterThread: Thread finished: GPSVirtuales-ThreadStarter 1-41
2026-10-07 14:41:57,762 INFO o.a.j.e.StandardJMeterEngine: Notifying test listeners of end of test
2026-10-07 14:41:57,762 INFO o.a.j.s.FileServer: Close: /Users/carlos.jimenez/Documents/carga/traccar-gps/datos_positions_user_carlos.csv
2026-10-07 14:41:57,763 INFO o.a.j.g.u.JMeterMenuBar: setRunning(false, *local*)
2026-10-07 14:41:57,994 INFO o.a.j.t.JMeterThread: Thread is done: GPSVirtuales-ThreadStarter 1-31
2026-10-07 14:41:57,994 INFO o.a.j.t.JMeterThread: Thread is done: GPSVirtuales-ThreadStarter 1-35
2026-10-07 14:41:57,994 INFO o.a.j.t.JMeterThread: Thread is done: GPSVirtuales-ThreadStarter 1-38
2026-10-07 14:41:57,994 INFO o.a.j.t.JMeterThread: Thread finished: GPSVirtuales-ThreadStarter 1-31
2026-10-07 14:41:57,994 INFO o.a.j.t.JMeterThread: Thread is done: GPSVirtuales-ThreadStarter 1-37
2026-10-07 14:41:57,994 INFO o.a.j.t.JMeterThread: Thread finished: GPSVirtuales-ThreadStarter 1-38
2026-10-07 14:41:57,994 INFO o.a.j.t.JMeterThread: Thread is done: GPSVirtuales-ThreadStarter 1-1
2026-10-07 14:41:57,994 INFO o.a.j.t.JMeterThread: Thread finished: GPSVirtuales-ThreadStarter 1-1
2026-10-07 14:41:57,994 INFO o.a.j.t.JMeterThread: Thread finished: GPSVirtuales-ThreadStarter 1-35
2026-10-07 14:41:57,994 INFO o.a.j.t.JMeterThread: Thread finished: GPSVirtuales-ThreadStarter 1-37
2026-10-07 14:41:58,204 INFO o.a.j.t.JMeterThread: Thread is done: GPSVirtuales-ThreadStarter 1-23
2026-10-07 14:41:58,204 INFO o.a.j.t.JMeterThread: Thread is done: GPSVirtuales-ThreadStarter 1-10
2026-10-07 14:41:58,204 INFO o.a.j.t.JMeterThread: Thread is done: GPSVirtuales-ThreadStarter 1-18
2026-10-07 14:41:58,204 INFO o.a.j.t.JMeterThread: Thread is done: GPSVirtuales-ThreadStarter 1-7
2026-10-07 14:41:58,204 INFO o.a.j.t.JMeterThread: Thread is done: GPSVirtuales-ThreadStarter 1-36
2026-10-07 14:41:58,204 INFO o.a.j.t.JMeterThread: Thread finished: GPSVirtuales-ThreadStarter 1-10
2026-10-07 14:41:58,204 INFO o.a.j.t.JMeterThread: Thread is done: GPSVirtuales-ThreadStarter 1-30
2026-10-07 14:41:58,204 INFO o.a.j.t.JMeterThread: Thread finished: GPSVirtuales-ThreadStarter 1-23
2026-10-07 14:41:58,204 INFO o.a.j.t.JMeterThread: Thread finished: GPSVirtuales-ThreadStarter 1-7
2026-10-07 14:41:58,204 INFO o.a.j.t.JMeterThread: Thread finished: GPSVirtuales-ThreadStarter 1-30
2026-10-07 14:41:58,204 INFO o.a.j.t.JMeterThread: Thread finished: GPSVirtuales-ThreadStarter 1-36
2026-10-07 14:41:58,204 INFO o.a.j.t.JMeterThread: Thread finished: GPSVirtuales-ThreadStarter 1-18
2026-10-07 14:41:58,461 INFO o.a.j.t.JMeterThread: Thread is done: GPSVirtuales-ThreadStarter 1-5
2026-10-07 14:41:58,461 INFO o.a.j.t.JMeterThread: Thread is done: GPSVirtuales-ThreadStarter 1-48
2026-10-07 14:41:58,461 INFO o.a.j.t.JMeterThread: Thread is done: GPSVirtuales-ThreadStarter 1-46
2026-10-07 14:41:58,461 INFO o.a.j.t.JMeterThread: Thread is done: GPSVirtuales-ThreadStarter 1-20
2026-10-07 14:41:58,462 INFO o.a.j.t.JMeterThread: Thread finished: GPSVirtuales-ThreadStarter 1-5
2026-10-07 14:41:58,461 INFO o.a.j.t.JMeterThread: Thread is done: GPSVirtuales-ThreadStarter 1-40
2026-10-07 14:41:58,462 INFO o.a.j.t.JMeterThread: Thread finished: GPSVirtuales-ThreadStarter 1-20
2026-10-07 14:41:58,461 INFO o.a.j.t.JMeterThread: Thread is done: GPSVirtuales-ThreadStarter 1-8
2026-10-07 14:41:58,462 INFO o.a.j.t.JMeterThread: Thread finished: GPSVirtuales-ThreadStarter 1-8
2026-10-07 14:41:58,462 INFO o.a.j.t.JMeterThread: Thread finished: GPSVirtuales-ThreadStarter 1-48
2026-10-07 14:41:58,462 INFO o.a.j.t.JMeterThread: Thread finished: GPSVirtuales-ThreadStarter 1-40
2026-10-07 14:41:58,462 INFO o.a.j.t.JMeterThread: Thread finished: GPSVirtuales-ThreadStarter 1-46
2026-10-07 14:41:58,723 INFO o.a.j.t.JMeterThread: Thread is done: GPSVirtuales-ThreadStarter 1-43
2026-10-07 14:41:58,723 INFO o.a.j.t.JMeterThread: Thread is done: GPSVirtuales-ThreadStarter 1-33
2026-10-07 14:41:58,723 INFO o.a.j.t.JMeterThread: Thread is done: GPSVirtuales-ThreadStarter 1-21
2026-10-07 14:41:58,723 INFO o.a.j.t.JMeterThread: Thread finished: GPSVirtuales-ThreadStarter 1-33
2026-10-07 14:41:58,723 INFO o.a.j.t.JMeterThread: Thread finished: GPSVirtuales-ThreadStarter 1-21
2026-10-07 14:41:58,723 INFO o.a.j.t.JMeterThread: Thread is done: GPSVirtuales-ThreadStarter 1-19
2026-10-07 14:41:58,723 INFO o.a.j.t.JMeterThread: Thread is done: GPSVirtuales-ThreadStarter 1-17
2026-10-07 14:41:58,723 INFO o.a.j.t.JMeterThread: Thread is done: GPSVirtuales-ThreadStarter 1-11
2026-10-07 14:41:58,724 INFO o.a.j.t.JMeterThread: Thread is done: GPSVirtuales-ThreadStarter 1-3
2026-10-07 14:41:58,724 INFO o.a.j.t.JMeterThread: Thread finished: GPSVirtuales-ThreadStarter 1-19
2026-10-07 14:41:58,724 INFO o.a.j.t.JMeterThread: Thread finished: GPSVirtuales-ThreadStarter 1-3
2026-10-07 14:41:58,723 INFO o.a.j.t.JMeterThread: Thread finished: GPSVirtuales-ThreadStarter 1-43
2026-10-07 14:41:58,724 INFO o.a.j.t.JMeterThread: Thread finished: GPSVirtuales-ThreadStarter 1-11
2026-10-07 14:41:58,723 INFO o.a.j.t.JMeterThread: Thread finished: GPSVirtuales-ThreadStarter 1-17
2026-10-07 14:41:58,971 INFO o.a.j.t.JMeterThread: Thread is done: GPSVirtuales-ThreadStarter 1-28
2026-10-07 14:41:58,971 INFO o.a.j.t.JMeterThread: Thread is done: GPSVirtuales-ThreadStarter 1-45
2026-10-07 14:41:58,971 INFO o.a.j.t.JMeterThread: Thread is done: GPSVirtuales-ThreadStarter 1-14
2026-10-07 14:41:58,971 INFO o.a.j.t.JMeterThread: Thread is done: GPSVirtuales-ThreadStarter 1-32
2026-10-07 14:41:58,971 INFO o.a.j.t.JMeterThread: Thread is done: GPSVirtuales-ThreadStarter 1-50
2026-10-07 14:41:58,971 INFO o.a.j.t.JMeterThread: Thread finished: GPSVirtuales-ThreadStarter 1-50
2026-10-07 14:41:58,971 INFO o.a.j.t.JMeterThread: Thread finished: GPSVirtuales-ThreadStarter 1-45
2026-10-07 14:41:58,971 INFO o.a.j.t.JMeterThread: Thread is done: GPSVirtuales-ThreadStarter 1-4
2026-10-07 14:41:58,971 INFO o.a.j.t.JMeterThread: Thread finished: GPSVirtuales-ThreadStarter 1-4
2026-10-07 14:41:58,971 INFO o.a.j.t.JMeterThread: Thread finished: GPSVirtuales-ThreadStarter 1-32
2026-10-07 14:41:58,971 INFO o.a.j.t.JMeterThread: Thread finished: GPSVirtuales-ThreadStarter 1-14
2026-10-07 14:41:58,971 INFO o.a.j.t.JMeterThread: Thread finished: GPSVirtuales-ThreadStarter 1-28
2026-10-07 14:41:59,258 INFO o.a.j.t.JMeterThread: Thread is done: GPSVirtuales-ThreadStarter 1-16
2026-10-07 14:41:59,258 INFO o.a.j.t.JMeterThread: Thread is done: GPSVirtuales-ThreadStarter 1-27
2026-10-07 14:41:59,258 INFO o.a.j.t.JMeterThread: Thread is done: GPSVirtuales-ThreadStarter 1-49
2026-10-07 14:41:59,258 INFO o.a.j.t.JMeterThread: Thread is done: GPSVirtuales-ThreadStarter 1-2
2026-10-07 14:41:59,258 INFO o.a.j.t.JMeterThread: Thread is done: GPSVirtuales-ThreadStarter 1-39
2026-10-07 14:41:59,258 INFO o.a.j.t.JMeterThread: Thread finished: GPSVirtuales-ThreadStarter 1-2
2026-10-07 14:41:59,258 INFO o.a.j.t.JMeterThread: Thread is done: GPSVirtuales-ThreadStarter 1-9
2026-10-07 14:41:59,258 INFO o.a.j.t.JMeterThread: Thread finished: GPSVirtuales-ThreadStarter 1-9
2026-10-07 14:41:59,258 INFO o.a.j.t.JMeterThread: Thread finished: GPSVirtuales-ThreadStarter 1-27
2026-10-07 14:41:59,258 INFO o.a.j.t.JMeterThread: Thread is done: GPSVirtuales-ThreadStarter 1-34
2026-10-07 14:41:59,258 INFO o.a.j.t.JMeterThread: Thread finished: GPSVirtuales-ThreadStarter 1-39
2026-10-07 14:41:59,258 INFO o.a.j.t.JMeterThread: Thread finished: GPSVirtuales-ThreadStarter 1-49
2026-10-07 14:41:59,258 INFO o.a.j.t.JMeterThread: Thread finished: GPSVirtuales-ThreadStarter 1-16
2026-10-07 14:41:59,259 INFO o.a.j.t.JMeterThread: Thread finished: GPSVirtuales-ThreadStarter 1-34
2026-10-07 14:41:59,406 INFO o.a.j.t.JMeterThread: Thread is done: GPSVirtuales-ThreadStarter 1-6
2026-10-07 14:41:59,406 INFO o.a.j.t.JMeterThread: Thread is done: GPSVirtuales-ThreadStarter 1-13
2026-10-07 14:41:59,406 INFO o.a.j.t.JMeterThread: Thread is done: GPSVirtuales-ThreadStarter 1-22
2026-10-07 14:41:59,406 INFO o.a.j.t.JMeterThread: Thread is done: GPSVirtuales-ThreadStarter 1-25
2026-10-07 14:41:59,406 INFO o.a.j.t.JMeterThread: Thread finished: GPSVirtuales-ThreadStarter 1-6
2026-10-07 14:41:59,406 INFO o.a.j.t.JMeterThread: Thread finished: GPSVirtuales-ThreadStarter 1-13
2026-10-07 14:41:59,406 INFO o.a.j.t.JMeterThread: Thread finished: GPSVirtuales-ThreadStarter 1-22
2026-10-07 14:41:59,406 INFO o.a.j.t.JMeterThread: Thread finished: GPSVirtuales-ThreadStarter 1-25
2026-10-07 15:11:18,020 INFO o.a.j.e.StandardJMeterEngine: Running the test!
2026-10-07 15:11:18,022 INFO o.a.j.s.SampleEvent: List of sample_variables: []
2026-10-07 15:11:18,025 WARN o.a.j.r.ResultCollector: Error creating directories for /Users/familia/Documents/IT4ALL/Test/WARENA/Referencia
2026-10-07 15:11:18,027 WARN o.a.j.r.ResultCollector: Error creating directories for /Users/familia/Documents/IT4ALL/Test/WARENA/Referencia
2026-10-07 15:11:18,027 INFO o.a.j.g.u.JMeterMenuBar: setRunning(true, *local*)
2026-10-07 15:11:18,086 INFO o.a.j.e.StandardJMeterEngine: Starting ThreadGroup: 1 : GPSVirtuales
2026-10-07 15:11:18,087 INFO o.a.j.e.StandardJMeterEngine: Starting 50 threads for group GPSVirtuales.
2026-10-07 15:11:18,087 INFO o.a.j.e.StandardJMeterEngine: Thread will continue on error
2026-10-07 15:11:18,087 INFO o.a.j.e.StandardJMeterEngine: All thread groups have been started
2026-10-07 15:11:18,087 INFO c.b.j.t.c.ConcurrencyThreadStarter: Start supplying threads
2026-10-07 15:11:18,088 INFO o.a.j.t.JMeterThread: Thread started: GPSVirtuales-ThreadStarter 1-3
2026-10-07 15:11:18,088 INFO o.a.j.t.JMeterThread: Thread started: GPSVirtuales-ThreadStarter 1-1
2026-10-07 15:11:18,088 INFO o.a.j.t.JMeterThread: Thread started: GPSVirtuales-ThreadStarter 1-2
2026-10-07 15:11:18,088 INFO o.a.j.s.FileServer: Stored: /Users/carlos.jimenez/Documents/carga/traccar-gps/datos_positions_user_carlos.csv
2026-10-07 15:11:18,088 INFO o.a.j.t.JMeterThread: Thread started: GPSVirtuales-ThreadStarter 1-4
2026-10-07 15:11:18,089 INFO o.a.j.t.JMeterThread: Thread started: GPSVirtuales-ThreadStarter 1-5
2026-10-07 15:11:18,089 INFO o.a.j.t.JMeterThread: Thread started: GPSVirtuales-ThreadStarter 1-6
2026-10-07 15:11:18,089 INFO o.a.j.t.JMeterThread: Thread started: GPSVirtuales-ThreadStarter 1-7
2026-10-07 15:11:18,089 INFO o.a.j.t.JMeterThread: Thread started: GPSVirtuales-ThreadStarter 1-8
2026-10-07 15:11:18,090 INFO o.a.j.t.JMeterThread: Thread started: GPSVirtuales-ThreadStarter 1-9
2026-10-07 15:11:18,090 INFO o.a.j.t.JMeterThread: Thread started: GPSVirtuales-ThreadStarter 1-10
2026-10-07 15:11:18,091 INFO o.a.j.t.JMeterThread: Thread started: GPSVirtuales-ThreadStarter 1-11
2026-10-07 15:11:18,092 INFO o.a.j.t.JMeterThread: Thread started: GPSVirtuales-ThreadStarter 1-12
2026-10-07 15:11:18,093 INFO o.a.j.t.JMeterThread: Thread started: GPSVirtuales-ThreadStarter 1-13
2026-10-07 15:11:18,093 INFO o.a.j.t.JMeterThread: Thread started: GPSVirtuales-ThreadStarter 1-14
2026-10-07 15:11:18,094 INFO o.a.j.t.JMeterThread: Thread started: GPSVirtuales-ThreadStarter 1-15
2026-10-07 15:11:18,095 INFO o.a.j.t.JMeterThread: Thread started: GPSVirtuales-ThreadStarter 1-17
2026-10-07 15:11:18,095 INFO o.a.j.t.JMeterThread: Thread started: GPSVirtuales-ThreadStarter 1-16
2026-10-07 15:11:18,095 INFO o.a.j.t.JMeterThread: Thread started: GPSVirtuales-ThreadStarter 1-18
2026-10-07 15:11:18,096 INFO o.a.j.t.JMeterThread: Thread started: GPSVirtuales-ThreadStarter 1-19
2026-10-07 15:11:18,096 INFO o.a.j.t.JMeterThread: Thread started: GPSVirtuales-ThreadStarter 1-20
2026-10-07 15:11:18,096 INFO o.a.j.t.JMeterThread: Thread started: GPSVirtuales-ThreadStarter 1-21
2026-10-07 15:11:18,097 INFO o.a.j.t.JMeterThread: Thread started: GPSVirtuales-ThreadStarter 1-22
2026-10-07 15:11:18,097 INFO o.a.j.t.JMeterThread: Thread started: GPSVirtuales-ThreadStarter 1-23
2026-10-07 15:11:18,098 INFO o.a.j.t.JMeterThread: Thread started: GPSVirtuales-ThreadStarter 1-24
2026-10-07 15:11:18,098 INFO o.a.j.t.JMeterThread: Thread started: GPSVirtuales-ThreadStarter 1-25
2026-10-07 15:11:18,099 INFO o.a.j.t.JMeterThread: Thread started: GPSVirtuales-ThreadStarter 1-26
2026-10-07 15:11:18,099 INFO o.a.j.t.JMeterThread: Thread started: GPSVirtuales-ThreadStarter 1-27
2026-10-07 15:11:18,099 INFO o.a.j.t.JMeterThread: Thread started: GPSVirtuales-ThreadStarter 1-28
2026-10-07 15:11:18,100 INFO o.a.j.t.JMeterThread: Thread started: GPSVirtuales-ThreadStarter 1-29
2026-10-07 15:11:18,100 INFO o.a.j.t.JMeterThread: Thread started: GPSVirtuales-ThreadStarter 1-30
2026-10-07 15:11:18,100 INFO o.a.j.t.JMeterThread: Thread started: GPSVirtuales-ThreadStarter 1-31
2026-10-07 15:11:18,101 INFO o.a.j.t.JMeterThread: Thread started: GPSVirtuales-ThreadStarter 1-32
2026-10-07 15:11:18,101 INFO o.a.j.t.JMeterThread: Thread started: GPSVirtuales-ThreadStarter 1-33
2026-10-07 15:11:18,101 INFO o.a.j.t.JMeterThread: Thread started: GPSVirtuales-ThreadStarter 1-34
2026-10-07 15:11:18,101 INFO o.a.j.t.JMeterThread: Thread started: GPSVirtuales-ThreadStarter 1-35
2026-10-07 15:11:18,101 INFO o.a.j.t.JMeterThread: Thread started: GPSVirtuales-ThreadStarter 1-36
2026-10-07 15:11:18,102 INFO o.a.j.t.JMeterThread: Thread started: GPSVirtuales-ThreadStarter 1-38
2026-10-07 15:11:18,102 INFO o.a.j.t.JMeterThread: Thread started: GPSVirtuales-ThreadStarter 1-37
2026-10-07 15:11:18,102 INFO o.a.j.t.JMeterThread: Thread started: GPSVirtuales-ThreadStarter 1-39
2026-10-07 15:11:18,102 INFO o.a.j.t.JMeterThread: Thread started: GPSVirtuales-ThreadStarter 1-41
2026-10-07 15:11:18,102 INFO o.a.j.t.JMeterThread: Thread started: GPSVirtuales-ThreadStarter 1-40
2026-10-07 15:11:18,102 INFO o.a.j.t.JMeterThread: Thread started: GPSVirtuales-ThreadStarter 1-42
2026-10-07 15:11:18,103 INFO o.a.j.t.JMeterThread: Thread started: GPSVirtuales-ThreadStarter 1-43
2026-10-07 15:11:18,103 INFO o.a.j.t.JMeterThread: Thread started: GPSVirtuales-ThreadStarter 1-44
2026-10-07 15:11:18,103 INFO o.a.j.t.JMeterThread: Thread started: GPSVirtuales-ThreadStarter 1-45
2026-10-07 15:11:18,103 INFO o.a.j.t.JMeterThread: Thread started: GPSVirtuales-ThreadStarter 1-46
2026-10-07 15:11:18,103 INFO o.a.j.t.JMeterThread: Thread started: GPSVirtuales-ThreadStarter 1-47
2026-10-07 15:11:18,103 INFO o.a.j.t.JMeterThread: Thread started: GPSVirtuales-ThreadStarter 1-48
2026-10-07 15:11:18,103 INFO o.a.j.t.JMeterThread: Thread started: GPSVirtuales-ThreadStarter 1-49
2026-10-07 15:11:18,103 INFO o.a.j.t.JMeterThread: Thread started: GPSVirtuales-ThreadStarter 1-50
2026-10-07 15:11:18,109 WARN k.a.j.t.VariableThroughputTimer: No free threads available in current Thread Group GPSVirtuales, made 0 samples/s for expected rps 25.0 samples/s, increase your number of threads
2026-10-07 15:13:22,415 INFO o.a.j.g.a.Start: Stopping test
2026-10-07 15:13:22,430 INFO c.b.j.t.c.ConcurrencyThreadStarter: Done supplying threads
2026-10-07 15:13:22,430 INFO o.a.j.t.JMeterThread: Stopping: GPSVirtuales-ThreadStarter 1-2
2026-10-07 15:13:22,430 INFO o.a.j.t.JMeterThread: Stopping: GPSVirtuales-ThreadStarter 1-11
2026-10-07 15:13:22,431 INFO o.a.j.t.JMeterThread: Stopping: GPSVirtuales-ThreadStarter 1-16
2026-10-07 15:13:22,431 INFO o.a.j.t.JMeterThread: Stopping: GPSVirtuales-ThreadStarter 1-13
2026-10-07 15:13:22,431 WARN o.a.j.t.JMeterThread: Interrupting: GPSVirtuales-ThreadStarter 1-13 sampler: Set Positions
2026-10-07 15:13:22,431 INFO o.a.j.t.JMeterThread: Stopping: GPSVirtuales-ThreadStarter 1-14
2026-10-07 15:13:22,431 INFO o.a.j.t.JMeterThread: Stopping: GPSVirtuales-ThreadStarter 1-31
2026-10-07 15:13:22,432 INFO o.a.j.t.JMeterThread: Stopping: GPSVirtuales-ThreadStarter 1-3
2026-10-07 15:13:22,432 INFO o.a.j.t.JMeterThread: Stopping: GPSVirtuales-ThreadStarter 1-1
2026-10-07 15:13:22,432 INFO o.a.j.t.JMeterThread: Stopping: GPSVirtuales-ThreadStarter 1-29
2026-10-07 15:13:22,432 INFO o.a.j.t.JMeterThread: Stopping: GPSVirtuales-ThreadStarter 1-40
2026-10-07 15:13:22,432 INFO o.a.j.t.JMeterThread: Stopping: GPSVirtuales-ThreadStarter 1-47
2026-10-07 15:13:22,432 INFO o.a.j.t.JMeterThread: Stopping: GPSVirtuales-ThreadStarter 1-48
2026-10-07 15:13:22,432 INFO o.a.j.t.JMeterThread: Stopping: GPSVirtuales-ThreadStarter 1-30
2026-10-07 15:13:22,432 INFO o.a.j.t.JMeterThread: Stopping: GPSVirtuales-ThreadStarter 1-10
2026-10-07 15:13:22,432 INFO o.a.j.t.JMeterThread: Stopping: GPSVirtuales-ThreadStarter 1-21
2026-10-07 15:13:22,432 WARN o.a.j.t.JMeterThread: Interrupting: GPSVirtuales-ThreadStarter 1-21 sampler: Set Positions
2026-10-07 15:13:22,432 INFO o.a.j.t.JMeterThread: Stopping: GPSVirtuales-ThreadStarter 1-17
2026-10-07 15:13:22,432 INFO o.a.j.t.JMeterThread: Stopping: GPSVirtuales-ThreadStarter 1-34
2026-10-07 15:13:22,432 INFO o.a.j.t.JMeterThread: Stopping: GPSVirtuales-ThreadStarter 1-9
2026-10-07 15:13:22,432 INFO o.a.j.t.JMeterThread: Stopping: GPSVirtuales-ThreadStarter 1-27
2026-10-07 15:13:22,432 INFO o.a.j.t.JMeterThread: Stopping: GPSVirtuales-ThreadStarter 1-23
2026-10-07 15:13:22,432 INFO o.a.j.t.JMeterThread: Stopping: GPSVirtuales-ThreadStarter 1-12
2026-10-07 15:13:22,432 INFO o.a.j.t.JMeterThread: Stopping: GPSVirtuales-ThreadStarter 1-36
2026-10-07 15:13:22,432 INFO o.a.j.t.JMeterThread: Stopping: GPSVirtuales-ThreadStarter 1-25
2026-10-07 15:13:22,432 INFO o.a.j.t.JMeterThread: Stopping: GPSVirtuales-ThreadStarter 1-6
2026-10-07 15:13:22,432 INFO o.a.j.t.JMeterThread: Stopping: GPSVirtuales-ThreadStarter 1-22
2026-10-07 15:13:22,432 INFO o.a.j.t.JMeterThread: Stopping: GPSVirtuales-ThreadStarter 1-24
2026-10-07 15:13:22,432 INFO o.a.j.t.JMeterThread: Stopping: GPSVirtuales-ThreadStarter 1-33
2026-10-07 15:13:22,432 INFO o.a.j.t.JMeterThread: Stopping: GPSVirtuales-ThreadStarter 1-4
2026-10-07 15:13:22,432 INFO o.a.j.t.JMeterThread: Stopping: GPSVirtuales-ThreadStarter 1-50
2026-10-07 15:13:22,432 WARN o.a.j.t.JMeterThread: Interrupting: GPSVirtuales-ThreadStarter 1-50 sampler: Set Positions
2026-10-07 15:13:22,432 INFO o.a.j.t.JMeterThread: Thread is done: GPSVirtuales-ThreadStarter 1-21
2026-10-07 15:13:22,432 INFO o.a.j.t.JMeterThread: Thread is done: GPSVirtuales-ThreadStarter 1-13
2026-10-07 15:13:22,432 INFO o.a.j.t.JMeterThread: Thread finished: GPSVirtuales-ThreadStarter 1-21
2026-10-07 15:13:22,432 INFO o.a.j.t.JMeterThread: Stopping: GPSVirtuales-ThreadStarter 1-19
2026-10-07 15:13:22,432 INFO o.a.j.t.JMeterThread: Stopping: GPSVirtuales-ThreadStarter 1-37
2026-10-07 15:13:22,432 INFO o.a.j.t.JMeterThread: Stopping: GPSVirtuales-ThreadStarter 1-28
2026-10-07 15:13:22,433 INFO o.a.j.t.JMeterThread: Stopping: GPSVirtuales-ThreadStarter 1-49
2026-10-07 15:13:22,433 INFO o.a.j.t.JMeterThread: Stopping: GPSVirtuales-ThreadStarter 1-44
2026-10-07 15:13:22,433 INFO o.a.j.t.JMeterThread: Stopping: GPSVirtuales-ThreadStarter 1-38
2026-10-07 15:13:22,433 INFO o.a.j.t.JMeterThread: Stopping: GPSVirtuales-ThreadStarter 1-42
2026-10-07 15:13:22,433 INFO o.a.j.t.JMeterThread: Stopping: GPSVirtuales-ThreadStarter 1-26
2026-10-07 15:13:22,433 INFO o.a.j.t.JMeterThread: Stopping: GPSVirtuales-ThreadStarter 1-39
2026-10-07 15:13:22,433 INFO o.a.j.t.JMeterThread: Stopping: GPSVirtuales-ThreadStarter 1-46
2026-10-07 15:13:22,433 INFO o.a.j.t.JMeterThread: Stopping: GPSVirtuales-ThreadStarter 1-5
2026-10-07 15:13:22,433 INFO o.a.j.t.JMeterThread: Stopping: GPSVirtuales-ThreadStarter 1-8
2026-10-07 15:13:22,433 INFO o.a.j.t.JMeterThread: Stopping: GPSVirtuales-ThreadStarter 1-45
2026-10-07 15:13:22,433 INFO o.a.j.t.JMeterThread: Thread finished: GPSVirtuales-ThreadStarter 1-13
2026-10-07 15:13:22,433 INFO o.a.j.t.JMeterThread: Stopping: GPSVirtuales-ThreadStarter 1-15
2026-10-07 15:13:22,433 INFO o.a.j.t.JMeterThread: Thread is done: GPSVirtuales-ThreadStarter 1-50
2026-10-07 15:13:22,433 INFO o.a.j.t.JMeterThread: Thread finished: GPSVirtuales-ThreadStarter 1-50
2026-10-07 15:13:22,433 INFO o.a.j.t.JMeterThread: Stopping: GPSVirtuales-ThreadStarter 1-7
2026-10-07 15:13:22,433 INFO o.a.j.t.JMeterThread: Stopping: GPSVirtuales-ThreadStarter 1-32
2026-10-07 15:13:22,433 INFO o.a.j.t.JMeterThread: Stopping: GPSVirtuales-ThreadStarter 1-43
2026-10-07 15:13:22,433 INFO o.a.j.t.JMeterThread: Stopping: GPSVirtuales-ThreadStarter 1-18
2026-10-07 15:13:22,433 INFO o.a.j.t.JMeterThread: Stopping: GPSVirtuales-ThreadStarter 1-41
2026-10-07 15:13:22,433 INFO o.a.j.t.JMeterThread: Stopping: GPSVirtuales-ThreadStarter 1-20
2026-10-07 15:13:22,433 INFO o.a.j.t.JMeterThread: Stopping: GPSVirtuales-ThreadStarter 1-35
2026-10-07 15:13:22,557 INFO o.a.j.t.JMeterThread: Thread is done: GPSVirtuales-ThreadStarter 1-28
2026-10-07 15:13:22,557 INFO o.a.j.t.JMeterThread: Thread is done: GPSVirtuales-ThreadStarter 1-40
2026-10-07 15:13:22,557 INFO o.a.j.t.JMeterThread: Thread is done: GPSVirtuales-ThreadStarter 1-48
2026-10-07 15:13:22,557 INFO o.a.j.t.JMeterThread: Thread finished: GPSVirtuales-ThreadStarter 1-48
2026-10-07 15:13:22,557 INFO o.a.j.t.JMeterThread: Thread finished: GPSVirtuales-ThreadStarter 1-40
2026-10-07 15:13:22,557 INFO o.a.j.t.JMeterThread: Thread is done: GPSVirtuales-ThreadStarter 1-38
2026-10-07 15:13:22,557 INFO o.a.j.t.JMeterThread: Thread finished: GPSVirtuales-ThreadStarter 1-38
2026-10-07 15:13:22,557 INFO o.a.j.t.JMeterThread: Thread finished: GPSVirtuales-ThreadStarter 1-28
2026-10-07 15:13:22,736 INFO o.a.j.t.JMeterThread: Thread is done: GPSVirtuales-ThreadStarter 1-42
2026-10-07 15:13:22,736 INFO o.a.j.t.JMeterThread: Thread is done: GPSVirtuales-ThreadStarter 1-7
2026-10-07 15:13:22,736 INFO o.a.j.t.JMeterThread: Thread is done: GPSVirtuales-ThreadStarter 1-12
2026-10-07 15:13:22,736 INFO o.a.j.t.JMeterThread: Thread finished: GPSVirtuales-ThreadStarter 1-42
2026-10-07 15:13:22,736 INFO o.a.j.t.JMeterThread: Thread finished: GPSVirtuales-ThreadStarter 1-12
2026-10-07 15:13:22,736 INFO o.a.j.t.JMeterThread: Thread is done: GPSVirtuales-ThreadStarter 1-37
2026-10-07 15:13:22,736 INFO o.a.j.t.JMeterThread: Thread is done: GPSVirtuales-ThreadStarter 1-15
2026-10-07 15:13:22,736 INFO o.a.j.t.JMeterThread: Thread finished: GPSVirtuales-ThreadStarter 1-15
2026-10-07 15:13:22,736 INFO o.a.j.t.JMeterThread: Thread finished: GPSVirtuales-ThreadStarter 1-7
2026-10-07 15:13:22,736 INFO o.a.j.t.JMeterThread: Thread finished: GPSVirtuales-ThreadStarter 1-37
2026-10-07 15:13:23,003 INFO o.a.j.t.JMeterThread: Thread is done: GPSVirtuales-ThreadStarter 1-3
2026-10-07 15:13:23,003 INFO o.a.j.t.JMeterThread: Thread finished: GPSVirtuales-ThreadStarter 1-3
2026-10-07 15:13:23,065 INFO o.a.j.t.JMeterThread: Thread is done: GPSVirtuales-ThreadStarter 1-22
2026-10-07 15:13:23,065 INFO o.a.j.t.JMeterThread: Thread finished: GPSVirtuales-ThreadStarter 1-22
2026-10-07 15:13:23,138 INFO o.a.j.t.JMeterThread: Thread is done: GPSVirtuales-ThreadStarter 1-1
2026-10-07 15:13:23,138 INFO o.a.j.t.JMeterThread: Thread is done: GPSVirtuales-ThreadStarter 1-43
2026-10-07 15:13:23,138 INFO o.a.j.t.JMeterThread: Thread finished: GPSVirtuales-ThreadStarter 1-1
2026-10-07 15:13:23,138 INFO o.a.j.t.JMeterThread: Thread finished: GPSVirtuales-ThreadStarter 1-43
2026-10-07 15:13:23,263 INFO o.a.j.t.JMeterThread: Thread is done: GPSVirtuales-ThreadStarter 1-27
2026-10-07 15:13:23,263 INFO o.a.j.t.JMeterThread: Thread is done: GPSVirtuales-ThreadStarter 1-6
2026-10-07 15:13:23,263 INFO o.a.j.t.JMeterThread: Thread finished: GPSVirtuales-ThreadStarter 1-27
2026-10-07 15:13:23,263 INFO o.a.j.t.JMeterThread: Thread is done: GPSVirtuales-ThreadStarter 1-45
2026-10-07 15:13:23,263 INFO o.a.j.t.JMeterThread: Thread finished: GPSVirtuales-ThreadStarter 1-45
2026-10-07 15:13:23,263 INFO o.a.j.t.JMeterThread: Thread finished: GPSVirtuales-ThreadStarter 1-6
2026-10-07 15:13:23,391 INFO o.a.j.e.StandardJMeterEngine: Notifying test listeners of end of test
2026-10-07 15:13:23,391 INFO o.a.j.s.FileServer: Close: /Users/carlos.jimenez/Documents/carga/traccar-gps/datos_positions_user_carlos.csv
2026-10-07 15:13:23,392 INFO o.a.j.g.u.JMeterMenuBar: setRunning(false, *local*)
2026-10-07 15:13:23,425 INFO o.a.j.t.JMeterThread: Thread is done: GPSVirtuales-ThreadStarter 1-41
2026-10-07 15:13:23,425 INFO o.a.j.t.JMeterThread: Thread is done: GPSVirtuales-ThreadStarter 1-18
2026-10-07 15:13:23,425 INFO o.a.j.t.JMeterThread: Thread is done: GPSVirtuales-ThreadStarter 1-24
2026-10-07 15:13:23,425 INFO o.a.j.t.JMeterThread: Thread is done: GPSVirtuales-ThreadStarter 1-9
2026-10-07 15:13:23,425 INFO o.a.j.t.JMeterThread: Thread finished: GPSVirtuales-ThreadStarter 1-18
2026-10-07 15:13:23,425 INFO o.a.j.t.JMeterThread: Thread finished: GPSVirtuales-ThreadStarter 1-41
2026-10-07 15:13:23,425 INFO o.a.j.t.JMeterThread: Thread finished: GPSVirtuales-ThreadStarter 1-9
2026-10-07 15:13:23,425 INFO o.a.j.t.JMeterThread: Thread finished: GPSVirtuales-ThreadStarter 1-24
2026-10-07 15:13:23,568 INFO o.a.j.t.JMeterThread: Thread is done: GPSVirtuales-ThreadStarter 1-30
2026-10-07 15:13:23,568 INFO o.a.j.t.JMeterThread: Thread is done: GPSVirtuales-ThreadStarter 1-49
2026-10-07 15:13:23,568 INFO o.a.j.t.JMeterThread: Thread is done: GPSVirtuales-ThreadStarter 1-25
2026-10-07 15:13:23,568 INFO o.a.j.t.JMeterThread: Thread finished: GPSVirtuales-ThreadStarter 1-30
2026-10-07 15:13:23,568 INFO o.a.j.t.JMeterThread: Thread is done: GPSVirtuales-ThreadStarter 1-32
2026-10-07 15:13:23,568 INFO o.a.j.t.JMeterThread: Thread finished: GPSVirtuales-ThreadStarter 1-49
2026-10-07 15:13:23,568 INFO o.a.j.t.JMeterThread: Thread finished: GPSVirtuales-ThreadStarter 1-32
2026-10-07 15:13:23,568 INFO o.a.j.t.JMeterThread: Thread finished: GPSVirtuales-ThreadStarter 1-25
2026-10-07 15:13:23,783 INFO o.a.j.t.JMeterThread: Thread is done: GPSVirtuales-ThreadStarter 1-8
2026-10-07 15:13:23,783 INFO o.a.j.t.JMeterThread: Thread is done: GPSVirtuales-ThreadStarter 1-14
2026-10-07 15:13:23,783 INFO o.a.j.t.JMeterThread: Thread is done: GPSVirtuales-ThreadStarter 1-10
2026-10-07 15:13:23,783 INFO o.a.j.t.JMeterThread: Thread is done: GPSVirtuales-ThreadStarter 1-31
2026-10-07 15:13:23,783 INFO o.a.j.t.JMeterThread: Thread is done: GPSVirtuales-ThreadStarter 1-36
2026-10-07 15:13:23,783 INFO o.a.j.t.JMeterThread: Thread finished: GPSVirtuales-ThreadStarter 1-8
2026-10-07 15:13:23,783 INFO o.a.j.t.JMeterThread: Thread finished: GPSVirtuales-ThreadStarter 1-14
2026-10-07 15:13:23,783 INFO o.a.j.t.JMeterThread: Thread finished: GPSVirtuales-ThreadStarter 1-36
2026-10-07 15:13:23,783 INFO o.a.j.t.JMeterThread: Thread finished: GPSVirtuales-ThreadStarter 1-31
2026-10-07 15:13:23,783 INFO o.a.j.t.JMeterThread: Thread finished: GPSVirtuales-ThreadStarter 1-10
2026-10-07 15:13:24,039 INFO o.a.j.t.JMeterThread: Thread is done: GPSVirtuales-ThreadStarter 1-5
2026-10-07 15:13:24,040 INFO o.a.j.t.JMeterThread: Thread finished: GPSVirtuales-ThreadStarter 1-5
2026-10-07 15:13:24,065 INFO o.a.j.t.JMeterThread: Thread is done: GPSVirtuales-ThreadStarter 1-44
2026-10-07 15:13:24,065 INFO o.a.j.t.JMeterThread: Thread finished: GPSVirtuales-ThreadStarter 1-44
2026-10-07 15:13:24,158 INFO o.a.j.t.JMeterThread: Thread is done: GPSVirtuales-ThreadStarter 1-39
2026-10-07 15:13:24,158 INFO o.a.j.t.JMeterThread: Thread is done: GPSVirtuales-ThreadStarter 1-23
2026-10-07 15:13:24,158 INFO o.a.j.t.JMeterThread: Thread finished: GPSVirtuales-ThreadStarter 1-39
2026-10-07 15:13:24,158 INFO o.a.j.t.JMeterThread: Thread finished: GPSVirtuales-ThreadStarter 1-23
2026-10-07 15:13:24,257 INFO o.a.j.t.JMeterThread: Thread is done: GPSVirtuales-ThreadStarter 1-33
2026-10-07 15:13:24,257 INFO o.a.j.t.JMeterThread: Thread finished: GPSVirtuales-ThreadStarter 1-33
2026-10-07 15:13:24,257 INFO o.a.j.t.JMeterThread: Thread is done: GPSVirtuales-ThreadStarter 1-47
2026-10-07 15:13:24,257 INFO o.a.j.t.JMeterThread: Thread is done: GPSVirtuales-ThreadStarter 1-46
2026-10-07 15:13:24,257 INFO o.a.j.t.JMeterThread: Thread finished: GPSVirtuales-ThreadStarter 1-47
2026-10-07 15:13:24,258 INFO o.a.j.t.JMeterThread: Thread finished: GPSVirtuales-ThreadStarter 1-46
2026-10-07 15:13:24,486 INFO o.a.j.t.JMeterThread: Thread is done: GPSVirtuales-ThreadStarter 1-11
2026-10-07 15:13:24,486 INFO o.a.j.t.JMeterThread: Thread is done: GPSVirtuales-ThreadStarter 1-29
2026-10-07 15:13:24,486 INFO o.a.j.t.JMeterThread: Thread is done: GPSVirtuales-ThreadStarter 1-4
2026-10-07 15:13:24,487 INFO o.a.j.t.JMeterThread: Thread is done: GPSVirtuales-ThreadStarter 1-2
2026-10-07 15:13:24,487 INFO o.a.j.t.JMeterThread: Thread is done: GPSVirtuales-ThreadStarter 1-34
2026-10-07 15:13:24,487 INFO o.a.j.t.JMeterThread: Thread finished: GPSVirtuales-ThreadStarter 1-34
2026-10-07 15:13:24,487 INFO o.a.j.t.JMeterThread: Thread finished: GPSVirtuales-ThreadStarter 1-4
2026-10-07 15:13:24,487 INFO o.a.j.t.JMeterThread: Thread finished: GPSVirtuales-ThreadStarter 1-29
2026-10-07 15:13:24,487 INFO o.a.j.t.JMeterThread: Thread finished: GPSVirtuales-ThreadStarter 1-2
2026-10-07 15:13:24,487 INFO o.a.j.t.JMeterThread: Thread finished: GPSVirtuales-ThreadStarter 1-11
2026-10-07 15:13:24,487 INFO o.a.j.t.JMeterThread: Thread is done: GPSVirtuales-ThreadStarter 1-20
2026-10-07 15:13:24,487 INFO o.a.j.t.JMeterThread: Thread finished: GPSVirtuales-ThreadStarter 1-20
2026-10-07 15:13:24,693 INFO o.a.j.t.JMeterThread: Thread is done: GPSVirtuales-ThreadStarter 1-26
2026-10-07 15:13:24,693 INFO o.a.j.t.JMeterThread: Thread is done: GPSVirtuales-ThreadStarter 1-35
2026-10-07 15:13:24,693 INFO o.a.j.t.JMeterThread: Thread is done: GPSVirtuales-ThreadStarter 1-19
2026-10-07 15:13:24,693 INFO o.a.j.t.JMeterThread: Thread is done: GPSVirtuales-ThreadStarter 1-16
2026-10-07 15:13:24,693 INFO o.a.j.t.JMeterThread: Thread finished: GPSVirtuales-ThreadStarter 1-19
2026-10-07 15:13:24,693 INFO o.a.j.t.JMeterThread: Thread is done: GPSVirtuales-ThreadStarter 1-17
2026-10-07 15:13:24,693 INFO o.a.j.t.JMeterThread: Thread finished: GPSVirtuales-ThreadStarter 1-35
2026-10-07 15:13:24,693 INFO o.a.j.t.JMeterThread: Thread finished: GPSVirtuales-ThreadStarter 1-17
2026-10-07 15:13:24,693 INFO o.a.j.t.JMeterThread: Thread finished: GPSVirtuales-ThreadStarter 1-26
2026-10-07 15:13:24,693 INFO o.a.j.t.JMeterThread: Thread finished: GPSVirtuales-ThreadStarter 1-16
2026-10-07 15:14:31,124 INFO o.a.j.e.StandardJMeterEngine: Running the test!
2026-10-07 15:14:31,127 INFO o.a.j.s.SampleEvent: List of sample_variables: []
2026-10-07 15:14:31,129 WARN o.a.j.r.ResultCollector: Error creating directories for /Users/familia/Documents/IT4ALL/Test/WARENA/Referencia
2026-10-07 15:14:31,131 WARN o.a.j.r.ResultCollector: Error creating directories for /Users/familia/Documents/IT4ALL/Test/WARENA/Referencia
2026-10-07 15:14:31,131 INFO o.a.j.g.u.JMeterMenuBar: setRunning(true, *local*)
2026-10-07 15:14:31,193 INFO o.a.j.e.StandardJMeterEngine: Starting ThreadGroup: 1 : GPSVirtuales
2026-10-07 15:14:31,194 INFO o.a.j.e.StandardJMeterEngine: Starting 50 threads for group GPSVirtuales.
2026-10-07 15:14:31,194 INFO o.a.j.e.StandardJMeterEngine: Thread will continue on error
2026-10-07 15:14:31,194 INFO o.a.j.e.StandardJMeterEngine: All thread groups have been started
2026-10-07 15:14:31,194 INFO c.b.j.t.c.ConcurrencyThreadStarter: Start supplying threads
2026-10-07 15:14:31,195 INFO o.a.j.t.JMeterThread: Thread started: GPSVirtuales-ThreadStarter 1-1
2026-10-07 15:14:31,195 INFO o.a.j.t.JMeterThread: Thread started: GPSVirtuales-ThreadStarter 1-2
2026-10-07 15:14:31,195 INFO o.a.j.t.JMeterThread: Thread started: GPSVirtuales-ThreadStarter 1-3
2026-10-07 15:14:31,195 INFO o.a.j.s.FileServer: Stored: /Users/carlos.jimenez/Documents/carga/traccar-gps/datos_posiciones_user_daniela.csv
2026-10-07 15:14:31,196 INFO o.a.j.t.JMeterThread: Thread started: GPSVirtuales-ThreadStarter 1-4
2026-10-07 15:14:31,196 INFO o.a.j.t.JMeterThread: Thread started: GPSVirtuales-ThreadStarter 1-5
2026-10-07 15:14:31,196 INFO o.a.j.t.JMeterThread: Thread started: GPSVirtuales-ThreadStarter 1-7
2026-10-07 15:14:31,196 INFO o.a.j.t.JMeterThread: Thread started: GPSVirtuales-ThreadStarter 1-6
2026-10-07 15:14:31,196 INFO o.a.j.t.JMeterThread: Thread started: GPSVirtuales-ThreadStarter 1-8
2026-10-07 15:14:31,196 INFO o.a.j.t.JMeterThread: Thread started: GPSVirtuales-ThreadStarter 1-9
2026-10-07 15:14:31,197 INFO o.a.j.t.JMeterThread: Thread started: GPSVirtuales-ThreadStarter 1-10
2026-10-07 15:14:31,197 INFO o.a.j.t.JMeterThread: Thread started: GPSVirtuales-ThreadStarter 1-11
2026-10-07 15:14:31,197 INFO o.a.j.t.JMeterThread: Thread started: GPSVirtuales-ThreadStarter 1-12
2026-10-07 15:14:31,197 INFO o.a.j.t.JMeterThread: Thread started: GPSVirtuales-ThreadStarter 1-13
2026-10-07 15:14:31,197 INFO o.a.j.t.JMeterThread: Thread started: GPSVirtuales-ThreadStarter 1-14
2026-10-07 15:14:31,197 INFO o.a.j.t.JMeterThread: Thread started: GPSVirtuales-ThreadStarter 1-15
2026-10-07 15:14:31,198 INFO o.a.j.t.JMeterThread: Thread started: GPSVirtuales-ThreadStarter 1-16
2026-10-07 15:14:31,198 INFO o.a.j.t.JMeterThread: Thread started: GPSVirtuales-ThreadStarter 1-17
2026-10-07 15:14:31,198 INFO o.a.j.t.JMeterThread: Thread started: GPSVirtuales-ThreadStarter 1-18
2026-10-07 15:14:31,198 INFO o.a.j.t.JMeterThread: Thread started: GPSVirtuales-ThreadStarter 1-19
2026-10-07 15:14:31,198 INFO o.a.j.t.JMeterThread: Thread started: GPSVirtuales-ThreadStarter 1-20
2026-10-07 15:14:31,199 INFO o.a.j.t.JMeterThread: Thread started: GPSVirtuales-ThreadStarter 1-21
2026-10-07 15:14:31,200 INFO o.a.j.t.JMeterThread: Thread started: GPSVirtuales-ThreadStarter 1-22
2026-10-07 15:14:31,200 INFO o.a.j.t.JMeterThread: Thread started: GPSVirtuales-ThreadStarter 1-23
2026-10-07 15:14:31,200 INFO o.a.j.t.JMeterThread: Thread started: GPSVirtuales-ThreadStarter 1-24
2026-10-07 15:14:31,200 INFO o.a.j.t.JMeterThread: Thread started: GPSVirtuales-ThreadStarter 1-25
2026-10-07 15:14:31,201 INFO o.a.j.t.JMeterThread: Thread started: GPSVirtuales-ThreadStarter 1-26
2026-10-07 15:14:31,202 INFO o.a.j.t.JMeterThread: Thread started: GPSVirtuales-ThreadStarter 1-27
2026-10-07 15:14:31,202 INFO o.a.j.t.JMeterThread: Thread started: GPSVirtuales-ThreadStarter 1-28
2026-10-07 15:14:31,202 INFO o.a.j.t.JMeterThread: Thread started: GPSVirtuales-ThreadStarter 1-29
2026-10-07 15:14:31,202 INFO o.a.j.t.JMeterThread: Thread started: GPSVirtuales-ThreadStarter 1-30
2026-10-07 15:14:31,203 INFO o.a.j.t.JMeterThread: Thread started: GPSVirtuales-ThreadStarter 1-31
2026-10-07 15:14:31,203 INFO o.a.j.t.JMeterThread: Thread started: GPSVirtuales-ThreadStarter 1-33
2026-10-07 15:14:31,203 INFO o.a.j.t.JMeterThread: Thread started: GPSVirtuales-ThreadStarter 1-32
2026-10-07 15:14:31,203 INFO o.a.j.t.JMeterThread: Thread started: GPSVirtuales-ThreadStarter 1-34
2026-10-07 15:14:31,203 INFO o.a.j.t.JMeterThread: Thread started: GPSVirtuales-ThreadStarter 1-35
2026-10-07 15:14:31,204 INFO o.a.j.t.JMeterThread: Thread started: GPSVirtuales-ThreadStarter 1-36
2026-10-07 15:14:31,204 INFO o.a.j.t.JMeterThread: Thread started: GPSVirtuales-ThreadStarter 1-37
2026-10-07 15:14:31,204 INFO o.a.j.t.JMeterThread: Thread started: GPSVirtuales-ThreadStarter 1-38
2026-10-07 15:14:31,204 INFO o.a.j.t.JMeterThread: Thread started: GPSVirtuales-ThreadStarter 1-39
2026-10-07 15:14:31,205 INFO o.a.j.t.JMeterThread: Thread started: GPSVirtuales-ThreadStarter 1-40
2026-10-07 15:14:31,205 INFO o.a.j.t.JMeterThread: Thread started: GPSVirtuales-ThreadStarter 1-41
2026-10-07 15:14:31,205 INFO o.a.j.t.JMeterThread: Thread started: GPSVirtuales-ThreadStarter 1-42
2026-10-07 15:14:31,205 INFO o.a.j.t.JMeterThread: Thread started: GPSVirtuales-ThreadStarter 1-43
2026-10-07 15:14:31,205 INFO o.a.j.t.JMeterThread: Thread started: GPSVirtuales-ThreadStarter 1-44
2026-10-07 15:14:31,206 INFO o.a.j.t.JMeterThread: Thread started: GPSVirtuales-ThreadStarter 1-45
2026-10-07 15:14:31,206 INFO o.a.j.t.JMeterThread: Thread started: GPSVirtuales-ThreadStarter 1-46
2026-10-07 15:14:31,206 INFO o.a.j.t.JMeterThread: Thread started: GPSVirtuales-ThreadStarter 1-47
2026-10-07 15:14:31,206 INFO o.a.j.t.JMeterThread: Thread started: GPSVirtuales-ThreadStarter 1-48
2026-10-07 15:14:31,207 INFO o.a.j.t.JMeterThread: Thread started: GPSVirtuales-ThreadStarter 1-49
2026-10-07 15:14:31,207 INFO o.a.j.t.JMeterThread: Thread started: GPSVirtuales-ThreadStarter 1-50
2026-10-07 15:14:31,215 WARN k.a.j.t.VariableThroughputTimer: No free threads available in current Thread Group GPSVirtuales, made 0 samples/s for expected rps 25.0 samples/s, increase your number of threads
2026-10-07 15:14:34,100 WARN k.a.j.t.VariableThroughputTimer: No free threads available in current Thread Group GPSVirtuales, made 19 samples/s for expected rps 25.0 samples/s, increase your number of threads
2026-10-07 15:14:35,021 WARN k.a.j.t.VariableThroughputTimer: No free threads available in current Thread Group GPSVirtuales, made 6 samples/s for expected rps 25.0 samples/s, increase your number of threads
2026-10-07 15:14:36,030 WARN k.a.j.t.VariableThroughputTimer: No free threads available in current Thread Group GPSVirtuales, made 8 samples/s for expected rps 25.0 samples/s, increase your number of threads
2026-10-07 15:14:37,031 WARN k.a.j.t.VariableThroughputTimer: No free threads available in current Thread Group GPSVirtuales, made 8 samples/s for expected rps 25.0 samples/s, increase your number of threads
2026-10-07 15:14:38,161 WARN k.a.j.t.VariableThroughputTimer: No free threads available in current Thread Group GPSVirtuales, made 7 samples/s for expected rps 25.0 samples/s, increase your number of threads
2026-10-07 15:14:39,147 WARN k.a.j.t.VariableThroughputTimer: No free threads available in current Thread Group GPSVirtuales, made 7 samples/s for expected rps 25.0 samples/s, increase your number of threads
2026-10-07 15:14:40,093 WARN k.a.j.t.VariableThroughputTimer: No free threads available in current Thread Group GPSVirtuales, made 6 samples/s for expected rps 25.0 samples/s, increase your number of threads
2026-10-07 15:14:41,067 WARN k.a.j.t.VariableThroughputTimer: No free threads available in current Thread Group GPSVirtuales, made 7 samples/s for expected rps 25.0 samples/s, increase your number of threads
2026-10-07 15:14:42,109 WARN k.a.j.t.VariableThroughputTimer: No free threads available in current Thread Group GPSVirtuales, made 6 samples/s for expected rps 25.0 samples/s, increase your number of threads
2026-10-07 15:14:43,024 WARN k.a.j.t.VariableThroughputTimer: No free threads available in current Thread Group GPSVirtuales, made 7 samples/s for expected rps 25.0 samples/s, increase your number of threads
2026-10-07 15:14:44,178 WARN k.a.j.t.VariableThroughputTimer: No free threads available in current Thread Group GPSVirtuales, made 7 samples/s for expected rps 25.0 samples/s, increase your number of threads
2026-10-07 15:14:45,095 WARN k.a.j.t.VariableThroughputTimer: No free threads available in current Thread Group GPSVirtuales, made 7 samples/s for expected rps 25.0 samples/s, increase your number of threads
2026-10-07 15:14:46,043 WARN k.a.j.t.VariableThroughputTimer: No free threads available in current Thread Group GPSVirtuales, made 6 samples/s for expected rps 25.0 samples/s, increase your number of threads
2026-10-07 15:14:47,175 WARN k.a.j.t.VariableThroughputTimer: No free threads available in current Thread Group GPSVirtuales, made 8 samples/s for expected rps 25.0 samples/s, increase your number of threads
2026-10-07 15:14:48,060 WARN k.a.j.t.VariableThroughputTimer: No free threads available in current Thread Group GPSVirtuales, made 7 samples/s for expected rps 25.0 samples/s, increase your number of threads
2026-10-07 15:14:49,068 WARN k.a.j.t.VariableThroughputTimer: No free threads available in current Thread Group GPSVirtuales, made 9 samples/s for expected rps 25.0 samples/s, increase your number of threads
2026-10-07 15:14:50,094 WARN k.a.j.t.VariableThroughputTimer: No free threads available in current Thread Group GPSVirtuales, made 8 samples/s for expected rps 25.0 samples/s, increase your number of threads
2026-10-07 15:14:51,103 WARN k.a.j.t.VariableThroughputTimer: No free threads available in current Thread Group GPSVirtuales, made 7 samples/s for expected rps 25.0 samples/s, increase your number of threads
2026-10-07 15:14:52,016 WARN k.a.j.t.VariableThroughputTimer: No free threads available in current Thread Group GPSVirtuales, made 6 samples/s for expected rps 25.0 samples/s, increase your number of threads
2026-10-07 15:14:53,002 WARN k.a.j.t.VariableThroughputTimer: No free threads available in current Thread Group GPSVirtuales, made 8 samples/s for expected rps 25.0 samples/s, increase your number of threads
2026-10-07 15:14:54,103 WARN k.a.j.t.VariableThroughputTimer: No free threads available in current Thread Group GPSVirtuales, made 8 samples/s for expected rps 25.0 samples/s, increase your number of threads
2026-10-07 15:14:55,079 WARN k.a.j.t.VariableThroughputTimer: No free threads available in current Thread Group GPSVirtuales, made 7 samples/s for expected rps 25.0 samples/s, increase your number of threads
2026-10-07 15:14:56,141 WARN k.a.j.t.VariableThroughputTimer: No free threads available in current Thread Group GPSVirtuales, made 7 samples/s for expected rps 25.0 samples/s, increase your number of threads
2026-10-07 15:14:57,047 WARN k.a.j.t.VariableThroughputTimer: No free threads available in current Thread Group GPSVirtuales, made 7 samples/s for expected rps 25.0 samples/s, increase your number of threads
2026-10-07 15:14:58,107 WARN k.a.j.t.VariableThroughputTimer: No free threads available in current Thread Group GPSVirtuales, made 7 samples/s for expected rps 25.0 samples/s, increase your number of threads
2026-10-07 15:14:59,025 WARN k.a.j.t.VariableThroughputTimer: No free threads available in current Thread Group GPSVirtuales, made 7 samples/s for expected rps 25.0 samples/s, increase your number of threads
2026-10-07 15:15:00,083 WARN k.a.j.t.VariableThroughputTimer: No free threads available in current Thread Group GPSVirtuales, made 7 samples/s for expected rps 25.0 samples/s, increase your number of threads
2026-10-07 15:15:01,028 WARN k.a.j.t.VariableThroughputTimer: No free threads available in current Thread Group GPSVirtuales, made 8 samples/s for expected rps 25.0 samples/s, increase your number of threads
2026-10-07 15:15:02,051 WARN k.a.j.t.VariableThroughputTimer: No free threads available in current Thread Group GPSVirtuales, made 7 samples/s for expected rps 25.0 samples/s, increase your number of threads
2026-10-07 15:15:03,024 WARN k.a.j.t.VariableThroughputTimer: No free threads available in current Thread Group GPSVirtuales, made 8 samples/s for expected rps 25.0 samples/s, increase your number of threads
2026-10-07 15:15:04,093 WARN k.a.j.t.VariableThroughputTimer: No free threads available in current Thread Group GPSVirtuales, made 7 samples/s for expected rps 25.0 samples/s, increase your number of threads
2026-10-07 15:15:05,051 WARN k.a.j.t.VariableThroughputTimer: No free threads available in current Thread Group GPSVirtuales, made 7 samples/s for expected rps 25.0 samples/s, increase your number of threads
2026-10-07 15:15:06,121 WARN k.a.j.t.VariableThroughputTimer: No free threads available in current Thread Group GPSVirtuales, made 6 samples/s for expected rps 25.0 samples/s, increase your number of threads
2026-10-07 15:15:07,031 WARN k.a.j.t.VariableThroughputTimer: No free threads available in current Thread Group GPSVirtuales, made 6 samples/s for expected rps 25.0 samples/s, increase your number of threads
2026-10-07 15:15:08,000 WARN k.a.j.t.VariableThroughputTimer: No free threads available in current Thread Group GPSVirtuales, made 6 samples/s for expected rps 25.0 samples/s, increase your number of threads
2026-10-07 15:15:09,136 WARN k.a.j.t.VariableThroughputTimer: No free threads available in current Thread Group GPSVirtuales, made 6 samples/s for expected rps 25.0 samples/s, increase your number of threads
2026-10-07 15:15:10,063 WARN k.a.j.t.VariableThroughputTimer: No free threads available in current Thread Group GPSVirtuales, made 7 samples/s for expected rps 25.0 samples/s, increase your number of threads
2026-10-07 15:15:11,100 WARN k.a.j.t.VariableThroughputTimer: No free threads available in current Thread Group GPSVirtuales, made 7 samples/s for expected rps 25.0 samples/s, increase your number of threads
2026-10-07 15:15:12,126 WARN k.a.j.t.VariableThroughputTimer: No free threads available in current Thread Group GPSVirtuales, made 8 samples/s for expected rps 25.0 samples/s, increase your number of threads
2026-10-07 15:15:13,037 WARN k.a.j.t.VariableThroughputTimer: No free threads available in current Thread Group GPSVirtuales, made 6 samples/s for expected rps 25.0 samples/s, increase your number of threads
2026-10-07 15:15:14,074 WARN k.a.j.t.VariableThroughputTimer: No free threads available in current Thread Group GPSVirtuales, made 6 samples/s for expected rps 25.0 samples/s, increase your number of threads
2026-10-07 15:15:15,054 WARN k.a.j.t.VariableThroughputTimer: No free threads available in current Thread Group GPSVirtuales, made 7 samples/s for expected rps 25.0 samples/s, increase your number of threads
2026-10-07 15:15:16,068 WARN k.a.j.t.VariableThroughputTimer: No free threads available in current Thread Group GPSVirtuales, made 6 samples/s for expected rps 25.0 samples/s, increase your number of threads
2026-10-07 15:15:17,173 WARN k.a.j.t.VariableThroughputTimer: No free threads available in current Thread Group GPSVirtuales, made 8 samples/s for expected rps 25.0 samples/s, increase your number of threads
2026-10-07 15:15:18,057 WARN k.a.j.t.VariableThroughputTimer: No free threads available in current Thread Group GPSVirtuales, made 8 samples/s for expected rps 25.0 samples/s, increase your number of threads
2026-10-07 15:15:19,051 WARN k.a.j.t.VariableThroughputTimer: No free threads available in current Thread Group GPSVirtuales, made 9 samples/s for expected rps 25.0 samples/s, increase your number of threads
2026-10-07 15:15:20,034 WARN k.a.j.t.VariableThroughputTimer: No free threads available in current Thread Group GPSVirtuales, made 7 samples/s for expected rps 25.0 samples/s, increase your number of threads
2026-10-07 15:15:21,002 WARN k.a.j.t.VariableThroughputTimer: No free threads available in current Thread Group GPSVirtuales, made 7 samples/s for expected rps 25.0 samples/s, increase your number of threads
2026-10-07 15:15:22,026 WARN k.a.j.t.VariableThroughputTimer: No free threads available in current Thread Group GPSVirtuales, made 8 samples/s for expected rps 25.0 samples/s, increase your number of threads
2026-10-07 15:15:23,097 WARN k.a.j.t.VariableThroughputTimer: No free threads available in current Thread Group GPSVirtuales, made 7 samples/s for expected rps 25.0 samples/s, increase your number of threads
2026-10-07 15:15:24,077 WARN k.a.j.t.VariableThroughputTimer: No free threads available in current Thread Group GPSVirtuales, made 7 samples/s for expected rps 25.0 samples/s, increase your number of threads
2026-10-07 15:15:25,024 WARN k.a.j.t.VariableThroughputTimer: No free threads available in current Thread Group GPSVirtuales, made 6 samples/s for expected rps 25.0 samples/s, increase your number of threads
2026-10-07 15:15:26,033 WARN k.a.j.t.VariableThroughputTimer: No free threads available in current Thread Group GPSVirtuales, made 9 samples/s for expected rps 25.0 samples/s, increase your number of threads
2026-10-07 15:15:27,110 WARN k.a.j.t.VariableThroughputTimer: No free threads available in current Thread Group GPSVirtuales, made 9 samples/s for expected rps 25.0 samples/s, increase your number of threads
2026-10-07 15:15:28,053 WARN k.a.j.t.VariableThroughputTimer: No free threads available in current Thread Group GPSVirtuales, made 9 samples/s for expected rps 25.0 samples/s, increase your number of threads
2026-10-07 15:15:29,065 WARN k.a.j.t.VariableThroughputTimer: No free threads available in current Thread Group GPSVirtuales, made 8 samples/s for expected rps 25.0 samples/s, increase your number of threads
2026-10-07 15:15:30,047 WARN k.a.j.t.VariableThroughputTimer: No free threads available in current Thread Group GPSVirtuales, made 7 samples/s for expected rps 25.0 samples/s, increase your number of threads
2026-10-07 15:15:31,095 WARN k.a.j.t.VariableThroughputTimer: No free threads available in current Thread Group GPSVirtuales, made 8 samples/s for expected rps 25.0 samples/s, increase your number of threads
2026-10-07 15:15:32,045 WARN k.a.j.t.VariableThroughputTimer: No free threads available in current Thread Group GPSVirtuales, made 7 samples/s for expected rps 25.0 samples/s, increase your number of threads
2026-10-07 15:15:33,011 WARN k.a.j.t.VariableThroughputTimer: No free threads available in current Thread Group GPSVirtuales, made 6 samples/s for expected rps 25.0 samples/s, increase your number of threads
2026-10-07 15:15:34,069 WARN k.a.j.t.VariableThroughputTimer: No free threads available in current Thread Group GPSVirtuales, made 7 samples/s for expected rps 25.0 samples/s, increase your number of threads
2026-10-07 15:15:35,128 WARN k.a.j.t.VariableThroughputTimer: No free threads available in current Thread Group GPSVirtuales, made 7 samples/s for expected rps 25.0 samples/s, increase your number of threads
2026-10-07 15:15:36,061 WARN k.a.j.t.VariableThroughputTimer: No free threads available in current Thread Group GPSVirtuales, made 8 samples/s for expected rps 25.0 samples/s, increase your number of threads
2026-10-07 15:15:37,204 WARN k.a.j.t.VariableThroughputTimer: No free threads available in current Thread Group GPSVirtuales, made 8 samples/s for expected rps 25.0 samples/s, increase your number of threads
2026-10-07 15:15:38,151 WARN k.a.j.t.VariableThroughputTimer: No free threads available in current Thread Group GPSVirtuales, made 7 samples/s for expected rps 25.0 samples/s, increase your number of threads
2026-10-07 15:15:39,051 WARN k.a.j.t.VariableThroughputTimer: No free threads available in current Thread Group GPSVirtuales, made 6 samples/s for expected rps 25.0 samples/s, increase your number of threads
2026-10-07 15:15:40,066 WARN k.a.j.t.VariableThroughputTimer: No free threads available in current Thread Group GPSVirtuales, made 7 samples/s for expected rps 25.0 samples/s, increase your number of threads
2026-10-07 15:15:41,029 WARN k.a.j.t.VariableThroughputTimer: No free threads available in current Thread Group GPSVirtuales, made 7 samples/s for expected rps 25.0 samples/s, increase your number of threads
2026-10-07 15:15:42,107 WARN k.a.j.t.VariableThroughputTimer: No free threads available in current Thread Group GPSVirtuales, made 7 samples/s for expected rps 25.0 samples/s, increase your number of threads
2026-10-07 15:15:43,032 WARN k.a.j.t.VariableThroughputTimer: No free threads available in current Thread Group GPSVirtuales, made 6 samples/s for expected rps 25.0 samples/s, increase your number of threads
2026-10-07 15:15:44,034 WARN k.a.j.t.VariableThroughputTimer: No free threads available in current Thread Group GPSVirtuales, made 7 samples/s for expected rps 25.0 samples/s, increase your number of threads
2026-10-07 15:15:45,000 WARN k.a.j.t.VariableThroughputTimer: No free threads available in current Thread Group GPSVirtuales, made 5 samples/s for expected rps 25.0 samples/s, increase your number of threads
2026-10-07 15:15:46,049 WARN k.a.j.t.VariableThroughputTimer: No free threads available in current Thread Group GPSVirtuales, made 8 samples/s for expected rps 25.0 samples/s, increase your number of threads
2026-10-07 15:15:47,001 WARN k.a.j.t.VariableThroughputTimer: No free threads available in current Thread Group GPSVirtuales, made 7 samples/s for expected rps 25.0 samples/s, increase your number of threads
2026-10-07 15:15:48,133 WARN k.a.j.t.VariableThroughputTimer: No free threads available in current Thread Group GPSVirtuales, made 8 samples/s for expected rps 25.0 samples/s, increase your number of threads
2026-10-07 15:15:49,087 WARN k.a.j.t.VariableThroughputTimer: No free threads available in current Thread Group GPSVirtuales, made 7 samples/s for expected rps 25.0 samples/s, increase your number of threads
2026-10-07 15:15:50,106 WARN k.a.j.t.VariableThroughputTimer: No free threads available in current Thread Group GPSVirtuales, made 7 samples/s for expected rps 25.0 samples/s, increase your number of threads
2026-10-07 15:15:51,101 WARN k.a.j.t.VariableThroughputTimer: No free threads available in current Thread Group GPSVirtuales, made 6 samples/s for expected rps 25.0 samples/s, increase your number of threads
2026-10-07 15:15:52,142 WARN k.a.j.t.VariableThroughputTimer: No free threads available in current Thread Group GPSVirtuales, made 7 samples/s for expected rps 25.0 samples/s, increase your number of threads
2026-10-07 15:15:53,098 WARN k.a.j.t.VariableThroughputTimer: No free threads available in current Thread Group GPSVirtuales, made 6 samples/s for expected rps 25.0 samples/s, increase your number of threads
2026-10-07 15:15:54,030 WARN k.a.j.t.VariableThroughputTimer: No free threads available in current Thread Group GPSVirtuales, made 7 samples/s for expected rps 25.0 samples/s, increase your number of threads
2026-10-07 15:15:55,064 WARN k.a.j.t.VariableThroughputTimer: No free threads available in current Thread Group GPSVirtuales, made 8 samples/s for expected rps 25.0 samples/s, increase your number of threads
2026-10-07 15:15:56,073 WARN k.a.j.t.VariableThroughputTimer: No free threads available in current Thread Group GPSVirtuales, made 7 samples/s for expected rps 25.0 samples/s, increase your number of threads
2026-10-07 15:15:57,132 WARN k.a.j.t.VariableThroughputTimer: No free threads available in current Thread Group GPSVirtuales, made 8 samples/s for expected rps 25.0 samples/s, increase your number of threads
2026-10-07 15:15:58,005 WARN k.a.j.t.VariableThroughputTimer: No free threads available in current Thread Group GPSVirtuales, made 7 samples/s for expected rps 25.0 samples/s, increase your number of threads
2026-10-07 15:15:59,022 WARN k.a.j.t.VariableThroughputTimer: No free threads available in current Thread Group GPSVirtuales, made 7 samples/s for expected rps 25.0 samples/s, increase your number of threads
2026-10-07 15:16:00,044 WARN k.a.j.t.VariableThroughputTimer: No free threads available in current Thread Group GPSVirtuales, made 7 samples/s for expected rps 25.0 samples/s, increase your number of threads
2026-10-07 15:16:01,040 WARN k.a.j.t.VariableThroughputTimer: No free threads available in current Thread Group GPSVirtuales, made 6 samples/s for expected rps 25.0 samples/s, increase your number of threads
2026-10-07 15:16:02,050 WARN k.a.j.t.VariableThroughputTimer: No free threads available in current Thread Group GPSVirtuales, made 6 samples/s for expected rps 25.0 samples/s, increase your number of threads
2026-10-07 15:16:03,101 WARN k.a.j.t.VariableThroughputTimer: No free threads available in current Thread Group GPSVirtuales, made 7 samples/s for expected rps 25.0 samples/s, increase your number of threads
2026-10-07 15:16:04,032 WARN k.a.j.t.VariableThroughputTimer: No free threads available in current Thread Group GPSVirtuales, made 6 samples/s for expected rps 25.0 samples/s, increase your number of threads
2026-10-07 15:16:05,132 WARN k.a.j.t.VariableThroughputTimer: No free threads available in current Thread Group GPSVirtuales, made 8 samples/s for expected rps 25.0 samples/s, increase your number of threads
2026-10-07 15:16:06,156 WARN k.a.j.t.VariableThroughputTimer: No free threads available in current Thread Group GPSVirtuales, made 7 samples/s for expected rps 25.0 samples/s, increase your number of threads
2026-10-07 15:16:07,088 WARN k.a.j.t.VariableThroughputTimer: No free threads available in current Thread Group GPSVirtuales, made 7 samples/s for expected rps 25.0 samples/s, increase your number of threads
2026-10-07 15:16:08,002 WARN k.a.j.t.VariableThroughputTimer: No free threads available in current Thread Group GPSVirtuales, made 6 samples/s for expected rps 25.0 samples/s, increase your number of threads
2026-10-07 15:16:09,121 WARN k.a.j.t.VariableThroughputTimer: No free threads available in current Thread Group GPSVirtuales, made 9 samples/s for expected rps 25.0 samples/s, increase your number of threads
2026-10-07 15:16:10,050 WARN k.a.j.t.VariableThroughputTimer: No free threads available in current Thread Group GPSVirtuales, made 6 samples/s for expected rps 25.0 samples/s, increase your number of threads
2026-10-07 15:16:11,008 WARN k.a.j.t.VariableThroughputTimer: No free threads available in current Thread Group GPSVirtuales, made 8 samples/s for expected rps 25.0 samples/s, increase your number of threads
2026-10-07 15:16:12,063 WARN k.a.j.t.VariableThroughputTimer: No free threads available in current Thread Group GPSVirtuales, made 8 samples/s for expected rps 25.0 samples/s, increase your number of threads
2026-10-07 15:16:13,124 WARN k.a.j.t.VariableThroughputTimer: No free threads available in current Thread Group GPSVirtuales, made 8 samples/s for expected rps 25.0 samples/s, increase your number of threads
2026-10-07 15:16:14,111 WARN k.a.j.t.VariableThroughputTimer: No free threads available in current Thread Group GPSVirtuales, made 7 samples/s for expected rps 25.0 samples/s, increase your number of threads
2026-10-07 15:16:15,081 WARN k.a.j.t.VariableThroughputTimer: No free threads available in current Thread Group GPSVirtuales, made 6 samples/s for expected rps 25.0 samples/s, increase your number of threads
2026-10-07 15:16:16,043 WARN k.a.j.t.VariableThroughputTimer: No free threads available in current Thread Group GPSVirtuales, made 7 samples/s for expected rps 25.0 samples/s, increase your number of threads
2026-10-07 15:16:17,080 WARN k.a.j.t.VariableThroughputTimer: No free threads available in current Thread Group GPSVirtuales, made 7 samples/s for expected rps 25.0 samples/s, increase your number of threads
2026-10-07 15:16:18,016 WARN k.a.j.t.VariableThroughputTimer: No free threads available in current Thread Group GPSVirtuales, made 7 samples/s for expected rps 25.0 samples/s, increase your number of threads
2026-10-07 15:16:19,049 WARN k.a.j.t.VariableThroughputTimer: No free threads available in current Thread Group GPSVirtuales, made 7 samples/s for expected rps 25.0 samples/s, increase your number of threads
2026-10-07 15:16:20,167 WARN k.a.j.t.VariableThroughputTimer: No free threads available in current Thread Group GPSVirtuales, made 8 samples/s for expected rps 25.0 samples/s, increase your number of threads
2026-10-07 15:16:21,116 WARN k.a.j.t.VariableThroughputTimer: No free threads available in current Thread Group GPSVirtuales, made 8 samples/s for expected rps 25.0 samples/s, increase your number of threads
2026-10-07 15:16:22,034 WARN k.a.j.t.VariableThroughputTimer: No free threads available in current Thread Group GPSVirtuales, made 7 samples/s for expected rps 25.0 samples/s, increase your number of threads
2026-10-07 15:16:23,096 WARN k.a.j.t.VariableThroughputTimer: No free threads available in current Thread Group GPSVirtuales, made 9 samples/s for expected rps 25.0 samples/s, increase your number of threads
2026-10-07 15:16:24,175 WARN k.a.j.t.VariableThroughputTimer: No free threads available in current Thread Group GPSVirtuales, made 7 samples/s for expected rps 25.0 samples/s, increase your number of threads
2026-10-07 15:16:25,132 WARN k.a.j.t.VariableThroughputTimer: No free threads available in current Thread Group GPSVirtuales, made 7 samples/s for expected rps 25.0 samples/s, increase your number of threads
2026-10-07 15:16:26,064 WARN k.a.j.t.VariableThroughputTimer: No free threads available in current Thread Group GPSVirtuales, made 7 samples/s for expected rps 25.0 samples/s, increase your number of threads
2026-10-07 15:16:27,067 WARN k.a.j.t.VariableThroughputTimer: No free threads available in current Thread Group GPSVirtuales, made 7 samples/s for expected rps 25.0 samples/s, increase your number of threads
2026-10-07 15:16:28,095 WARN k.a.j.t.VariableThroughputTimer: No free threads available in current Thread Group GPSVirtuales, made 9 samples/s for expected rps 25.0 samples/s, increase your number of threads
2026-10-07 15:16:29,036 WARN k.a.j.t.VariableThroughputTimer: No free threads available in current Thread Group GPSVirtuales, made 8 samples/s for expected rps 25.0 samples/s, increase your number of threads
2026-10-07 15:16:30,034 WARN k.a.j.t.VariableThroughputTimer: No free threads available in current Thread Group GPSVirtuales, made 7 samples/s for expected rps 25.0 samples/s, increase your number of threads
2026-10-07 15:16:31,020 WARN k.a.j.t.VariableThroughputTimer: No free threads available in current Thread Group GPSVirtuales, made 7 samples/s for expected rps 25.0 samples/s, increase your number of threads
2026-10-07 15:16:32,111 WARN k.a.j.t.VariableThroughputTimer: No free threads available in current Thread Group GPSVirtuales, made 8 samples/s for expected rps 25.0 samples/s, increase your number of threads
2026-10-07 15:16:33,102 WARN k.a.j.t.VariableThroughputTimer: No free threads available in current Thread Group GPSVirtuales, made 7 samples/s for expected rps 25.0 samples/s, increase your number of threads
2026-10-07 15:16:34,042 WARN k.a.j.t.VariableThroughputTimer: No free threads available in current Thread Group GPSVirtuales, made 7 samples/s for expected rps 25.0 samples/s, increase your number of threads
2026-10-07 15:16:35,004 WARN k.a.j.t.VariableThroughputTimer: No free threads available in current Thread Group GPSVirtuales, made 7 samples/s for expected rps 25.0 samples/s, increase your number of threads
2026-10-07 15:16:36,057 WARN k.a.j.t.VariableThroughputTimer: No free threads available in current Thread Group GPSVirtuales, made 8 samples/s for expected rps 25.0 samples/s, increase your number of threads
2026-10-07 15:16:37,060 WARN k.a.j.t.VariableThroughputTimer: No free threads available in current Thread Group GPSVirtuales, made 9 samples/s for expected rps 25.0 samples/s, increase your number of threads
2026-10-07 15:16:38,012 WARN k.a.j.t.VariableThroughputTimer: No free threads available in current Thread Group GPSVirtuales, made 8 samples/s for expected rps 25.0 samples/s, increase your number of threads
2026-10-07 15:16:39,117 WARN k.a.j.t.VariableThroughputTimer: No free threads available in current Thread Group GPSVirtuales, made 8 samples/s for expected rps 25.0 samples/s, increase your number of threads
2026-10-07 15:16:40,229 WARN k.a.j.t.VariableThroughputTimer: No free threads available in current Thread Group GPSVirtuales, made 6 samples/s for expected rps 25.0 samples/s, increase your number of threads
2026-10-07 15:16:41,121 WARN k.a.j.t.VariableThroughputTimer: No free threads available in current Thread Group GPSVirtuales, made 5 samples/s for expected rps 25.0 samples/s, increase your number of threads
2026-10-07 15:16:42,065 WARN k.a.j.t.VariableThroughputTimer: No free threads available in current Thread Group GPSVirtuales, made 9 samples/s for expected rps 25.0 samples/s, increase your number of threads
2026-10-07 15:16:43,036 WARN k.a.j.t.VariableThroughputTimer: No free threads available in current Thread Group GPSVirtuales, made 7 samples/s for expected rps 25.0 samples/s, increase your number of threads
2026-10-07 15:16:44,126 WARN k.a.j.t.VariableThroughputTimer: No free threads available in current Thread Group GPSVirtuales, made 8 samples/s for expected rps 25.0 samples/s, increase your number of threads
2026-10-07 15:16:45,063 WARN k.a.j.t.VariableThroughputTimer: No free threads available in current Thread Group GPSVirtuales, made 7 samples/s for expected rps 25.0 samples/s, increase your number of threads
2026-10-07 15:16:46,042 WARN k.a.j.t.VariableThroughputTimer: No free threads available in current Thread Group GPSVirtuales, made 7 samples/s for expected rps 25.0 samples/s, increase your number of threads
2026-10-07 15:16:47,036 WARN k.a.j.t.VariableThroughputTimer: No free threads available in current Thread Group GPSVirtuales, made 9 samples/s for expected rps 25.0 samples/s, increase your number of threads
2026-10-07 15:16:48,067 WARN k.a.j.t.VariableThroughputTimer: No free threads available in current Thread Group GPSVirtuales, made 7 samples/s for expected rps 25.0 samples/s, increase your number of threads
2026-10-07 15:16:49,147 WARN k.a.j.t.VariableThroughputTimer: No free threads available in current Thread Group GPSVirtuales, made 7 samples/s for expected rps 25.0 samples/s, increase your number of threads
2026-10-07 15:16:50,032 WARN k.a.j.t.VariableThroughputTimer: No free threads available in current Thread Group GPSVirtuales, made 8 samples/s for expected rps 25.0 samples/s, increase your number of threads
2026-10-07 15:16:51,165 WARN k.a.j.t.VariableThroughputTimer: No free threads available in current Thread Group GPSVirtuales, made 8 samples/s for expected rps 25.0 samples/s, increase your number of threads
2026-10-07 15:16:52,088 WARN k.a.j.t.VariableThroughputTimer: No free threads available in current Thread Group GPSVirtuales, made 6 samples/s for expected rps 25.0 samples/s, increase your number of threads
2026-10-07 15:16:53,070 WARN k.a.j.t.VariableThroughputTimer: No free threads available in current Thread Group GPSVirtuales, made 8 samples/s for expected rps 25.0 samples/s, increase your number of threads
2026-10-07 15:16:54,089 WARN k.a.j.t.VariableThroughputTimer: No free threads available in current Thread Group GPSVirtuales, made 9 samples/s for expected rps 25.0 samples/s, increase your number of threads
2026-10-07 15:16:55,102 WARN k.a.j.t.VariableThroughputTimer: No free threads available in current Thread Group GPSVirtuales, made 8 samples/s for expected rps 25.0 samples/s, increase your number of threads
2026-10-07 15:16:56,076 WARN k.a.j.t.VariableThroughputTimer: No free threads available in current Thread Group GPSVirtuales, made 6 samples/s for expected rps 25.0 samples/s, increase your number of threads
2026-10-07 15:16:57,008 WARN k.a.j.t.VariableThroughputTimer: No free threads available in current Thread Group GPSVirtuales, made 6 samples/s for expected rps 25.0 samples/s, increase your number of threads
2026-10-07 15:16:58,036 WARN k.a.j.t.VariableThroughputTimer: No free threads available in current Thread Group GPSVirtuales, made 7 samples/s for expected rps 25.0 samples/s, increase your number of threads
2026-10-07 15:16:59,010 WARN k.a.j.t.VariableThroughputTimer: No free threads available in current Thread Group GPSVirtuales, made 6 samples/s for expected rps 25.0 samples/s, increase your number of threads
2026-10-07 15:17:00,078 WARN k.a.j.t.VariableThroughputTimer: No free threads available in current Thread Group GPSVirtuales, made 7 samples/s for expected rps 25.0 samples/s, increase your number of threads
2026-10-07 15:17:01,112 WARN k.a.j.t.VariableThroughputTimer: No free threads available in current Thread Group GPSVirtuales, made 7 samples/s for expected rps 25.0 samples/s, increase your number of threads
2026-10-07 15:17:02,108 WARN k.a.j.t.VariableThroughputTimer: No free threads available in current Thread Group GPSVirtuales, made 7 samples/s for expected rps 25.0 samples/s, increase your number of threads
2026-10-07 15:17:03,008 WARN k.a.j.t.VariableThroughputTimer: No free threads available in current Thread Group GPSVirtuales, made 6 samples/s for expected rps 25.0 samples/s, increase your number of threads
2026-10-07 15:17:04,132 WARN k.a.j.t.VariableThroughputTimer: No free threads available in current Thread Group GPSVirtuales, made 7 samples/s for expected rps 25.0 samples/s, increase your number of threads
2026-10-07 15:17:05,068 WARN k.a.j.t.VariableThroughputTimer: No free threads available in current Thread Group GPSVirtuales, made 6 samples/s for expected rps 25.0 samples/s, increase your number of threads
2026-10-07 15:17:06,113 WARN k.a.j.t.VariableThroughputTimer: No free threads available in current Thread Group GPSVirtuales, made 8 samples/s for expected rps 25.0 samples/s, increase your number of threads
2026-10-07 15:17:07,115 WARN k.a.j.t.VariableThroughputTimer: No free threads available in current Thread Group GPSVirtuales, made 9 samples/s for expected rps 25.0 samples/s, increase your number of threads
2026-10-07 15:17:08,056 WARN k.a.j.t.VariableThroughputTimer: No free threads available in current Thread Group GPSVirtuales, made 8 samples/s for expected rps 25.0 samples/s, increase your number of threads
2026-10-07 15:17:09,047 WARN k.a.j.t.VariableThroughputTimer: No free threads available in current Thread Group GPSVirtuales, made 7 samples/s for expected rps 25.0 samples/s, increase your number of threads
2026-10-07 15:17:10,190 WARN k.a.j.t.VariableThroughputTimer: No free threads available in current Thread Group GPSVirtuales, made 8 samples/s for expected rps 25.0 samples/s, increase your number of threads
2026-10-07 15:17:11,056 WARN k.a.j.t.VariableThroughputTimer: No free threads available in current Thread Group GPSVirtuales, made 6 samples/s for expected rps 25.0 samples/s, increase your number of threads
2026-10-07 15:17:12,107 WARN k.a.j.t.VariableThroughputTimer: No free threads available in current Thread Group GPSVirtuales, made 7 samples/s for expected rps 25.0 samples/s, increase your number of threads
2026-10-07 15:17:13,084 WARN k.a.j.t.VariableThroughputTimer: No free threads available in current Thread Group GPSVirtuales, made 8 samples/s for expected rps 25.0 samples/s, increase your number of threads
2026-10-07 15:17:14,022 WARN k.a.j.t.VariableThroughputTimer: No free threads available in current Thread Group GPSVirtuales, made 7 samples/s for expected rps 25.0 samples/s, increase your number of threads
2026-10-07 15:17:15,003 WARN k.a.j.t.VariableThroughputTimer: No free threads available in current Thread Group GPSVirtuales, made 7 samples/s for expected rps 25.0 samples/s, increase your number of threads
2026-10-07 15:17:16,062 WARN k.a.j.t.VariableThroughputTimer: No free threads available in current Thread Group GPSVirtuales, made 7 samples/s for expected rps 25.0 samples/s, increase your number of threads
2026-10-07 15:17:17,089 WARN k.a.j.t.VariableThroughputTimer: No free threads available in current Thread Group GPSVirtuales, made 7 samples/s for expected rps 25.0 samples/s, increase your number of threads
2026-10-07 15:17:18,109 WARN k.a.j.t.VariableThroughputTimer: No free threads available in current Thread Group GPSVirtuales, made 7 samples/s for expected rps 25.0 samples/s, increase your number of threads
2026-10-07 15:17:19,024 WARN k.a.j.t.VariableThroughputTimer: No free threads available in current Thread Group GPSVirtuales, made 6 samples/s for expected rps 25.0 samples/s, increase your number of threads
2026-10-07 15:17:20,084 WARN k.a.j.t.VariableThroughputTimer: No free threads available in current Thread Group GPSVirtuales, made 8 samples/s for expected rps 25.0 samples/s, increase your number of threads
2026-10-07 15:17:21,057 WARN k.a.j.t.VariableThroughputTimer: No free threads available in current Thread Group GPSVirtuales, made 7 samples/s for expected rps 25.0 samples/s, increase your number of threads
2026-10-07 15:17:22,052 WARN k.a.j.t.VariableThroughputTimer: No free threads available in current Thread Group GPSVirtuales, made 8 samples/s for expected rps 25.0 samples/s, increase your number of threads
2026-10-07 15:17:23,136 WARN k.a.j.t.VariableThroughputTimer: No free threads available in current Thread Group GPSVirtuales, made 7 samples/s for expected rps 25.0 samples/s, increase your number of threads
2026-10-07 15:17:24,061 WARN k.a.j.t.VariableThroughputTimer: No free threads available in current Thread Group GPSVirtuales, made 6 samples/s for expected rps 25.0 samples/s, increase your number of threads
2026-10-07 15:17:25,058 WARN k.a.j.t.VariableThroughputTimer: No free threads available in current Thread Group GPSVirtuales, made 5 samples/s for expected rps 25.0 samples/s, increase your number of threads
2026-10-07 15:17:26,015 WARN k.a.j.t.VariableThroughputTimer: No free threads available in current Thread Group GPSVirtuales, made 7 samples/s for expected rps 25.0 samples/s, increase your number of threads
2026-10-07 15:17:27,051 WARN k.a.j.t.VariableThroughputTimer: No free threads available in current Thread Group GPSVirtuales, made 7 samples/s for expected rps 25.0 samples/s, increase your number of threads
2026-10-07 15:17:28,064 WARN k.a.j.t.VariableThroughputTimer: No free threads available in current Thread Group GPSVirtuales, made 9 samples/s for expected rps 25.0 samples/s, increase your number of threads
2026-10-07 15:17:29,105 WARN k.a.j.t.VariableThroughputTimer: No free threads available in current Thread Group GPSVirtuales, made 8 samples/s for expected rps 25.0 samples/s, increase your number of threads
2026-10-07 15:17:30,089 WARN k.a.j.t.VariableThroughputTimer: No free threads available in current Thread Group GPSVirtuales, made 7 samples/s for expected rps 25.0 samples/s, increase your number of threads
2026-10-07 15:17:31,091 WARN k.a.j.t.VariableThroughputTimer: No free threads available in current Thread Group GPSVirtuales, made 6 samples/s for expected rps 25.0 samples/s, increase your number of threads
2026-10-07 15:17:32,098 WARN k.a.j.t.VariableThroughputTimer: No free threads available in current Thread Group GPSVirtuales, made 6 samples/s for expected rps 25.0 samples/s, increase your number of threads
2026-10-07 15:17:33,069 WARN k.a.j.t.VariableThroughputTimer: No free threads available in current Thread Group GPSVirtuales, made 9 samples/s for expected rps 25.0 samples/s, increase your number of threads
2026-10-07 15:17:34,199 WARN k.a.j.t.VariableThroughputTimer: No free threads available in current Thread Group GPSVirtuales, made 8 samples/s for expected rps 25.0 samples/s, increase your number of threads
2026-10-07 15:17:35,119 WARN k.a.j.t.VariableThroughputTimer: No free threads available in current Thread Group GPSVirtuales, made 6 samples/s for expected rps 25.0 samples/s, increase your number of threads
2026-10-07 15:17:36,148 WARN k.a.j.t.VariableThroughputTimer: No free threads available in current Thread Group GPSVirtuales, made 7 samples/s for expected rps 25.0 samples/s, increase your number of threads
2026-10-07 15:17:37,125 WARN k.a.j.t.VariableThroughputTimer: No free threads available in current Thread Group GPSVirtuales, made 6 samples/s for expected rps 25.0 samples/s, increase your number of threads
2026-10-07 15:17:38,004 WARN k.a.j.t.VariableThroughputTimer: No free threads available in current Thread Group GPSVirtuales, made 6 samples/s for expected rps 25.0 samples/s, increase your number of threads
2026-10-07 15:17:39,066 WARN k.a.j.t.VariableThroughputTimer: No free threads available in current Thread Group GPSVirtuales, made 7 samples/s for expected rps 25.0 samples/s, increase your number of threads
2026-10-07 15:17:40,010 WARN k.a.j.t.VariableThroughputTimer: No free threads available in current Thread Group GPSVirtuales, made 5 samples/s for expected rps 25.0 samples/s, increase your number of threads
2026-10-07 15:17:41,026 WARN k.a.j.t.VariableThroughputTimer: No free threads available in current Thread Group GPSVirtuales, made 5 samples/s for expected rps 25.0 samples/s, increase your number of threads
2026-10-07 15:17:42,107 WARN k.a.j.t.VariableThroughputTimer: No free threads available in current Thread Group GPSVirtuales, made 8 samples/s for expected rps 25.0 samples/s, increase your number of threads
2026-10-07 15:17:43,108 WARN k.a.j.t.VariableThroughputTimer: No free threads available in current Thread Group GPSVirtuales, made 7 samples/s for expected rps 25.0 samples/s, increase your number of threads
2026-10-07 15:17:44,265 WARN k.a.j.t.VariableThroughputTimer: No free threads available in current Thread Group GPSVirtuales, made 6 samples/s for expected rps 25.0 samples/s, increase your number of threads
2026-10-07 15:17:45,107 WARN k.a.j.t.VariableThroughputTimer: No free threads available in current Thread Group GPSVirtuales, made 6 samples/s for expected rps 25.0 samples/s, increase your number of threads
2026-10-07 15:17:46,003 WARN k.a.j.t.VariableThroughputTimer: No free threads available in current Thread Group GPSVirtuales, made 4 samples/s for expected rps 25.0 samples/s, increase your number of threads
2026-10-07 15:17:47,009 WARN k.a.j.t.VariableThroughputTimer: No free threads available in current Thread Group GPSVirtuales, made 9 samples/s for expected rps 25.0 samples/s, increase your number of threads
2026-10-07 15:17:48,028 WARN k.a.j.t.VariableThroughputTimer: No free threads available in current Thread Group GPSVirtuales, made 8 samples/s for expected rps 25.0 samples/s, increase your number of threads
2026-10-07 15:17:49,095 WARN k.a.j.t.VariableThroughputTimer: No free threads available in current Thread Group GPSVirtuales, made 7 samples/s for expected rps 25.0 samples/s, increase your number of threads
2026-10-07 15:17:50,114 WARN k.a.j.t.VariableThroughputTimer: No free threads available in current Thread Group GPSVirtuales, made 7 samples/s for expected rps 25.0 samples/s, increase your number of threads
2026-10-07 15:17:51,136 WARN k.a.j.t.VariableThroughputTimer: No free threads available in current Thread Group GPSVirtuales, made 7 samples/s for expected rps 25.0 samples/s, increase your number of threads
2026-10-07 15:17:52,008 WARN k.a.j.t.VariableThroughputTimer: No free threads available in current Thread Group GPSVirtuales, made 7 samples/s for expected rps 25.0 samples/s, increase your number of threads
2026-10-07 15:17:53,089 WARN k.a.j.t.VariableThroughputTimer: No free threads available in current Thread Group GPSVirtuales, made 7 samples/s for expected rps 25.0 samples/s, increase your number of threads
2026-10-07 15:17:54,020 WARN k.a.j.t.VariableThroughputTimer: No free threads available in current Thread Group GPSVirtuales, made 6 samples/s for expected rps 25.0 samples/s, increase your number of threads
2026-10-07 15:17:55,101 WARN k.a.j.t.VariableThroughputTimer: No free threads available in current Thread Group GPSVirtuales, made 7 samples/s for expected rps 25.0 samples/s, increase your number of threads
2026-10-07 15:17:56,077 WARN k.a.j.t.VariableThroughputTimer: No free threads available in current Thread Group GPSVirtuales, made 7 samples/s for expected rps 25.0 samples/s, increase your number of threads
2026-10-07 15:17:57,040 WARN k.a.j.t.VariableThroughputTimer: No free threads available in current Thread Group GPSVirtuales, made 8 samples/s for expected rps 25.0 samples/s, increase your number of threads
2026-10-07 15:17:58,011 WARN k.a.j.t.VariableThroughputTimer: No free threads available in current Thread Group GPSVirtuales, made 8 samples/s for expected rps 25.0 samples/s, increase your number of threads
2026-10-07 15:17:59,090 WARN k.a.j.t.VariableThroughputTimer: No free threads available in current Thread Group GPSVirtuales, made 7 samples/s for expected rps 25.0 samples/s, increase your number of threads
2026-10-07 15:18:00,107 WARN k.a.j.t.VariableThroughputTimer: No free threads available in current Thread Group GPSVirtuales, made 7 samples/s for expected rps 25.0 samples/s, increase your number of threads
2026-10-07 15:18:01,117 WARN k.a.j.t.VariableThroughputTimer: No free threads available in current Thread Group GPSVirtuales, made 8 samples/s for expected rps 25.0 samples/s, increase your number of threads
2026-10-07 15:18:02,161 WARN k.a.j.t.VariableThroughputTimer: No free threads available in current Thread Group GPSVirtuales, made 7 samples/s for expected rps 25.0 samples/s, increase your number of threads
2026-10-07 15:18:03,018 WARN k.a.j.t.VariableThroughputTimer: No free threads available in current Thread Group GPSVirtuales, made 6 samples/s for expected rps 25.0 samples/s, increase your number of threads
2026-10-07 15:18:04,060 WARN k.a.j.t.VariableThroughputTimer: No free threads available in current Thread Group GPSVirtuales, made 8 samples/s for expected rps 25.0 samples/s, increase your number of threads
2026-10-07 15:18:05,021 WARN k.a.j.t.VariableThroughputTimer: No free threads available in current Thread Group GPSVirtuales, made 8 samples/s for expected rps 25.0 samples/s, increase your number of threads
2026-10-07 15:18:06,018 WARN k.a.j.t.VariableThroughputTimer: No free threads available in current Thread Group GPSVirtuales, made 7 samples/s for expected rps 25.0 samples/s, increase your number of threads
2026-10-07 15:18:07,124 WARN k.a.j.t.VariableThroughputTimer: No free threads available in current Thread Group GPSVirtuales, made 8 samples/s for expected rps 25.0 samples/s, increase your number of threads
2026-10-07 15:18:08,044 WARN k.a.j.t.VariableThroughputTimer: No free threads available in current Thread Group GPSVirtuales, made 6 samples/s for expected rps 25.0 samples/s, increase your number of threads
2026-10-07 15:18:09,102 WARN k.a.j.t.VariableThroughputTimer: No free threads available in current Thread Group GPSVirtuales, made 7 samples/s for expected rps 25.0 samples/s, increase your number of threads
2026-10-07 15:18:10,114 WARN k.a.j.t.VariableThroughputTimer: No free threads available in current Thread Group GPSVirtuales, made 8 samples/s for expected rps 25.0 samples/s, increase your number of threads
2026-10-07 15:18:11,149 WARN k.a.j.t.VariableThroughputTimer: No free threads available in current Thread Group GPSVirtuales, made 7 samples/s for expected rps 25.0 samples/s, increase your number of threads
2026-10-07 15:18:12,136 WARN k.a.j.t.VariableThroughputTimer: No free threads available in current Thread Group GPSVirtuales, made 8 samples/s for expected rps 25.0 samples/s, increase your number of threads
2026-10-07 15:18:13,149 WARN k.a.j.t.VariableThroughputTimer: No free threads available in current Thread Group GPSVirtuales, made 6 samples/s for expected rps 25.0 samples/s, increase your number of threads
2026-10-07 15:18:14,155 WARN k.a.j.t.VariableThroughputTimer: No free threads available in current Thread Group GPSVirtuales, made 6 samples/s for expected rps 25.0 samples/s, increase your number of threads
2026-10-07 15:18:15,035 WARN k.a.j.t.VariableThroughputTimer: No free threads available in current Thread Group GPSVirtuales, made 5 samples/s for expected rps 25.0 samples/s, increase your number of threads
2026-10-07 15:18:16,000 WARN k.a.j.t.VariableThroughputTimer: No free threads available in current Thread Group GPSVirtuales, made 7 samples/s for expected rps 25.0 samples/s, increase your number of threads
2026-10-07 15:18:17,039 WARN k.a.j.t.VariableThroughputTimer: No free threads available in current Thread Group GPSVirtuales, made 9 samples/s for expected rps 25.0 samples/s, increase your number of threads
2026-10-07 15:18:18,003 WARN k.a.j.t.VariableThroughputTimer: No free threads available in current Thread Group GPSVirtuales, made 7 samples/s for expected rps 25.0 samples/s, increase your number of threads
2026-10-07 15:18:19,099 WARN k.a.j.t.VariableThroughputTimer: No free threads available in current Thread Group GPSVirtuales, made 8 samples/s for expected rps 25.0 samples/s, increase your number of threads
2026-10-07 15:18:20,087 WARN k.a.j.t.VariableThroughputTimer: No free threads available in current Thread Group GPSVirtuales, made 7 samples/s for expected rps 25.0 samples/s, increase your number of threads
2026-10-07 15:18:21,172 WARN k.a.j.t.VariableThroughputTimer: No free threads available in current Thread Group GPSVirtuales, made 8 samples/s for expected rps 25.0 samples/s, increase your number of threads
2026-10-07 15:18:22,015 WARN k.a.j.t.VariableThroughputTimer: No free threads available in current Thread Group GPSVirtuales, made 6 samples/s for expected rps 25.0 samples/s, increase your number of threads
2026-10-07 15:18:23,087 WARN k.a.j.t.VariableThroughputTimer: No free threads available in current Thread Group GPSVirtuales, made 7 samples/s for expected rps 25.0 samples/s, increase your number of threads
2026-10-07 15:18:24,036 WARN k.a.j.t.VariableThroughputTimer: No free threads available in current Thread Group GPSVirtuales, made 7 samples/s for expected rps 25.0 samples/s, increase your number of threads
2026-10-07 15:18:25,070 WARN k.a.j.t.VariableThroughputTimer: No free threads available in current Thread Group GPSVirtuales, made 8 samples/s for expected rps 25.0 samples/s, increase your number of threads
2026-10-07 15:18:26,158 WARN k.a.j.t.VariableThroughputTimer: No free threads available in current Thread Group GPSVirtuales, made 7 samples/s for expected rps 25.0 samples/s, increase your number of threads
2026-10-07 15:18:27,035 WARN k.a.j.t.VariableThroughputTimer: No free threads available in current Thread Group GPSVirtuales, made 7 samples/s for expected rps 25.0 samples/s, increase your number of threads
2026-10-07 15:18:28,063 WARN k.a.j.t.VariableThroughputTimer: No free threads available in current Thread Group GPSVirtuales, made 7 samples/s for expected rps 25.0 samples/s, increase your number of threads
2026-10-07 15:18:29,017 WARN k.a.j.t.VariableThroughputTimer: No free threads available in current Thread Group GPSVirtuales, made 8 samples/s for expected rps 25.0 samples/s, increase your number of threads
2026-10-07 15:18:30,218 WARN k.a.j.t.VariableThroughputTimer: No free threads available in current Thread Group GPSVirtuales, made 8 samples/s for expected rps 25.0 samples/s, increase your number of threads
2026-10-07 15:18:31,089 WARN k.a.j.t.VariableThroughputTimer: No free threads available in current Thread Group GPSVirtuales, made 6 samples/s for expected rps 25.0 samples/s, increase your number of threads
2026-10-07 15:18:32,100 WARN k.a.j.t.VariableThroughputTimer: No free threads available in current Thread Group GPSVirtuales, made 8 samples/s for expected rps 25.0 samples/s, increase your number of threads
2026-10-07 15:18:33,079 WARN k.a.j.t.VariableThroughputTimer: No free threads available in current Thread Group GPSVirtuales, made 9 samples/s for expected rps 25.0 samples/s, increase your number of threads
2026-10-07 15:18:34,144 WARN k.a.j.t.VariableThroughputTimer: No free threads available in current Thread Group GPSVirtuales, made 7 samples/s for expected rps 25.0 samples/s, increase your number of threads
2026-10-07 15:18:35,007 WARN k.a.j.t.VariableThroughputTimer: No free threads available in current Thread Group GPSVirtuales, made 6 samples/s for expected rps 25.0 samples/s, increase your number of threads
2026-10-07 15:18:36,056 WARN k.a.j.t.VariableThroughputTimer: No free threads available in current Thread Group GPSVirtuales, made 8 samples/s for expected rps 25.0 samples/s, increase your number of threads
2026-10-07 15:18:37,061 WARN k.a.j.t.VariableThroughputTimer: No free threads available in current Thread Group GPSVirtuales, made 9 samples/s for expected rps 25.0 samples/s, increase your number of threads
2026-10-07 15:18:38,101 WARN k.a.j.t.VariableThroughputTimer: No free threads available in current Thread Group GPSVirtuales, made 9 samples/s for expected rps 25.0 samples/s, increase your number of threads
2026-10-07 15:18:39,042 WARN k.a.j.t.VariableThroughputTimer: No free threads available in current Thread Group GPSVirtuales, made 9 samples/s for expected rps 25.0 samples/s, increase your number of threads
2026-10-07 15:18:40,124 WARN k.a.j.t.VariableThroughputTimer: No free threads available in current Thread Group GPSVirtuales, made 8 samples/s for expected rps 25.0 samples/s, increase your number of threads
2026-10-07 15:18:41,106 WARN k.a.j.t.VariableThroughputTimer: No free threads available in current Thread Group GPSVirtuales, made 7 samples/s for expected rps 25.0 samples/s, increase your number of threads
2026-10-07 15:18:42,015 WARN k.a.j.t.VariableThroughputTimer: No free threads available in current Thread Group GPSVirtuales, made 8 samples/s for expected rps 25.0 samples/s, increase your number of threads
2026-10-07 15:18:43,095 WARN k.a.j.t.VariableThroughputTimer: No free threads available in current Thread Group GPSVirtuales, made 8 samples/s for expected rps 25.0 samples/s, increase your number of threads
2026-10-07 15:18:44,100 WARN k.a.j.t.VariableThroughputTimer: No free threads available in current Thread Group GPSVirtuales, made 6 samples/s for expected rps 25.0 samples/s, increase your number of threads
2026-10-07 15:18:45,010 WARN k.a.j.t.VariableThroughputTimer: No free threads available in current Thread Group GPSVirtuales, made 7 samples/s for expected rps 25.0 samples/s, increase your number of threads
2026-10-07 15:18:46,053 WARN k.a.j.t.VariableThroughputTimer: No free threads available in current Thread Group GPSVirtuales, made 7 samples/s for expected rps 25.0 samples/s, increase your number of threads
2026-10-07 15:18:47,018 WARN k.a.j.t.VariableThroughputTimer: No free threads available in current Thread Group GPSVirtuales, made 6 samples/s for expected rps 25.0 samples/s, increase your number of threads
2026-10-07 15:18:48,092 WARN k.a.j.t.VariableThroughputTimer: No free threads available in current Thread Group GPSVirtuales, made 8 samples/s for expected rps 25.0 samples/s, increase your number of threads
2026-10-07 15:18:49,114 WARN k.a.j.t.VariableThroughputTimer: No free threads available in current Thread Group GPSVirtuales, made 7 samples/s for expected rps 25.0 samples/s, increase your number of threads
2026-10-07 15:18:50,159 WARN k.a.j.t.VariableThroughputTimer: No free threads available in current Thread Group GPSVirtuales, made 8 samples/s for expected rps 25.0 samples/s, increase your number of threads
2026-10-07 15:18:51,036 WARN k.a.j.t.VariableThroughputTimer: No free threads available in current Thread Group GPSVirtuales, made 7 samples/s for expected rps 25.0 samples/s, increase your number of threads
2026-10-07 15:18:52,015 WARN k.a.j.t.VariableThroughputTimer: No free threads available in current Thread Group GPSVirtuales, made 7 samples/s for expected rps 25.0 samples/s, increase your number of threads
2026-10-07 15:18:53,134 WARN k.a.j.t.VariableThroughputTimer: No free threads available in current Thread Group GPSVirtuales, made 8 samples/s for expected rps 25.0 samples/s, increase your number of threads
2026-10-07 15:18:54,128 WARN k.a.j.t.VariableThroughputTimer: No free threads available in current Thread Group GPSVirtuales, made 7 samples/s for expected rps 25.0 samples/s, increase your number of threads
2026-10-07 15:18:55,122 WARN k.a.j.t.VariableThroughputTimer: No free threads available in current Thread Group GPSVirtuales, made 7 samples/s for expected rps 25.0 samples/s, increase your number of threads
2026-10-07 15:18:56,131 WARN k.a.j.t.VariableThroughputTimer: No free threads available in current Thread Group GPSVirtuales, made 8 samples/s for expected rps 25.0 samples/s, increase your number of threads
2026-10-07 15:18:57,079 WARN k.a.j.t.VariableThroughputTimer: No free threads available in current Thread Group GPSVirtuales, made 7 samples/s for expected rps 25.0 samples/s, increase your number of threads
2026-10-07 15:18:58,087 WARN k.a.j.t.VariableThroughputTimer: No free threads available in current Thread Group GPSVirtuales, made 7 samples/s for expected rps 25.0 samples/s, increase your number of threads
2026-10-07 15:18:59,035 WARN k.a.j.t.VariableThroughputTimer: No free threads available in current Thread Group GPSVirtuales, made 8 samples/s for expected rps 25.0 samples/s, increase your number of threads
2026-10-07 15:19:00,161 WARN k.a.j.t.VariableThroughputTimer: No free threads available in current Thread Group GPSVirtuales, made 9 samples/s for expected rps 25.0 samples/s, increase your number of threads
2026-10-07 15:19:01,106 WARN k.a.j.t.VariableThroughputTimer: No free threads available in current Thread Group GPSVirtuales, made 7 samples/s for expected rps 25.0 samples/s, increase your number of threads
2026-10-07 15:19:02,170 WARN k.a.j.t.VariableThroughputTimer: No free threads available in current Thread Group GPSVirtuales, made 7 samples/s for expected rps 25.0 samples/s, increase your number of threads
2026-10-07 15:19:03,013 WARN k.a.j.t.VariableThroughputTimer: No free threads available in current Thread Group GPSVirtuales, made 6 samples/s for expected rps 25.0 samples/s, increase your number of threads
2026-10-07 15:19:04,020 WARN k.a.j.t.VariableThroughputTimer: No free threads available in current Thread Group GPSVirtuales, made 7 samples/s for expected rps 25.0 samples/s, increase your number of threads
2026-10-07 15:19:05,134 WARN k.a.j.t.VariableThroughputTimer: No free threads available in current Thread Group GPSVirtuales, made 9 samples/s for expected rps 25.0 samples/s, increase your number of threads
2026-10-07 15:19:06,077 WARN k.a.j.t.VariableThroughputTimer: No free threads available in current Thread Group GPSVirtuales, made 7 samples/s for expected rps 25.0 samples/s, increase your number of threads
2026-10-07 15:19:07,159 WARN k.a.j.t.VariableThroughputTimer: No free threads available in current Thread Group GPSVirtuales, made 7 samples/s for expected rps 25.0 samples/s, increase your number of threads
2026-10-07 15:19:08,055 WARN k.a.j.t.VariableThroughputTimer: No free threads available in current Thread Group GPSVirtuales, made 6 samples/s for expected rps 25.0 samples/s, increase your number of threads
2026-10-07 15:19:09,065 WARN k.a.j.t.VariableThroughputTimer: No free threads available in current Thread Group GPSVirtuales, made 6 samples/s for expected rps 25.0 samples/s, increase your number of threads
2026-10-07 15:19:10,095 WARN k.a.j.t.VariableThroughputTimer: No free threads available in current Thread Group GPSVirtuales, made 6 samples/s for expected rps 25.0 samples/s, increase your number of threads
2026-10-07 15:19:11,042 WARN k.a.j.t.VariableThroughputTimer: No free threads available in current Thread Group GPSVirtuales, made 6 samples/s for expected rps 25.0 samples/s, increase your number of threads
2026-10-07 15:19:12,019 WARN k.a.j.t.VariableThroughputTimer: No free threads available in current Thread Group GPSVirtuales, made 6 samples/s for expected rps 25.0 samples/s, increase your number of threads
2026-10-07 15:19:13,009 WARN k.a.j.t.VariableThroughputTimer: No free threads available in current Thread Group GPSVirtuales, made 6 samples/s for expected rps 25.0 samples/s, increase your number of threads
2026-10-07 15:19:14,140 WARN k.a.j.t.VariableThroughputTimer: No free threads available in current Thread Group GPSVirtuales, made 7 samples/s for expected rps 25.0 samples/s, increase your number of threads
2026-10-07 15:19:15,003 WARN k.a.j.t.VariableThroughputTimer: No free threads available in current Thread Group GPSVirtuales, made 7 samples/s for expected rps 25.0 samples/s, increase your number of threads
2026-10-07 15:19:16,144 WARN k.a.j.t.VariableThroughputTimer: No free threads available in current Thread Group GPSVirtuales, made 8 samples/s for expected rps 25.0 samples/s, increase your number of threads
2026-10-07 15:19:17,044 WARN k.a.j.t.VariableThroughputTimer: No free threads available in current Thread Group GPSVirtuales, made 7 samples/s for expected rps 25.0 samples/s, increase your number of threads
2026-10-07 15:19:18,104 WARN k.a.j.t.VariableThroughputTimer: No free threads available in current Thread Group GPSVirtuales, made 8 samples/s for expected rps 25.0 samples/s, increase your number of threads
2026-10-07 15:19:19,053 WARN k.a.j.t.VariableThroughputTimer: No free threads available in current Thread Group GPSVirtuales, made 7 samples/s for expected rps 25.0 samples/s, increase your number of threads
2026-10-07 15:19:20,105 WARN k.a.j.t.VariableThroughputTimer: No free threads available in current Thread Group GPSVirtuales, made 8 samples/s for expected rps 25.0 samples/s, increase your number of threads
2026-10-07 15:19:21,096 WARN k.a.j.t.VariableThroughputTimer: No free threads available in current Thread Group GPSVirtuales, made 7 samples/s for expected rps 25.0 samples/s, increase your number of threads
2026-10-07 15:19:22,053 WARN k.a.j.t.VariableThroughputTimer: No free threads available in current Thread Group GPSVirtuales, made 9 samples/s for expected rps 25.0 samples/s, increase your number of threads
2026-10-07 15:19:23,028 WARN k.a.j.t.VariableThroughputTimer: No free threads available in current Thread Group GPSVirtuales, made 8 samples/s for expected rps 25.0 samples/s, increase your number of threads
2026-10-07 15:19:24,043 WARN k.a.j.t.VariableThroughputTimer: No free threads available in current Thread Group GPSVirtuales, made 9 samples/s for expected rps 25.0 samples/s, increase your number of threads
2026-10-07 15:19:25,079 WARN k.a.j.t.VariableThroughputTimer: No free threads available in current Thread Group GPSVirtuales, made 8 samples/s for expected rps 25.0 samples/s, increase your number of threads
2026-10-07 15:19:26,019 WARN k.a.j.t.VariableThroughputTimer: No free threads available in current Thread Group GPSVirtuales, made 7 samples/s for expected rps 25.0 samples/s, increase your number of threads
2026-10-07 15:19:27,050 WARN k.a.j.t.VariableThroughputTimer: No free threads available in current Thread Group GPSVirtuales, made 9 samples/s for expected rps 25.0 samples/s, increase your number of threads
2026-10-07 15:19:28,030 WARN k.a.j.t.VariableThroughputTimer: No free threads available in current Thread Group GPSVirtuales, made 8 samples/s for expected rps 25.0 samples/s, increase your number of threads
2026-10-07 15:19:29,042 WARN k.a.j.t.VariableThroughputTimer: No free threads available in current Thread Group GPSVirtuales, made 7 samples/s for expected rps 25.0 samples/s, increase your number of threads
2026-10-07 15:19:30,111 WARN k.a.j.t.VariableThroughputTimer: No free threads available in current Thread Group GPSVirtuales, made 6 samples/s for expected rps 25.0 samples/s, increase your number of threads
2026-10-07 15:19:31,025 WARN k.a.j.t.VariableThroughputTimer: No free threads available in current Thread Group GPSVirtuales, made 6 samples/s for expected rps 25.0 samples/s, increase your number of threads
2026-10-07 15:20:31,577 INFO o.a.j.g.a.Start: Stopping test
2026-10-07 15:20:31,602 INFO c.b.j.t.c.ConcurrencyThreadStarter: Done supplying threads
2026-10-07 15:20:31,602 INFO o.a.j.t.JMeterThread: Stopping: GPSVirtuales-ThreadStarter 1-47
2026-10-07 15:20:31,603 INFO o.a.j.t.JMeterThread: Stopping: GPSVirtuales-ThreadStarter 1-40
2026-10-07 15:20:31,603 INFO o.a.j.t.JMeterThread: Stopping: GPSVirtuales-ThreadStarter 1-46
2026-10-07 15:20:31,603 INFO o.a.j.t.JMeterThread: Stopping: GPSVirtuales-ThreadStarter 1-9
2026-10-07 15:20:31,603 INFO o.a.j.t.JMeterThread: Stopping: GPSVirtuales-ThreadStarter 1-25
2026-10-07 15:20:31,603 INFO o.a.j.t.JMeterThread: Stopping: GPSVirtuales-ThreadStarter 1-35
2026-10-07 15:20:31,603 INFO o.a.j.t.JMeterThread: Stopping: GPSVirtuales-ThreadStarter 1-44
2026-10-07 15:20:31,603 INFO o.a.j.t.JMeterThread: Stopping: GPSVirtuales-ThreadStarter 1-32
2026-10-07 15:20:31,604 INFO o.a.j.t.JMeterThread: Stopping: GPSVirtuales-ThreadStarter 1-30
2026-10-07 15:20:31,604 INFO o.a.j.t.JMeterThread: Stopping: GPSVirtuales-ThreadStarter 1-31
2026-10-07 15:20:31,604 INFO o.a.j.t.JMeterThread: Stopping: GPSVirtuales-ThreadStarter 1-2
2026-10-07 15:20:31,604 INFO o.a.j.t.JMeterThread: Stopping: GPSVirtuales-ThreadStarter 1-8
2026-10-07 15:20:31,604 INFO o.a.j.t.JMeterThread: Stopping: GPSVirtuales-ThreadStarter 1-15
2026-10-07 15:20:31,604 INFO o.a.j.t.JMeterThread: Stopping: GPSVirtuales-ThreadStarter 1-37
2026-10-07 15:20:31,604 INFO o.a.j.t.JMeterThread: Stopping: GPSVirtuales-ThreadStarter 1-21
2026-10-07 15:20:31,604 INFO o.a.j.t.JMeterThread: Stopping: GPSVirtuales-ThreadStarter 1-33
2026-10-07 15:20:31,604 INFO o.a.j.t.JMeterThread: Stopping: GPSVirtuales-ThreadStarter 1-41
2026-10-07 15:20:31,604 INFO o.a.j.t.JMeterThread: Stopping: GPSVirtuales-ThreadStarter 1-3
2026-10-07 15:20:31,604 INFO o.a.j.t.JMeterThread: Stopping: GPSVirtuales-ThreadStarter 1-14
2026-10-07 15:20:31,604 INFO o.a.j.t.JMeterThread: Stopping: GPSVirtuales-ThreadStarter 1-28
2026-10-07 15:20:31,604 INFO o.a.j.t.JMeterThread: Stopping: GPSVirtuales-ThreadStarter 1-42
2026-10-07 15:20:31,604 INFO o.a.j.t.JMeterThread: Stopping: GPSVirtuales-ThreadStarter 1-12
2026-10-07 15:20:31,604 INFO o.a.j.t.JMeterThread: Stopping: GPSVirtuales-ThreadStarter 1-24
2026-10-07 15:20:31,604 INFO o.a.j.t.JMeterThread: Stopping: GPSVirtuales-ThreadStarter 1-5
2026-10-07 15:20:31,604 INFO o.a.j.t.JMeterThread: Stopping: GPSVirtuales-ThreadStarter 1-6
2026-10-07 15:20:31,604 INFO o.a.j.t.JMeterThread: Stopping: GPSVirtuales-ThreadStarter 1-16
2026-10-07 15:20:31,604 INFO o.a.j.t.JMeterThread: Stopping: GPSVirtuales-ThreadStarter 1-48
2026-10-07 15:20:31,604 INFO o.a.j.t.JMeterThread: Stopping: GPSVirtuales-ThreadStarter 1-18
2026-10-07 15:20:31,604 INFO o.a.j.t.JMeterThread: Stopping: GPSVirtuales-ThreadStarter 1-22
2026-10-07 15:20:31,604 INFO o.a.j.t.JMeterThread: Stopping: GPSVirtuales-ThreadStarter 1-49
2026-10-07 15:20:31,604 INFO o.a.j.t.JMeterThread: Stopping: GPSVirtuales-ThreadStarter 1-11
2026-10-07 15:20:31,604 INFO o.a.j.t.JMeterThread: Stopping: GPSVirtuales-ThreadStarter 1-39
2026-10-07 15:20:31,605 INFO o.a.j.t.JMeterThread: Stopping: GPSVirtuales-ThreadStarter 1-7
2026-10-07 15:20:31,605 INFO o.a.j.t.JMeterThread: Stopping: GPSVirtuales-ThreadStarter 1-29
2026-10-07 15:20:31,605 INFO o.a.j.t.JMeterThread: Stopping: GPSVirtuales-ThreadStarter 1-4
2026-10-07 15:20:31,605 INFO o.a.j.t.JMeterThread: Stopping: GPSVirtuales-ThreadStarter 1-43
2026-10-07 15:20:31,605 INFO o.a.j.t.JMeterThread: Stopping: GPSVirtuales-ThreadStarter 1-10
2026-10-07 15:20:31,605 INFO o.a.j.t.JMeterThread: Stopping: GPSVirtuales-ThreadStarter 1-13
2026-10-07 15:20:31,605 INFO o.a.j.t.JMeterThread: Stopping: GPSVirtuales-ThreadStarter 1-34
2026-10-07 15:20:31,605 INFO o.a.j.t.JMeterThread: Stopping: GPSVirtuales-ThreadStarter 1-38
2026-10-07 15:20:31,605 INFO o.a.j.t.JMeterThread: Stopping: GPSVirtuales-ThreadStarter 1-1
2026-10-07 15:20:31,605 INFO o.a.j.t.JMeterThread: Stopping: GPSVirtuales-ThreadStarter 1-50
2026-10-07 15:20:31,605 INFO o.a.j.t.JMeterThread: Stopping: GPSVirtuales-ThreadStarter 1-19
2026-10-07 15:20:31,605 INFO o.a.j.t.JMeterThread: Stopping: GPSVirtuales-ThreadStarter 1-26
2026-10-07 15:20:31,605 INFO o.a.j.t.JMeterThread: Stopping: GPSVirtuales-ThreadStarter 1-23
2026-10-07 15:20:31,605 INFO o.a.j.t.JMeterThread: Stopping: GPSVirtuales-ThreadStarter 1-36
2026-10-07 15:20:31,605 INFO o.a.j.t.JMeterThread: Stopping: GPSVirtuales-ThreadStarter 1-45
2026-10-07 15:20:31,605 INFO o.a.j.t.JMeterThread: Stopping: GPSVirtuales-ThreadStarter 1-17
2026-10-07 15:20:31,605 INFO o.a.j.t.JMeterThread: Stopping: GPSVirtuales-ThreadStarter 1-27
2026-10-07 15:20:31,605 INFO o.a.j.t.JMeterThread: Stopping: GPSVirtuales-ThreadStarter 1-20
2026-10-07 15:20:31,659 INFO o.a.j.e.StandardJMeterEngine: Notifying test listeners of end of test
2026-10-07 15:20:31,659 INFO o.a.j.s.FileServer: Close: /Users/carlos.jimenez/Documents/carga/traccar-gps/datos_posiciones_user_daniela.csv
2026-10-07 15:20:31,660 INFO o.a.j.g.u.JMeterMenuBar: setRunning(false, *local*)
2026-10-07 15:20:48,181 INFO o.a.j.e.StandardJMeterEngine: Running the test!
2026-10-07 15:20:48,181 INFO o.a.j.s.SampleEvent: List of sample_variables: []
2026-10-07 15:20:48,185 WARN o.a.j.r.ResultCollector: Error creating directories for /Users/familia/Documents/IT4ALL/Test/WARENA/Referencia
2026-10-07 15:20:48,187 WARN o.a.j.r.ResultCollector: Error creating directories for /Users/familia/Documents/IT4ALL/Test/WARENA/Referencia
2026-10-07 15:20:48,187 INFO o.a.j.g.u.JMeterMenuBar: setRunning(true, *local*)
2026-10-07 15:20:48,227 INFO o.a.j.e.StandardJMeterEngine: Starting ThreadGroup: 1 : GPSVirtuales
2026-10-07 15:20:48,227 INFO o.a.j.e.StandardJMeterEngine: Starting 50 threads for group GPSVirtuales.
2026-10-07 15:20:48,227 INFO o.a.j.e.StandardJMeterEngine: Thread will continue on error
2026-10-07 15:20:48,227 INFO o.a.j.e.StandardJMeterEngine: All thread groups have been started
2026-10-07 15:20:48,227 INFO c.b.j.t.c.ConcurrencyThreadStarter: Start supplying threads
2026-10-07 15:20:48,228 INFO o.a.j.t.JMeterThread: Thread started: GPSVirtuales-ThreadStarter 1-1
2026-10-07 15:20:48,228 INFO o.a.j.t.JMeterThread: Thread started: GPSVirtuales-ThreadStarter 1-3
2026-10-07 15:20:48,228 INFO o.a.j.t.JMeterThread: Thread started: GPSVirtuales-ThreadStarter 1-2
2026-10-07 15:20:48,228 INFO o.a.j.s.FileServer: Stored: /Users/carlos.jimenez/Documents/carga/traccar-gps/datos_posiciones_user_daniela.csv
2026-10-07 15:20:48,228 INFO o.a.j.t.JMeterThread: Thread started: GPSVirtuales-ThreadStarter 1-4
2026-10-07 15:20:48,228 INFO o.a.j.t.JMeterThread: Thread started: GPSVirtuales-ThreadStarter 1-5
2026-10-07 15:20:48,228 INFO o.a.j.t.JMeterThread: Thread started: GPSVirtuales-ThreadStarter 1-6
2026-10-07 15:20:48,228 INFO o.a.j.t.JMeterThread: Thread started: GPSVirtuales-ThreadStarter 1-7
2026-10-07 15:20:48,229 INFO o.a.j.t.JMeterThread: Thread started: GPSVirtuales-ThreadStarter 1-8
2026-10-07 15:20:48,229 INFO o.a.j.t.JMeterThread: Thread started: GPSVirtuales-ThreadStarter 1-9
2026-10-07 15:20:48,229 INFO o.a.j.t.JMeterThread: Thread started: GPSVirtuales-ThreadStarter 1-10
2026-10-07 15:20:48,229 INFO o.a.j.t.JMeterThread: Thread started: GPSVirtuales-ThreadStarter 1-12
2026-10-07 15:20:48,229 INFO o.a.j.t.JMeterThread: Thread started: GPSVirtuales-ThreadStarter 1-11
2026-10-07 15:20:48,230 INFO o.a.j.t.JMeterThread: Thread started: GPSVirtuales-ThreadStarter 1-13
2026-10-07 15:20:48,230 INFO o.a.j.t.JMeterThread: Thread started: GPSVirtuales-ThreadStarter 1-14
2026-10-07 15:20:48,230 INFO o.a.j.t.JMeterThread: Thread started: GPSVirtuales-ThreadStarter 1-15
2026-10-07 15:20:48,230 INFO o.a.j.t.JMeterThread: Thread started: GPSVirtuales-ThreadStarter 1-16
2026-10-07 15:20:48,230 INFO o.a.j.t.JMeterThread: Thread started: GPSVirtuales-ThreadStarter 1-17
2026-10-07 15:20:48,231 INFO o.a.j.t.JMeterThread: Thread started: GPSVirtuales-ThreadStarter 1-18
2026-10-07 15:20:48,231 INFO o.a.j.t.JMeterThread: Thread started: GPSVirtuales-ThreadStarter 1-19
2026-10-07 15:20:48,231 INFO o.a.j.t.JMeterThread: Thread started: GPSVirtuales-ThreadStarter 1-20
2026-10-07 15:20:48,231 INFO o.a.j.t.JMeterThread: Thread started: GPSVirtuales-ThreadStarter 1-21
2026-10-07 15:20:48,231 INFO o.a.j.t.JMeterThread: Thread started: GPSVirtuales-ThreadStarter 1-22
2026-10-07 15:20:48,231 INFO o.a.j.t.JMeterThread: Thread started: GPSVirtuales-ThreadStarter 1-23
2026-10-07 15:20:48,232 INFO o.a.j.t.JMeterThread: Thread started: GPSVirtuales-ThreadStarter 1-24
2026-10-07 15:20:48,232 INFO o.a.j.t.JMeterThread: Thread started: GPSVirtuales-ThreadStarter 1-25
2026-10-07 15:20:48,232 INFO o.a.j.t.JMeterThread: Thread started: GPSVirtuales-ThreadStarter 1-26
2026-10-07 15:20:48,232 INFO o.a.j.t.JMeterThread: Thread started: GPSVirtuales-ThreadStarter 1-27
2026-10-07 15:20:48,232 INFO o.a.j.t.JMeterThread: Thread started: GPSVirtuales-ThreadStarter 1-28
2026-10-07 15:20:48,233 INFO o.a.j.t.JMeterThread: Thread started: GPSVirtuales-ThreadStarter 1-29
2026-10-07 15:20:48,233 INFO o.a.j.t.JMeterThread: Thread started: GPSVirtuales-ThreadStarter 1-30
2026-10-07 15:20:48,233 INFO o.a.j.t.JMeterThread: Thread started: GPSVirtuales-ThreadStarter 1-31
2026-10-07 15:20:48,233 INFO o.a.j.t.JMeterThread: Thread started: GPSVirtuales-ThreadStarter 1-32
2026-10-07 15:20:48,233 INFO o.a.j.t.JMeterThread: Thread started: GPSVirtuales-ThreadStarter 1-33
2026-10-07 15:20:48,234 INFO o.a.j.t.JMeterThread: Thread started: GPSVirtuales-ThreadStarter 1-35
2026-10-07 15:20:48,234 INFO o.a.j.t.JMeterThread: Thread started: GPSVirtuales-ThreadStarter 1-34
2026-10-07 15:20:48,234 INFO o.a.j.t.JMeterThread: Thread started: GPSVirtuales-ThreadStarter 1-36
2026-10-07 15:20:48,234 INFO o.a.j.t.JMeterThread: Thread started: GPSVirtuales-ThreadStarter 1-37
2026-10-07 15:20:48,234 INFO o.a.j.t.JMeterThread: Thread started: GPSVirtuales-ThreadStarter 1-38
2026-10-07 15:20:48,235 INFO o.a.j.t.JMeterThread: Thread started: GPSVirtuales-ThreadStarter 1-39
2026-10-07 15:20:48,235 INFO o.a.j.t.JMeterThread: Thread started: GPSVirtuales-ThreadStarter 1-40
2026-10-07 15:20:48,235 INFO o.a.j.t.JMeterThread: Thread started: GPSVirtuales-ThreadStarter 1-41
2026-10-07 15:20:48,235 INFO o.a.j.t.JMeterThread: Thread started: GPSVirtuales-ThreadStarter 1-42
2026-10-07 15:20:48,236 INFO o.a.j.t.JMeterThread: Thread started: GPSVirtuales-ThreadStarter 1-43
2026-10-07 15:20:48,236 INFO o.a.j.t.JMeterThread: Thread started: GPSVirtuales-ThreadStarter 1-44
2026-10-07 15:20:48,236 INFO o.a.j.t.JMeterThread: Thread started: GPSVirtuales-ThreadStarter 1-45
2026-10-07 15:20:48,236 INFO o.a.j.t.JMeterThread: Thread started: GPSVirtuales-ThreadStarter 1-46
2026-10-07 15:20:48,236 INFO o.a.j.t.JMeterThread: Thread started: GPSVirtuales-ThreadStarter 1-47
2026-10-07 15:20:48,237 INFO o.a.j.t.JMeterThread: Thread started: GPSVirtuales-ThreadStarter 1-48
2026-10-07 15:20:48,237 INFO o.a.j.t.JMeterThread: Thread started: GPSVirtuales-ThreadStarter 1-49
2026-10-07 15:20:48,237 INFO o.a.j.t.JMeterThread: Thread started: GPSVirtuales-ThreadStarter 1-50
2026-10-07 15:20:48,244 WARN k.a.j.t.VariableThroughputTimer: No free threads available in current Thread Group GPSVirtuales, made 0 samples/s for expected rps 25.0 samples/s, increase your number of threads
2026-10-07 15:20:51,061 WARN k.a.j.t.VariableThroughputTimer: No free threads available in current Thread Group GPSVirtuales, made 20 samples/s for expected rps 25.0 samples/s, increase your number of threads
2026-10-07 15:20:52,058 WARN k.a.j.t.VariableThroughputTimer: No free threads available in current Thread Group GPSVirtuales, made 7 samples/s for expected rps 25.0 samples/s, increase your number of threads
2026-10-07 15:20:53,100 WARN k.a.j.t.VariableThroughputTimer: No free threads available in current Thread Group GPSVirtuales, made 8 samples/s for expected rps 25.0 samples/s, increase your number of threads
2026-10-07 15:20:54,134 WARN k.a.j.t.VariableThroughputTimer: No free threads available in current Thread Group GPSVirtuales, made 8 samples/s for expected rps 25.0 samples/s, increase your number of threads
2026-10-07 15:20:55,056 WARN k.a.j.t.VariableThroughputTimer: No free threads available in current Thread Group GPSVirtuales, made 7 samples/s for expected rps 25.0 samples/s, increase your number of threads
2026-10-07 15:20:56,112 WARN k.a.j.t.VariableThroughputTimer: No free threads available in current Thread Group GPSVirtuales, made 6 samples/s for expected rps 25.0 samples/s, increase your number of threads
2026-10-07 15:20:57,068 WARN k.a.j.t.VariableThroughputTimer: No free threads available in current Thread Group GPSVirtuales, made 7 samples/s for expected rps 25.0 samples/s, increase your number of threads
2026-10-07 15:20:58,292 WARN k.a.j.t.VariableThroughputTimer: No free threads available in current Thread Group GPSVirtuales, made 7 samples/s for expected rps 25.0 samples/s, increase your number of threads
2026-10-07 15:20:59,151 WARN k.a.j.t.VariableThroughputTimer: No free threads available in current Thread Group GPSVirtuales, made 6 samples/s for expected rps 25.0 samples/s, increase your number of threads
2026-10-07 15:21:00,087 WARN k.a.j.t.VariableThroughputTimer: No free threads available in current Thread Group GPSVirtuales, made 6 samples/s for expected rps 25.0 samples/s, increase your number of threads
2026-10-07 15:21:01,056 WARN k.a.j.t.VariableThroughputTimer: No free threads available in current Thread Group GPSVirtuales, made 7 samples/s for expected rps 25.0 samples/s, increase your number of threads
2026-10-07 15:21:02,092 WARN k.a.j.t.VariableThroughputTimer: No free threads available in current Thread Group GPSVirtuales, made 8 samples/s for expected rps 25.0 samples/s, increase your number of threads
2026-10-07 15:21:03,139 WARN k.a.j.t.VariableThroughputTimer: No free threads available in current Thread Group GPSVirtuales, made 6 samples/s for expected rps 25.0 samples/s, increase your number of threads
2026-10-07 15:21:04,052 WARN k.a.j.t.VariableThroughputTimer: No free threads available in current Thread Group GPSVirtuales, made 8 samples/s for expected rps 25.0 samples/s, increase your number of threads
2026-10-07 15:21:05,038 WARN k.a.j.t.VariableThroughputTimer: No free threads available in current Thread Group GPSVirtuales, made 8 samples/s for expected rps 25.0 samples/s, increase your number of threads
2026-10-07 15:21:06,146 WARN k.a.j.t.VariableThroughputTimer: No free threads available in current Thread Group GPSVirtuales, made 7 samples/s for expected rps 25.0 samples/s, increase your number of threads
2026-10-07 15:21:07,152 WARN k.a.j.t.VariableThroughputTimer: No free threads available in current Thread Group GPSVirtuales, made 8 samples/s for expected rps 25.0 samples/s, increase your number of threads
2026-10-07 15:21:08,061 WARN k.a.j.t.VariableThroughputTimer: No free threads available in current Thread Group GPSVirtuales, made 7 samples/s for expected rps 25.0 samples/s, increase your number of threads
2026-10-07 15:21:09,050 WARN k.a.j.t.VariableThroughputTimer: No free threads available in current Thread Group GPSVirtuales, made 7 samples/s for expected rps 25.0 samples/s, increase your number of threads
2026-10-07 15:21:10,057 WARN k.a.j.t.VariableThroughputTimer: No free threads available in current Thread Group GPSVirtuales, made 7 samples/s for expected rps 25.0 samples/s, increase your number of threads
2026-10-07 15:21:11,014 WARN k.a.j.t.VariableThroughputTimer: No free threads available in current Thread Group GPSVirtuales, made 7 samples/s for expected rps 25.0 samples/s, increase your number of threads
2026-10-07 15:21:12,012 WARN k.a.j.t.VariableThroughputTimer: No free threads available in current Thread Group GPSVirtuales, made 7 samples/s for expected rps 25.0 samples/s, increase your number of threads
2026-10-07 15:21:13,054 WARN k.a.j.t.VariableThroughputTimer: No free threads available in current Thread Group GPSVirtuales, made 9 samples/s for expected rps 25.0 samples/s, increase your number of threads
2026-10-07 15:21:14,132 WARN k.a.j.t.VariableThroughputTimer: No free threads available in current Thread Group GPSVirtuales, made 8 samples/s for expected rps 25.0 samples/s, increase your number of threads
2026-10-07 15:21:15,171 WARN k.a.j.t.VariableThroughputTimer: No free threads available in current Thread Group GPSVirtuales, made 6 samples/s for expected rps 25.0 samples/s, increase your number of threads
2026-10-07 15:21:16,102 WARN k.a.j.t.VariableThroughputTimer: No free threads available in current Thread Group GPSVirtuales, made 6 samples/s for expected rps 25.0 samples/s, increase your number of threads
2026-10-07 15:21:17,105 WARN k.a.j.t.VariableThroughputTimer: No free threads available in current Thread Group GPSVirtuales, made 6 samples/s for expected rps 25.0 samples/s, increase your number of threads
2026-10-07 15:21:18,044 WARN k.a.j.t.VariableThroughputTimer: No free threads available in current Thread Group GPSVirtuales, made 6 samples/s for expected rps 25.0 samples/s, increase your number of threads
2026-10-07 15:21:19,031 WARN k.a.j.t.VariableThroughputTimer: No free threads available in current Thread Group GPSVirtuales, made 7 samples/s for expected rps 25.0 samples/s, increase your number of threads
2026-10-07 15:21:20,059 WARN k.a.j.t.VariableThroughputTimer: No free threads available in current Thread Group GPSVirtuales, made 9 samples/s for expected rps 25.0 samples/s, increase your number of threads
2026-10-07 15:21:21,126 WARN k.a.j.t.VariableThroughputTimer: No free threads available in current Thread Group GPSVirtuales, made 8 samples/s for expected rps 25.0 samples/s, increase your number of threads
2026-10-07 15:21:22,075 WARN k.a.j.t.VariableThroughputTimer: No free threads available in current Thread Group GPSVirtuales, made 7 samples/s for expected rps 25.0 samples/s, increase your number of threads
2026-10-07 15:21:23,112 WARN k.a.j.t.VariableThroughputTimer: No free threads available in current Thread Group GPSVirtuales, made 7 samples/s for expected rps 25.0 samples/s, increase your number of threads
2026-10-07 15:21:24,028 WARN k.a.j.t.VariableThroughputTimer: No free threads available in current Thread Group GPSVirtuales, made 7 samples/s for expected rps 25.0 samples/s, increase your number of threads
2026-10-07 15:21:25,191 WARN k.a.j.t.VariableThroughputTimer: No free threads available in current Thread Group GPSVirtuales, made 8 samples/s for expected rps 25.0 samples/s, increase your number of threads
2026-10-07 15:21:26,034 WARN k.a.j.t.VariableThroughputTimer: No free threads available in current Thread Group GPSVirtuales, made 6 samples/s for expected rps 25.0 samples/s, increase your number of threads
2026-10-07 15:21:27,062 WARN k.a.j.t.VariableThroughputTimer: No free threads available in current Thread Group GPSVirtuales, made 7 samples/s for expected rps 25.0 samples/s, increase your number of threads
2026-10-07 15:21:28,132 WARN k.a.j.t.VariableThroughputTimer: No free threads available in current Thread Group GPSVirtuales, made 8 samples/s for expected rps 25.0 samples/s, increase your number of threads
2026-10-07 15:21:29,009 WARN k.a.j.t.VariableThroughputTimer: No free threads available in current Thread Group GPSVirtuales, made 7 samples/s for expected rps 25.0 samples/s, increase your number of threads
2026-10-07 15:21:30,023 WARN k.a.j.t.VariableThroughputTimer: No free threads available in current Thread Group GPSVirtuales, made 9 samples/s for expected rps 25.0 samples/s, increase your number of threads
2026-10-07 15:21:31,190 WARN k.a.j.t.VariableThroughputTimer: No free threads available in current Thread Group GPSVirtuales, made 7 samples/s for expected rps 25.0 samples/s, increase your number of threads
2026-10-07 15:21:32,008 WARN k.a.j.t.VariableThroughputTimer: No free threads available in current Thread Group GPSVirtuales, made 6 samples/s for expected rps 25.0 samples/s, increase your number of threads
2026-10-07 15:21:33,174 WARN k.a.j.t.VariableThroughputTimer: No free threads available in current Thread Group GPSVirtuales, made 9 samples/s for expected rps 25.0 samples/s, increase your number of threads
2026-10-07 15:21:34,142 WARN k.a.j.t.VariableThroughputTimer: No free threads available in current Thread Group GPSVirtuales, made 6 samples/s for expected rps 25.0 samples/s, increase your number of threads
2026-10-07 15:21:35,027 WARN k.a.j.t.VariableThroughputTimer: No free threads available in current Thread Group GPSVirtuales, made 8 samples/s for expected rps 25.0 samples/s, increase your number of threads
2026-10-07 15:21:36,023 WARN k.a.j.t.VariableThroughputTimer: No free threads available in current Thread Group GPSVirtuales, made 8 samples/s for expected rps 25.0 samples/s, increase your number of threads
2026-10-07 15:21:37,024 WARN k.a.j.t.VariableThroughputTimer: No free threads available in current Thread Group GPSVirtuales, made 7 samples/s for expected rps 25.0 samples/s, increase your number of threads
2026-10-07 15:21:38,071 WARN k.a.j.t.VariableThroughputTimer: No free threads available in current Thread Group GPSVirtuales, made 8 samples/s for expected rps 25.0 samples/s, increase your number of threads
2026-10-07 15:21:39,032 WARN k.a.j.t.VariableThroughputTimer: No free threads available in current Thread Group GPSVirtuales, made 9 samples/s for expected rps 25.0 samples/s, increase your number of threads
2026-10-07 15:21:40,010 WARN k.a.j.t.VariableThroughputTimer: No free threads available in current Thread Group GPSVirtuales, made 6 samples/s for expected rps 25.0 samples/s, increase your number of threads
2026-10-07 15:21:41,016 WARN k.a.j.t.VariableThroughputTimer: No free threads available in current Thread Group GPSVirtuales, made 7 samples/s for expected rps 25.0 samples/s, increase your number of threads
2026-10-07 15:21:42,077 WARN k.a.j.t.VariableThroughputTimer: No free threads available in current Thread Group GPSVirtuales, made 9 samples/s for expected rps 25.0 samples/s, increase your number of threads
2026-10-07 15:21:43,115 WARN k.a.j.t.VariableThroughputTimer: No free threads available in current Thread Group GPSVirtuales, made 8 samples/s for expected rps 25.0 samples/s, increase your number of threads
2026-10-07 15:21:44,076 WARN k.a.j.t.VariableThroughputTimer: No free threads available in current Thread Group GPSVirtuales, made 7 samples/s for expected rps 25.0 samples/s, increase your number of threads
2026-10-07 15:21:45,094 WARN k.a.j.t.VariableThroughputTimer: No free threads available in current Thread Group GPSVirtuales, made 8 samples/s for expected rps 25.0 samples/s, increase your number of threads
2026-10-07 15:21:46,028 WARN k.a.j.t.VariableThroughputTimer: No free threads available in current Thread Group GPSVirtuales, made 7 samples/s for expected rps 25.0 samples/s, increase your number of threads
2026-10-07 15:21:47,041 WARN k.a.j.t.VariableThroughputTimer: No free threads available in current Thread Group GPSVirtuales, made 6 samples/s for expected rps 25.0 samples/s, increase your number of threads
2026-10-07 15:21:48,074 WARN k.a.j.t.VariableThroughputTimer: No free threads available in current Thread Group GPSVirtuales, made 7 samples/s for expected rps 25.0 samples/s, increase your number of threads
2026-10-07 15:21:49,006 WARN k.a.j.t.VariableThroughputTimer: No free threads available in current Thread Group GPSVirtuales, made 6 samples/s for expected rps 25.0 samples/s, increase your number of threads
2026-10-07 15:21:50,130 WARN k.a.j.t.VariableThroughputTimer: No free threads available in current Thread Group GPSVirtuales, made 8 samples/s for expected rps 25.0 samples/s, increase your number of threads
2026-10-07 15:21:51,141 WARN k.a.j.t.VariableThroughputTimer: No free threads available in current Thread Group GPSVirtuales, made 8 samples/s for expected rps 25.0 samples/s, increase your number of threads
2026-10-07 15:21:52,012 WARN k.a.j.t.VariableThroughputTimer: No free threads available in current Thread Group GPSVirtuales, made 6 samples/s for expected rps 25.0 samples/s, increase your number of threads
2026-10-07 15:21:53,103 WARN k.a.j.t.VariableThroughputTimer: No free threads available in current Thread Group GPSVirtuales, made 9 samples/s for expected rps 25.0 samples/s, increase your number of threads
2026-10-07 15:21:54,097 WARN k.a.j.t.VariableThroughputTimer: No free threads available in current Thread Group GPSVirtuales, made 7 samples/s for expected rps 25.0 samples/s, increase your number of threads
2026-10-07 15:21:55,075 WARN k.a.j.t.VariableThroughputTimer: No free threads available in current Thread Group GPSVirtuales, made 7 samples/s for expected rps 25.0 samples/s, increase your number of threads
2026-10-07 15:21:56,062 WARN k.a.j.t.VariableThroughputTimer: No free threads available in current Thread Group GPSVirtuales, made 8 samples/s for expected rps 25.0 samples/s, increase your number of threads
2026-10-07 15:21:57,163 WARN k.a.j.t.VariableThroughputTimer: No free threads available in current Thread Group GPSVirtuales, made 9 samples/s for expected rps 25.0 samples/s, increase your number of threads
2026-10-07 15:21:58,161 WARN k.a.j.t.VariableThroughputTimer: No free threads available in current Thread Group GPSVirtuales, made 7 samples/s for expected rps 25.0 samples/s, increase your number of threads
2026-10-07 15:21:59,111 WARN k.a.j.t.VariableThroughputTimer: No free threads available in current Thread Group GPSVirtuales, made 7 samples/s for expected rps 25.0 samples/s, increase your number of threads
2026-10-07 15:22:00,106 WARN k.a.j.t.VariableThroughputTimer: No free threads available in current Thread Group GPSVirtuales, made 7 samples/s for expected rps 25.0 samples/s, increase your number of threads
2026-10-07 15:22:01,023 WARN k.a.j.t.VariableThroughputTimer: No free threads available in current Thread Group GPSVirtuales, made 7 samples/s for expected rps 25.0 samples/s, increase your number of threads
2026-10-07 15:22:02,040 WARN k.a.j.t.VariableThroughputTimer: No free threads available in current Thread Group GPSVirtuales, made 7 samples/s for expected rps 25.0 samples/s, increase your number of threads
2026-10-07 15:22:03,035 WARN k.a.j.t.VariableThroughputTimer: No free threads available in current Thread Group GPSVirtuales, made 8 samples/s for expected rps 25.0 samples/s, increase your number of threads
2026-10-07 15:22:04,097 WARN k.a.j.t.VariableThroughputTimer: No free threads available in current Thread Group GPSVirtuales, made 8 samples/s for expected rps 25.0 samples/s, increase your number of threads
2026-10-07 15:22:05,100 WARN k.a.j.t.VariableThroughputTimer: No free threads available in current Thread Group GPSVirtuales, made 6 samples/s for expected rps 25.0 samples/s, increase your number of threads
2026-10-07 15:22:06,093 WARN k.a.j.t.VariableThroughputTimer: No free threads available in current Thread Group GPSVirtuales, made 7 samples/s for expected rps 25.0 samples/s, increase your number of threads
2026-10-07 15:22:07,075 WARN k.a.j.t.VariableThroughputTimer: No free threads available in current Thread Group GPSVirtuales, made 7 samples/s for expected rps 25.0 samples/s, increase your number of threads
2026-10-07 15:22:08,154 WARN k.a.j.t.VariableThroughputTimer: No free threads available in current Thread Group GPSVirtuales, made 7 samples/s for expected rps 25.0 samples/s, increase your number of threads
2026-10-07 15:22:09,052 WARN k.a.j.t.VariableThroughputTimer: No free threads available in current Thread Group GPSVirtuales, made 7 samples/s for expected rps 25.0 samples/s, increase your number of threads
2026-10-07 15:22:10,066 WARN k.a.j.t.VariableThroughputTimer: No free threads available in current Thread Group GPSVirtuales, made 7 samples/s for expected rps 25.0 samples/s, increase your number of threads
2026-10-07 15:22:11,051 WARN k.a.j.t.VariableThroughputTimer: No free threads available in current Thread Group GPSVirtuales, made 8 samples/s for expected rps 25.0 samples/s, increase your number of threads
2026-10-07 15:22:11,131 INFO o.a.j.g.a.Start: Stopping test
2026-10-07 15:22:11,151 INFO c.b.j.t.c.ConcurrencyThreadStarter: Done supplying threads
2026-10-07 15:22:11,151 INFO o.a.j.t.JMeterThread: Stopping: GPSVirtuales-ThreadStarter 1-28
2026-10-07 15:22:11,152 WARN o.a.j.t.JMeterThread: Interrupting: GPSVirtuales-ThreadStarter 1-28 sampler: Set Positions
2026-10-07 15:22:11,154 INFO o.a.j.t.JMeterThread: Stopping: GPSVirtuales-ThreadStarter 1-20
2026-10-07 15:22:11,154 WARN o.a.j.t.JMeterThread: Interrupting: GPSVirtuales-ThreadStarter 1-20 sampler: Set Positions
2026-10-07 15:22:11,154 INFO o.a.j.t.JMeterThread: Stopping: GPSVirtuales-ThreadStarter 1-30
2026-10-07 15:22:11,154 WARN o.a.j.t.JMeterThread: Interrupting: GPSVirtuales-ThreadStarter 1-30 sampler: Set Positions
2026-10-07 15:22:11,154 INFO o.a.j.t.JMeterThread: Stopping: GPSVirtuales-ThreadStarter 1-36
2026-10-07 15:22:11,154 WARN o.a.j.t.JMeterThread: Interrupting: GPSVirtuales-ThreadStarter 1-36 sampler: Set Positions
2026-10-07 15:22:11,154 INFO o.a.j.t.JMeterThread: Stopping: GPSVirtuales-ThreadStarter 1-33
2026-10-07 15:22:11,154 WARN o.a.j.t.JMeterThread: Interrupting: GPSVirtuales-ThreadStarter 1-33 sampler: Set Positions
2026-10-07 15:22:11,155 INFO o.a.j.t.JMeterThread: Stopping: GPSVirtuales-ThreadStarter 1-24
2026-10-07 15:22:11,155 WARN o.a.j.t.JMeterThread: Interrupting: GPSVirtuales-ThreadStarter 1-24 sampler: Set Positions
2026-10-07 15:22:11,155 INFO o.a.j.t.JMeterThread: Stopping: GPSVirtuales-ThreadStarter 1-27
2026-10-07 15:22:11,155 WARN o.a.j.t.JMeterThread: Interrupting: GPSVirtuales-ThreadStarter 1-27 sampler: Set Positions
2026-10-07 15:22:11,155 INFO o.a.j.t.JMeterThread: Stopping: GPSVirtuales-ThreadStarter 1-8
2026-10-07 15:22:11,155 WARN o.a.j.t.JMeterThread: Interrupting: GPSVirtuales-ThreadStarter 1-8 sampler: Set Positions
2026-10-07 15:22:11,155 INFO o.a.j.t.JMeterThread: Stopping: GPSVirtuales-ThreadStarter 1-48
2026-10-07 15:22:11,155 WARN o.a.j.t.JMeterThread: Interrupting: GPSVirtuales-ThreadStarter 1-48 sampler: Set Positions
2026-10-07 15:22:11,156 INFO o.a.j.t.JMeterThread: Stopping: GPSVirtuales-ThreadStarter 1-1
2026-10-07 15:22:11,156 WARN o.a.j.t.JMeterThread: Interrupting: GPSVirtuales-ThreadStarter 1-1 sampler: Set Positions
2026-10-07 15:22:11,156 INFO o.a.j.t.JMeterThread: Stopping: GPSVirtuales-ThreadStarter 1-49
2026-10-07 15:22:11,156 WARN o.a.j.t.JMeterThread: Interrupting: GPSVirtuales-ThreadStarter 1-49 sampler: Set Positions
2026-10-07 15:22:11,156 INFO o.a.j.t.JMeterThread: Stopping: GPSVirtuales-ThreadStarter 1-43
2026-10-07 15:22:11,156 WARN o.a.j.t.JMeterThread: Interrupting: GPSVirtuales-ThreadStarter 1-43 sampler: Set Positions
2026-10-07 15:22:11,156 INFO o.a.j.t.JMeterThread: Stopping: GPSVirtuales-ThreadStarter 1-37
2026-10-07 15:22:11,156 WARN o.a.j.t.JMeterThread: Interrupting: GPSVirtuales-ThreadStarter 1-37 sampler: Set Positions
2026-10-07 15:22:11,156 INFO o.a.j.t.JMeterThread: Stopping: GPSVirtuales-ThreadStarter 1-4
2026-10-07 15:22:11,156 WARN o.a.j.t.JMeterThread: Interrupting: GPSVirtuales-ThreadStarter 1-4 sampler: Set Positions
2026-10-07 15:22:11,156 INFO o.a.j.t.JMeterThread: Stopping: GPSVirtuales-ThreadStarter 1-22
2026-10-07 15:22:11,156 WARN o.a.j.t.JMeterThread: Interrupting: GPSVirtuales-ThreadStarter 1-22 sampler: Set Positions
2026-10-07 15:22:11,157 INFO o.a.j.t.JMeterThread: Stopping: GPSVirtuales-ThreadStarter 1-39
2026-10-07 15:22:11,157 WARN o.a.j.t.JMeterThread: Interrupting: GPSVirtuales-ThreadStarter 1-39 sampler: Set Positions
2026-10-07 15:22:11,157 INFO o.a.j.t.JMeterThread: Stopping: GPSVirtuales-ThreadStarter 1-19
2026-10-07 15:22:11,157 WARN o.a.j.t.JMeterThread: Interrupting: GPSVirtuales-ThreadStarter 1-19 sampler: Set Positions
2026-10-07 15:22:11,157 INFO o.a.j.t.JMeterThread: Stopping: GPSVirtuales-ThreadStarter 1-21
2026-10-07 15:22:11,157 WARN o.a.j.t.JMeterThread: Interrupting: GPSVirtuales-ThreadStarter 1-21 sampler: Set Positions
2026-10-07 15:22:11,157 INFO o.a.j.t.JMeterThread: Stopping: GPSVirtuales-ThreadStarter 1-34
2026-10-07 15:22:11,157 WARN o.a.j.t.JMeterThread: Interrupting: GPSVirtuales-ThreadStarter 1-34 sampler: Set Positions
2026-10-07 15:22:11,158 INFO o.a.j.t.JMeterThread: Stopping: GPSVirtuales-ThreadStarter 1-31
2026-10-07 15:22:11,158 WARN o.a.j.t.JMeterThread: Interrupting: GPSVirtuales-ThreadStarter 1-31 sampler: Set Positions
2026-10-07 15:22:11,158 INFO o.a.j.t.JMeterThread: Stopping: GPSVirtuales-ThreadStarter 1-6
2026-10-07 15:22:11,158 WARN o.a.j.t.JMeterThread: Interrupting: GPSVirtuales-ThreadStarter 1-6 sampler: Set Positions
2026-10-07 15:22:11,159 INFO o.a.j.t.JMeterThread: Stopping: GPSVirtuales-ThreadStarter 1-40
2026-10-07 15:22:11,159 WARN o.a.j.t.JMeterThread: Interrupting: GPSVirtuales-ThreadStarter 1-40 sampler: Set Positions
2026-10-07 15:22:11,159 INFO o.a.j.t.JMeterThread: Stopping: GPSVirtuales-ThreadStarter 1-23
2026-10-07 15:22:11,159 WARN o.a.j.t.JMeterThread: Interrupting: GPSVirtuales-ThreadStarter 1-23 sampler: Set Positions
2026-10-07 15:22:11,159 INFO o.a.j.t.JMeterThread: Stopping: GPSVirtuales-ThreadStarter 1-12
2026-10-07 15:22:11,159 WARN o.a.j.t.JMeterThread: Interrupting: GPSVirtuales-ThreadStarter 1-12 sampler: Set Positions
2026-10-07 15:22:11,159 INFO o.a.j.t.JMeterThread: Stopping: GPSVirtuales-ThreadStarter 1-7
2026-10-07 15:22:11,159 WARN o.a.j.t.JMeterThread: Interrupting: GPSVirtuales-ThreadStarter 1-7 sampler: Set Positions
2026-10-07 15:22:11,159 INFO o.a.j.t.JMeterThread: Stopping: GPSVirtuales-ThreadStarter 1-18
2026-10-07 15:22:11,159 WARN o.a.j.t.JMeterThread: Interrupting: GPSVirtuales-ThreadStarter 1-18 sampler: Set Positions
2026-10-07 15:22:11,160 INFO o.a.j.t.JMeterThread: Stopping: GPSVirtuales-ThreadStarter 1-46
2026-10-07 15:22:11,160 WARN o.a.j.t.JMeterThread: Interrupting: GPSVirtuales-ThreadStarter 1-46 sampler: Set Positions
2026-10-07 15:22:11,160 INFO o.a.j.t.JMeterThread: Thread is done: GPSVirtuales-ThreadStarter 1-27
2026-10-07 15:22:11,160 INFO o.a.j.t.JMeterThread: Thread is done: GPSVirtuales-ThreadStarter 1-22
2026-10-07 15:22:11,160 INFO o.a.j.t.JMeterThread: Thread is done: GPSVirtuales-ThreadStarter 1-36
2026-10-07 15:22:11,160 INFO o.a.j.t.JMeterThread: Thread is done: GPSVirtuales-ThreadStarter 1-49
2026-10-07 15:22:11,160 INFO o.a.j.t.JMeterThread: Thread is done: GPSVirtuales-ThreadStarter 1-48
2026-10-07 15:22:11,160 INFO o.a.j.t.JMeterThread: Thread finished: GPSVirtuales-ThreadStarter 1-22
2026-10-07 15:22:11,160 INFO o.a.j.t.JMeterThread: Thread finished: GPSVirtuales-ThreadStarter 1-49
2026-10-07 15:22:11,160 INFO o.a.j.t.JMeterThread: Thread is done: GPSVirtuales-ThreadStarter 1-43
2026-10-07 15:22:11,160 INFO o.a.j.t.JMeterThread: Thread is done: GPSVirtuales-ThreadStarter 1-34
2026-10-07 15:22:11,160 INFO o.a.j.t.JMeterThread: Thread finished: GPSVirtuales-ThreadStarter 1-34
2026-10-07 15:22:11,160 INFO o.a.j.t.JMeterThread: Thread is done: GPSVirtuales-ThreadStarter 1-40
2026-10-07 15:22:11,160 INFO o.a.j.t.JMeterThread: Thread finished: GPSVirtuales-ThreadStarter 1-40
2026-10-07 15:22:11,160 INFO o.a.j.t.JMeterThread: Stopping: GPSVirtuales-ThreadStarter 1-25
2026-10-07 15:22:11,160 INFO o.a.j.t.JMeterThread: Thread is done: GPSVirtuales-ThreadStarter 1-12
2026-10-07 15:22:11,160 INFO o.a.j.t.JMeterThread: Thread is done: GPSVirtuales-ThreadStarter 1-30
2026-10-07 15:22:11,160 INFO o.a.j.t.JMeterThread: Thread finished: GPSVirtuales-ThreadStarter 1-12
2026-10-07 15:22:11,160 INFO o.a.j.t.JMeterThread: Thread finished: GPSVirtuales-ThreadStarter 1-27
2026-10-07 15:22:11,160 INFO o.a.j.t.JMeterThread: Thread finished: GPSVirtuales-ThreadStarter 1-36
2026-10-07 15:22:11,160 WARN o.a.j.t.JMeterThread: Interrupting: GPSVirtuales-ThreadStarter 1-25 sampler: Set Positions
2026-10-07 15:22:11,160 INFO o.a.j.t.JMeterThread: Thread is done: GPSVirtuales-ThreadStarter 1-31
2026-10-07 15:22:11,160 INFO o.a.j.t.JMeterThread: Thread finished: GPSVirtuales-ThreadStarter 1-31
2026-10-07 15:22:11,160 INFO o.a.j.t.JMeterThread: Thread is done: GPSVirtuales-ThreadStarter 1-18
2026-10-07 15:22:11,160 INFO o.a.j.t.JMeterThread: Thread is done: GPSVirtuales-ThreadStarter 1-23
2026-10-07 15:22:11,160 INFO o.a.j.t.JMeterThread: Thread finished: GPSVirtuales-ThreadStarter 1-23
2026-10-07 15:22:11,160 INFO o.a.j.t.JMeterThread: Thread finished: GPSVirtuales-ThreadStarter 1-43
2026-10-07 15:22:11,160 INFO o.a.j.t.JMeterThread: Thread is done: GPSVirtuales-ThreadStarter 1-6
2026-10-07 15:22:11,160 INFO o.a.j.t.JMeterThread: Thread is done: GPSVirtuales-ThreadStarter 1-33
2026-10-07 15:22:11,160 INFO o.a.j.t.JMeterThread: Thread finished: GPSVirtuales-ThreadStarter 1-33
2026-10-07 15:22:11,160 INFO o.a.j.t.JMeterThread: Thread finished: GPSVirtuales-ThreadStarter 1-48
2026-10-07 15:22:11,160 INFO o.a.j.t.JMeterThread: Thread is done: GPSVirtuales-ThreadStarter 1-24
2026-10-07 15:22:11,160 INFO o.a.j.t.JMeterThread: Thread is done: GPSVirtuales-ThreadStarter 1-46
2026-10-07 15:22:11,160 INFO o.a.j.t.JMeterThread: Thread finished: GPSVirtuales-ThreadStarter 1-24
2026-10-07 15:22:11,160 INFO o.a.j.t.JMeterThread: Thread finished: GPSVirtuales-ThreadStarter 1-46
2026-10-07 15:22:11,160 INFO o.a.j.t.JMeterThread: Thread is done: GPSVirtuales-ThreadStarter 1-8
2026-10-07 15:22:11,161 INFO o.a.j.t.JMeterThread: Thread finished: GPSVirtuales-ThreadStarter 1-8
2026-10-07 15:22:11,160 INFO o.a.j.t.JMeterThread: Thread is done: GPSVirtuales-ThreadStarter 1-21
2026-10-07 15:22:11,161 INFO o.a.j.t.JMeterThread: Thread finished: GPSVirtuales-ThreadStarter 1-21
2026-10-07 15:22:11,160 INFO o.a.j.t.JMeterThread: Thread is done: GPSVirtuales-ThreadStarter 1-7
2026-10-07 15:22:11,161 INFO o.a.j.t.JMeterThread: Thread finished: GPSVirtuales-ThreadStarter 1-7
2026-10-07 15:22:11,160 INFO o.a.j.t.JMeterThread: Thread finished: GPSVirtuales-ThreadStarter 1-6
2026-10-07 15:22:11,160 INFO o.a.j.t.JMeterThread: Thread finished: GPSVirtuales-ThreadStarter 1-18
2026-10-07 15:22:11,161 INFO o.a.j.t.JMeterThread: Thread finished: GPSVirtuales-ThreadStarter 1-30
2026-10-07 15:22:11,161 INFO o.a.j.t.JMeterThread: Stopping: GPSVirtuales-ThreadStarter 1-29
2026-10-07 15:22:11,161 WARN o.a.j.t.JMeterThread: Interrupting: GPSVirtuales-ThreadStarter 1-29 sampler: Set Positions
2026-10-07 15:22:11,161 INFO o.a.j.t.JMeterThread: Stopping: GPSVirtuales-ThreadStarter 1-44
2026-10-07 15:22:11,161 WARN o.a.j.t.JMeterThread: Interrupting: GPSVirtuales-ThreadStarter 1-44 sampler: Set Positions
2026-10-07 15:22:11,161 INFO o.a.j.t.JMeterThread: Thread is done: GPSVirtuales-ThreadStarter 1-25
2026-10-07 15:22:11,161 INFO o.a.j.t.JMeterThread: Thread finished: GPSVirtuales-ThreadStarter 1-25
2026-10-07 15:22:11,163 INFO o.a.j.t.JMeterThread: Stopping: GPSVirtuales-ThreadStarter 1-17
2026-10-07 15:22:11,163 WARN o.a.j.t.JMeterThread: Interrupting: GPSVirtuales-ThreadStarter 1-17 sampler: Set Positions
2026-10-07 15:22:11,163 INFO o.a.j.t.JMeterThread: Thread is done: GPSVirtuales-ThreadStarter 1-29
2026-10-07 15:22:11,163 INFO o.a.j.t.JMeterThread: Thread finished: GPSVirtuales-ThreadStarter 1-29
2026-10-07 15:22:11,163 INFO o.a.j.t.JMeterThread: Stopping: GPSVirtuales-ThreadStarter 1-41
2026-10-07 15:22:11,163 INFO o.a.j.t.JMeterThread: Thread is done: GPSVirtuales-ThreadStarter 1-17
2026-10-07 15:22:11,163 INFO o.a.j.t.JMeterThread: Thread finished: GPSVirtuales-ThreadStarter 1-17
2026-10-07 15:22:11,163 WARN o.a.j.t.JMeterThread: Interrupting: GPSVirtuales-ThreadStarter 1-41 sampler: Set Positions
2026-10-07 15:22:11,163 INFO o.a.j.t.JMeterThread: Stopping: GPSVirtuales-ThreadStarter 1-9
2026-10-07 15:22:11,163 WARN o.a.j.t.JMeterThread: Interrupting: GPSVirtuales-ThreadStarter 1-9 sampler: Set Positions
2026-10-07 15:22:11,163 INFO o.a.j.t.JMeterThread: Thread is done: GPSVirtuales-ThreadStarter 1-44
2026-10-07 15:22:11,163 INFO o.a.j.t.JMeterThread: Thread finished: GPSVirtuales-ThreadStarter 1-44
2026-10-07 15:22:11,164 INFO o.a.j.t.JMeterThread: Stopping: GPSVirtuales-ThreadStarter 1-47
2026-10-07 15:22:11,164 INFO o.a.j.t.JMeterThread: Thread is done: GPSVirtuales-ThreadStarter 1-41
2026-10-07 15:22:11,164 INFO o.a.j.t.JMeterThread: Thread is done: GPSVirtuales-ThreadStarter 1-9
2026-10-07 15:22:11,164 WARN o.a.j.t.JMeterThread: Interrupting: GPSVirtuales-ThreadStarter 1-47 sampler: Set Positions
2026-10-07 15:22:11,164 INFO o.a.j.t.JMeterThread: Thread finished: GPSVirtuales-ThreadStarter 1-9
2026-10-07 15:22:11,164 INFO o.a.j.t.JMeterThread: Thread finished: GPSVirtuales-ThreadStarter 1-41
2026-10-07 15:22:11,164 INFO o.a.j.t.JMeterThread: Stopping: GPSVirtuales-ThreadStarter 1-15
2026-10-07 15:22:11,164 WARN o.a.j.t.JMeterThread: Interrupting: GPSVirtuales-ThreadStarter 1-15 sampler: Set Positions
2026-10-07 15:22:11,164 INFO o.a.j.t.JMeterThread: Stopping: GPSVirtuales-ThreadStarter 1-14
2026-10-07 15:22:11,164 WARN o.a.j.t.JMeterThread: Interrupting: GPSVirtuales-ThreadStarter 1-14 sampler: Set Positions
2026-10-07 15:22:11,164 INFO o.a.j.t.JMeterThread: Stopping: GPSVirtuales-ThreadStarter 1-3
2026-10-07 15:22:11,164 WARN o.a.j.t.JMeterThread: Interrupting: GPSVirtuales-ThreadStarter 1-3 sampler: Set Positions
2026-10-07 15:22:11,164 INFO o.a.j.t.JMeterThread: Stopping: GPSVirtuales-ThreadStarter 1-16
2026-10-07 15:22:11,164 WARN o.a.j.t.JMeterThread: Interrupting: GPSVirtuales-ThreadStarter 1-16 sampler: Set Positions
2026-10-07 15:22:11,164 INFO o.a.j.t.JMeterThread: Stopping: GPSVirtuales-ThreadStarter 1-5
2026-10-07 15:22:11,164 INFO o.a.j.t.JMeterThread: Thread is done: GPSVirtuales-ThreadStarter 1-14
2026-10-07 15:22:11,164 INFO o.a.j.t.JMeterThread: Thread finished: GPSVirtuales-ThreadStarter 1-14
2026-10-07 15:22:11,164 INFO o.a.j.t.JMeterThread: Thread is done: GPSVirtuales-ThreadStarter 1-3
2026-10-07 15:22:11,164 INFO o.a.j.t.JMeterThread: Thread finished: GPSVirtuales-ThreadStarter 1-3
2026-10-07 15:22:11,164 INFO o.a.j.t.JMeterThread: Thread is done: GPSVirtuales-ThreadStarter 1-47
2026-10-07 15:22:11,164 INFO o.a.j.t.JMeterThread: Thread is done: GPSVirtuales-ThreadStarter 1-16
2026-10-07 15:22:11,165 INFO o.a.j.t.JMeterThread: Thread finished: GPSVirtuales-ThreadStarter 1-16
2026-10-07 15:22:11,164 WARN o.a.j.t.JMeterThread: Interrupting: GPSVirtuales-ThreadStarter 1-5 sampler: Set Positions
2026-10-07 15:22:11,165 INFO o.a.j.t.JMeterThread: Thread is done: GPSVirtuales-ThreadStarter 1-15
2026-10-07 15:22:11,165 INFO o.a.j.t.JMeterThread: Thread finished: GPSVirtuales-ThreadStarter 1-47
2026-10-07 15:22:11,165 INFO o.a.j.t.JMeterThread: Thread finished: GPSVirtuales-ThreadStarter 1-15
2026-10-07 15:22:11,165 INFO o.a.j.t.JMeterThread: Stopping: GPSVirtuales-ThreadStarter 1-26
2026-10-07 15:22:11,165 WARN o.a.j.t.JMeterThread: Interrupting: GPSVirtuales-ThreadStarter 1-26 sampler: Set Positions
2026-10-07 15:22:11,165 INFO o.a.j.t.JMeterThread: Stopping: GPSVirtuales-ThreadStarter 1-11
2026-10-07 15:22:11,165 WARN o.a.j.t.JMeterThread: Interrupting: GPSVirtuales-ThreadStarter 1-11 sampler: Set Positions
2026-10-07 15:22:11,165 INFO o.a.j.t.JMeterThread: Stopping: GPSVirtuales-ThreadStarter 1-2
2026-10-07 15:22:11,165 INFO o.a.j.t.JMeterThread: Thread is done: GPSVirtuales-ThreadStarter 1-5
2026-10-07 15:22:11,165 INFO o.a.j.t.JMeterThread: Thread finished: GPSVirtuales-ThreadStarter 1-5
2026-10-07 15:22:11,165 INFO o.a.j.t.JMeterThread: Thread is done: GPSVirtuales-ThreadStarter 1-26
2026-10-07 15:22:11,165 INFO o.a.j.t.JMeterThread: Thread finished: GPSVirtuales-ThreadStarter 1-26
2026-10-07 15:22:11,165 INFO o.a.j.t.JMeterThread: Thread is done: GPSVirtuales-ThreadStarter 1-11
2026-10-07 15:22:11,165 INFO o.a.j.t.JMeterThread: Thread finished: GPSVirtuales-ThreadStarter 1-11
2026-10-07 15:22:11,166 WARN o.a.j.t.JMeterThread: Interrupting: GPSVirtuales-ThreadStarter 1-2 sampler: Set Positions
2026-10-07 15:22:11,166 INFO o.a.j.t.JMeterThread: Stopping: GPSVirtuales-ThreadStarter 1-10
2026-10-07 15:22:11,166 WARN o.a.j.t.JMeterThread: Interrupting: GPSVirtuales-ThreadStarter 1-10 sampler: Set Positions
2026-10-07 15:22:11,166 INFO o.a.j.t.JMeterThread: Stopping: GPSVirtuales-ThreadStarter 1-38
2026-10-07 15:22:11,166 WARN o.a.j.t.JMeterThread: Interrupting: GPSVirtuales-ThreadStarter 1-38 sampler: Set Positions
2026-10-07 15:22:11,166 INFO o.a.j.t.JMeterThread: Thread is done: GPSVirtuales-ThreadStarter 1-2
2026-10-07 15:22:11,166 INFO o.a.j.t.JMeterThread: Thread finished: GPSVirtuales-ThreadStarter 1-2
2026-10-07 15:22:11,166 INFO o.a.j.t.JMeterThread: Stopping: GPSVirtuales-ThreadStarter 1-45
2026-10-07 15:22:11,166 INFO o.a.j.t.JMeterThread: Thread is done: GPSVirtuales-ThreadStarter 1-10
2026-10-07 15:22:11,166 INFO o.a.j.t.JMeterThread: Thread is done: GPSVirtuales-ThreadStarter 1-38
2026-10-07 15:22:11,166 INFO o.a.j.t.JMeterThread: Thread finished: GPSVirtuales-ThreadStarter 1-10
2026-10-07 15:22:11,166 WARN o.a.j.t.JMeterThread: Interrupting: GPSVirtuales-ThreadStarter 1-45 sampler: Set Positions
2026-10-07 15:22:11,166 INFO o.a.j.t.JMeterThread: Thread finished: GPSVirtuales-ThreadStarter 1-38
2026-10-07 15:22:11,167 INFO o.a.j.t.JMeterThread: Stopping: GPSVirtuales-ThreadStarter 1-35
2026-10-07 15:22:11,167 WARN o.a.j.t.JMeterThread: Interrupting: GPSVirtuales-ThreadStarter 1-35 sampler: Set Positions
2026-10-07 15:22:11,167 INFO o.a.j.t.JMeterThread: Thread is done: GPSVirtuales-ThreadStarter 1-45
2026-10-07 15:22:11,167 INFO o.a.j.t.JMeterThread: Thread finished: GPSVirtuales-ThreadStarter 1-45
2026-10-07 15:22:11,167 INFO o.a.j.t.JMeterThread: Stopping: GPSVirtuales-ThreadStarter 1-42
2026-10-07 15:22:11,167 WARN o.a.j.t.JMeterThread: Interrupting: GPSVirtuales-ThreadStarter 1-42 sampler: Set Positions
2026-10-07 15:22:11,167 INFO o.a.j.t.JMeterThread: Thread is done: GPSVirtuales-ThreadStarter 1-35
2026-10-07 15:22:11,167 INFO o.a.j.t.JMeterThread: Thread finished: GPSVirtuales-ThreadStarter 1-35
2026-10-07 15:22:11,167 INFO o.a.j.t.JMeterThread: Stopping: GPSVirtuales-ThreadStarter 1-13
2026-10-07 15:22:11,167 INFO o.a.j.t.JMeterThread: Thread is done: GPSVirtuales-ThreadStarter 1-42
2026-10-07 15:22:11,167 INFO o.a.j.t.JMeterThread: Thread finished: GPSVirtuales-ThreadStarter 1-42
2026-10-07 15:22:11,167 WARN o.a.j.t.JMeterThread: Interrupting: GPSVirtuales-ThreadStarter 1-13 sampler: Set Positions
2026-10-07 15:22:11,167 INFO o.a.j.t.JMeterThread: Stopping: GPSVirtuales-ThreadStarter 1-32
2026-10-07 15:22:11,167 WARN o.a.j.t.JMeterThread: Interrupting: GPSVirtuales-ThreadStarter 1-32 sampler: Set Positions
2026-10-07 15:22:11,167 INFO o.a.j.t.JMeterThread: Stopping: GPSVirtuales-ThreadStarter 1-50
2026-10-07 15:22:11,167 WARN o.a.j.t.JMeterThread: Interrupting: GPSVirtuales-ThreadStarter 1-50 sampler: Set Positions
2026-10-07 15:22:11,167 INFO o.a.j.t.JMeterThread: Thread is done: GPSVirtuales-ThreadStarter 1-13
2026-10-07 15:22:11,167 INFO o.a.j.t.JMeterThread: Thread finished: GPSVirtuales-ThreadStarter 1-13
2026-10-07 15:22:11,167 INFO o.a.j.t.JMeterThread: Thread is done: GPSVirtuales-ThreadStarter 1-50
2026-10-07 15:22:11,167 INFO o.a.j.t.JMeterThread: Thread finished: GPSVirtuales-ThreadStarter 1-50
2026-10-07 15:22:11,167 INFO o.a.j.t.JMeterThread: Thread is done: GPSVirtuales-ThreadStarter 1-32
2026-10-07 15:22:11,167 INFO o.a.j.t.JMeterThread: Thread finished: GPSVirtuales-ThreadStarter 1-32
2026-10-07 15:22:11,171 INFO o.a.j.t.JMeterThread: Thread is done: GPSVirtuales-ThreadStarter 1-20
2026-10-07 15:22:11,171 INFO o.a.j.t.JMeterThread: Thread finished: GPSVirtuales-ThreadStarter 1-20
2026-10-07 15:22:11,171 INFO o.a.j.t.JMeterThread: Thread is done: GPSVirtuales-ThreadStarter 1-1
2026-10-07 15:22:11,171 INFO o.a.j.t.JMeterThread: Thread is done: GPSVirtuales-ThreadStarter 1-39
2026-10-07 15:22:11,171 INFO o.a.j.t.JMeterThread: Thread finished: GPSVirtuales-ThreadStarter 1-1
2026-10-07 15:22:11,171 INFO o.a.j.t.JMeterThread: Thread is done: GPSVirtuales-ThreadStarter 1-19
2026-10-07 15:22:11,171 INFO o.a.j.t.JMeterThread: Thread is done: GPSVirtuales-ThreadStarter 1-4
2026-10-07 15:22:11,171 INFO o.a.j.t.JMeterThread: Thread finished: GPSVirtuales-ThreadStarter 1-4
2026-10-07 15:22:11,171 INFO o.a.j.t.JMeterThread: Thread is done: GPSVirtuales-ThreadStarter 1-28
2026-10-07 15:22:11,171 INFO o.a.j.t.JMeterThread: Thread is done: GPSVirtuales-ThreadStarter 1-37
2026-10-07 15:22:11,171 INFO o.a.j.t.JMeterThread: Thread finished: GPSVirtuales-ThreadStarter 1-39
2026-10-07 15:22:11,171 INFO o.a.j.t.JMeterThread: Thread finished: GPSVirtuales-ThreadStarter 1-37
2026-10-07 15:22:11,171 INFO o.a.j.t.JMeterThread: Thread finished: GPSVirtuales-ThreadStarter 1-19
2026-10-07 15:22:11,171 INFO o.a.j.t.JMeterThread: Thread finished: GPSVirtuales-ThreadStarter 1-28
2026-10-07 15:22:11,172 INFO o.a.j.e.StandardJMeterEngine: Notifying test listeners of end of test
2026-10-07 15:22:11,172 INFO o.a.j.s.FileServer: Close: /Users/carlos.jimenez/Documents/carga/traccar-gps/datos_posiciones_user_daniela.csv
2026-10-07 15:22:11,172 INFO o.a.j.g.u.JMeterMenuBar: setRunning(false, *local*)
2026-10-07 15:22:25,429 INFO o.a.j.e.StandardJMeterEngine: Running the test!
2026-10-07 15:22:25,430 INFO o.a.j.s.SampleEvent: List of sample_variables: []
2026-10-07 15:22:25,434 WARN o.a.j.r.ResultCollector: Error creating directories for /Users/familia/Documents/IT4ALL/Test/WARENA/Referencia
2026-10-07 15:22:25,436 WARN o.a.j.r.ResultCollector: Error creating directories for /Users/familia/Documents/IT4ALL/Test/WARENA/Referencia
2026-10-07 15:22:25,436 INFO o.a.j.g.u.JMeterMenuBar: setRunning(true, *local*)
2026-10-07 15:22:25,482 INFO o.a.j.e.StandardJMeterEngine: Starting ThreadGroup: 1 : GPSVirtuales
2026-10-07 15:22:25,482 INFO o.a.j.e.StandardJMeterEngine: Starting 50 threads for group GPSVirtuales.
2026-10-07 15:22:25,482 INFO o.a.j.e.StandardJMeterEngine: Thread will continue on error
2026-10-07 15:22:25,483 INFO o.a.j.e.StandardJMeterEngine: All thread groups have been started
2026-10-07 15:22:25,483 INFO c.b.j.t.c.ConcurrencyThreadStarter: Start supplying threads
2026-10-07 15:22:25,483 INFO o.a.j.t.JMeterThread: Thread started: GPSVirtuales-ThreadStarter 1-1
2026-10-07 15:22:25,484 INFO o.a.j.t.JMeterThread: Thread started: GPSVirtuales-ThreadStarter 1-2
2026-10-07 15:22:25,484 INFO o.a.j.s.FileServer: Stored: /Users/carlos.jimenez/Documents/carga/traccar-gps/datos_positions_user_carlos.csv
2026-10-07 15:22:25,484 INFO o.a.j.t.JMeterThread: Thread started: GPSVirtuales-ThreadStarter 1-3
2026-10-07 15:22:25,484 INFO o.a.j.t.JMeterThread: Thread started: GPSVirtuales-ThreadStarter 1-4
2026-10-07 15:22:25,484 INFO o.a.j.t.JMeterThread: Thread started: GPSVirtuales-ThreadStarter 1-5
2026-10-07 15:22:25,484 INFO o.a.j.t.JMeterThread: Thread started: GPSVirtuales-ThreadStarter 1-6
2026-10-07 15:22:25,484 INFO o.a.j.t.JMeterThread: Thread started: GPSVirtuales-ThreadStarter 1-7
2026-10-07 15:22:25,485 INFO o.a.j.t.JMeterThread: Thread started: GPSVirtuales-ThreadStarter 1-8
2026-10-07 15:22:25,485 INFO o.a.j.t.JMeterThread: Thread started: GPSVirtuales-ThreadStarter 1-9
2026-10-07 15:22:25,485 INFO o.a.j.t.JMeterThread: Thread started: GPSVirtuales-ThreadStarter 1-10
2026-10-07 15:22:25,486 INFO o.a.j.t.JMeterThread: Thread started: GPSVirtuales-ThreadStarter 1-11
2026-10-07 15:22:25,486 INFO o.a.j.t.JMeterThread: Thread started: GPSVirtuales-ThreadStarter 1-12
2026-10-07 15:22:25,486 INFO o.a.j.t.JMeterThread: Thread started: GPSVirtuales-ThreadStarter 1-13
2026-10-07 15:22:25,487 INFO o.a.j.t.JMeterThread: Thread started: GPSVirtuales-ThreadStarter 1-14
2026-10-07 15:22:25,487 INFO o.a.j.t.JMeterThread: Thread started: GPSVirtuales-ThreadStarter 1-15
2026-10-07 15:22:25,487 INFO o.a.j.t.JMeterThread: Thread started: GPSVirtuales-ThreadStarter 1-16
2026-10-07 15:22:25,487 INFO o.a.j.t.JMeterThread: Thread started: GPSVirtuales-ThreadStarter 1-17
2026-10-07 15:22:25,487 INFO o.a.j.t.JMeterThread: Thread started: GPSVirtuales-ThreadStarter 1-18
2026-10-07 15:22:25,488 INFO o.a.j.t.JMeterThread: Thread started: GPSVirtuales-ThreadStarter 1-19
2026-10-07 15:22:25,488 INFO o.a.j.t.JMeterThread: Thread started: GPSVirtuales-ThreadStarter 1-20
2026-10-07 15:22:25,488 INFO o.a.j.t.JMeterThread: Thread started: GPSVirtuales-ThreadStarter 1-21
2026-10-07 15:22:25,488 INFO o.a.j.t.JMeterThread: Thread started: GPSVirtuales-ThreadStarter 1-22
2026-10-07 15:22:25,488 INFO o.a.j.t.JMeterThread: Thread started: GPSVirtuales-ThreadStarter 1-23
2026-10-07 15:22:25,488 INFO o.a.j.t.JMeterThread: Thread started: GPSVirtuales-ThreadStarter 1-24
2026-10-07 15:22:25,488 INFO o.a.j.t.JMeterThread: Thread started: GPSVirtuales-ThreadStarter 1-25
2026-10-07 15:22:25,489 INFO o.a.j.t.JMeterThread: Thread started: GPSVirtuales-ThreadStarter 1-26
2026-10-07 15:22:25,489 INFO o.a.j.t.JMeterThread: Thread started: GPSVirtuales-ThreadStarter 1-27
2026-10-07 15:22:25,489 INFO o.a.j.t.JMeterThread: Thread started: GPSVirtuales-ThreadStarter 1-28
2026-10-07 15:22:25,489 INFO o.a.j.t.JMeterThread: Thread started: GPSVirtuales-ThreadStarter 1-29
2026-10-07 15:22:25,489 INFO o.a.j.t.JMeterThread: Thread started: GPSVirtuales-ThreadStarter 1-30
2026-10-07 15:22:25,489 INFO o.a.j.t.JMeterThread: Thread started: GPSVirtuales-ThreadStarter 1-31
2026-10-07 15:22:25,489 INFO o.a.j.t.JMeterThread: Thread started: GPSVirtuales-ThreadStarter 1-32
2026-10-07 15:22:25,489 INFO o.a.j.t.JMeterThread: Thread started: GPSVirtuales-ThreadStarter 1-33
2026-10-07 15:22:25,489 INFO o.a.j.t.JMeterThread: Thread started: GPSVirtuales-ThreadStarter 1-34
2026-10-07 15:22:25,489 INFO o.a.j.t.JMeterThread: Thread started: GPSVirtuales-ThreadStarter 1-35
2026-10-07 15:22:25,490 INFO o.a.j.t.JMeterThread: Thread started: GPSVirtuales-ThreadStarter 1-36
2026-10-07 15:22:25,490 INFO o.a.j.t.JMeterThread: Thread started: GPSVirtuales-ThreadStarter 1-37
2026-10-07 15:22:25,490 INFO o.a.j.t.JMeterThread: Thread started: GPSVirtuales-ThreadStarter 1-38
2026-10-07 15:22:25,490 INFO o.a.j.t.JMeterThread: Thread started: GPSVirtuales-ThreadStarter 1-39
2026-10-07 15:22:25,490 INFO o.a.j.t.JMeterThread: Thread started: GPSVirtuales-ThreadStarter 1-40
2026-10-07 15:22:25,490 INFO o.a.j.t.JMeterThread: Thread started: GPSVirtuales-ThreadStarter 1-41
2026-10-07 15:22:25,490 INFO o.a.j.t.JMeterThread: Thread started: GPSVirtuales-ThreadStarter 1-42
2026-10-07 15:22:25,490 INFO o.a.j.t.JMeterThread: Thread started: GPSVirtuales-ThreadStarter 1-43
2026-10-07 15:22:25,490 INFO o.a.j.t.JMeterThread: Thread started: GPSVirtuales-ThreadStarter 1-44
2026-10-07 15:22:25,491 INFO o.a.j.t.JMeterThread: Thread started: GPSVirtuales-ThreadStarter 1-45
2026-10-07 15:22:25,491 INFO o.a.j.t.JMeterThread: Thread started: GPSVirtuales-ThreadStarter 1-46
2026-10-07 15:22:25,491 INFO o.a.j.t.JMeterThread: Thread started: GPSVirtuales-ThreadStarter 1-47
2026-10-07 15:22:25,491 INFO o.a.j.t.JMeterThread: Thread started: GPSVirtuales-ThreadStarter 1-48
2026-10-07 15:22:25,491 INFO o.a.j.t.JMeterThread: Thread started: GPSVirtuales-ThreadStarter 1-49
2026-10-07 15:22:25,491 INFO o.a.j.t.JMeterThread: Thread started: GPSVirtuales-ThreadStarter 1-50
2026-10-07 15:22:25,497 WARN k.a.j.t.VariableThroughputTimer: No free threads available in current Thread Group GPSVirtuales, made 0 samples/s for expected rps 25.0 samples/s, increase your number of threads
2026-10-07 15:45:23,574 INFO o.a.j.g.a.Start: Stopping test
2026-10-07 15:45:23,594 INFO c.b.j.t.c.ConcurrencyThreadStarter: Done supplying threads
2026-10-07 15:45:23,595 INFO o.a.j.t.JMeterThread: Stopping: GPSVirtuales-ThreadStarter 1-39
2026-10-07 15:45:23,597 INFO o.a.j.t.JMeterThread: Stopping: GPSVirtuales-ThreadStarter 1-49
2026-10-07 15:45:23,597 INFO o.a.j.t.JMeterThread: Stopping: GPSVirtuales-ThreadStarter 1-46
2026-10-07 15:45:23,597 INFO o.a.j.t.JMeterThread: Stopping: GPSVirtuales-ThreadStarter 1-28
2026-10-07 15:45:23,597 INFO o.a.j.t.JMeterThread: Stopping: GPSVirtuales-ThreadStarter 1-19
2026-10-07 15:45:23,597 INFO o.a.j.t.JMeterThread: Stopping: GPSVirtuales-ThreadStarter 1-25
2026-10-07 15:45:23,597 INFO o.a.j.t.JMeterThread: Stopping: GPSVirtuales-ThreadStarter 1-34
2026-10-07 15:45:23,597 INFO o.a.j.t.JMeterThread: Stopping: GPSVirtuales-ThreadStarter 1-48
2026-10-07 15:45:23,597 INFO o.a.j.t.JMeterThread: Stopping: GPSVirtuales-ThreadStarter 1-22
2026-10-07 15:45:23,597 INFO o.a.j.t.JMeterThread: Stopping: GPSVirtuales-ThreadStarter 1-3
2026-10-07 15:45:23,597 INFO o.a.j.t.JMeterThread: Stopping: GPSVirtuales-ThreadStarter 1-47
2026-10-07 15:45:23,597 INFO o.a.j.t.JMeterThread: Stopping: GPSVirtuales-ThreadStarter 1-50
2026-10-07 15:45:23,598 INFO o.a.j.t.JMeterThread: Stopping: GPSVirtuales-ThreadStarter 1-43
2026-10-07 15:45:23,598 INFO o.a.j.t.JMeterThread: Stopping: GPSVirtuales-ThreadStarter 1-8
2026-10-07 15:45:23,598 INFO o.a.j.t.JMeterThread: Stopping: GPSVirtuales-ThreadStarter 1-5
2026-10-07 15:45:23,598 INFO o.a.j.t.JMeterThread: Stopping: GPSVirtuales-ThreadStarter 1-37
2026-10-07 15:45:23,598 INFO o.a.j.t.JMeterThread: Stopping: GPSVirtuales-ThreadStarter 1-42
2026-10-07 15:45:23,598 INFO o.a.j.t.JMeterThread: Stopping: GPSVirtuales-ThreadStarter 1-35
2026-10-07 15:45:23,598 INFO o.a.j.t.JMeterThread: Stopping: GPSVirtuales-ThreadStarter 1-40
2026-10-07 15:45:23,598 INFO o.a.j.t.JMeterThread: Stopping: GPSVirtuales-ThreadStarter 1-33
2026-10-07 15:45:23,598 INFO o.a.j.t.JMeterThread: Stopping: GPSVirtuales-ThreadStarter 1-32
2026-10-07 15:45:23,598 INFO o.a.j.t.JMeterThread: Stopping: GPSVirtuales-ThreadStarter 1-21
2026-10-07 15:45:23,598 INFO o.a.j.t.JMeterThread: Stopping: GPSVirtuales-ThreadStarter 1-31
2026-10-07 15:45:23,598 INFO o.a.j.t.JMeterThread: Stopping: GPSVirtuales-ThreadStarter 1-14
2026-10-07 15:45:23,598 INFO o.a.j.t.JMeterThread: Stopping: GPSVirtuales-ThreadStarter 1-6
2026-10-07 15:45:23,598 INFO o.a.j.t.JMeterThread: Stopping: GPSVirtuales-ThreadStarter 1-20
2026-10-07 15:45:23,598 INFO o.a.j.t.JMeterThread: Stopping: GPSVirtuales-ThreadStarter 1-17
2026-10-07 15:45:23,598 INFO o.a.j.t.JMeterThread: Stopping: GPSVirtuales-ThreadStarter 1-16
2026-10-07 15:45:23,598 INFO o.a.j.t.JMeterThread: Stopping: GPSVirtuales-ThreadStarter 1-13
2026-10-07 15:45:23,598 INFO o.a.j.t.JMeterThread: Stopping: GPSVirtuales-ThreadStarter 1-38
2026-10-07 15:45:23,598 INFO o.a.j.t.JMeterThread: Stopping: GPSVirtuales-ThreadStarter 1-18
2026-10-07 15:45:23,598 INFO o.a.j.t.JMeterThread: Stopping: GPSVirtuales-ThreadStarter 1-11
2026-10-07 15:45:23,598 INFO o.a.j.t.JMeterThread: Stopping: GPSVirtuales-ThreadStarter 1-15
2026-10-07 15:45:23,598 INFO o.a.j.t.JMeterThread: Stopping: GPSVirtuales-ThreadStarter 1-30
2026-10-07 15:45:23,598 INFO o.a.j.t.JMeterThread: Stopping: GPSVirtuales-ThreadStarter 1-4
2026-10-07 15:45:23,598 INFO o.a.j.t.JMeterThread: Stopping: GPSVirtuales-ThreadStarter 1-12
2026-10-07 15:45:23,598 INFO o.a.j.t.JMeterThread: Stopping: GPSVirtuales-ThreadStarter 1-27
2026-10-07 15:45:23,599 INFO o.a.j.t.JMeterThread: Stopping: GPSVirtuales-ThreadStarter 1-44
2026-10-07 15:45:23,599 INFO o.a.j.t.JMeterThread: Stopping: GPSVirtuales-ThreadStarter 1-45
2026-10-07 15:45:23,599 INFO o.a.j.t.JMeterThread: Stopping: GPSVirtuales-ThreadStarter 1-24
2026-10-07 15:45:23,599 INFO o.a.j.t.JMeterThread: Stopping: GPSVirtuales-ThreadStarter 1-9
2026-10-07 15:45:23,599 INFO o.a.j.t.JMeterThread: Stopping: GPSVirtuales-ThreadStarter 1-2
2026-10-07 15:45:23,599 INFO o.a.j.t.JMeterThread: Stopping: GPSVirtuales-ThreadStarter 1-1
2026-10-07 15:45:23,599 INFO o.a.j.t.JMeterThread: Stopping: GPSVirtuales-ThreadStarter 1-26
2026-10-07 15:45:23,599 INFO o.a.j.t.JMeterThread: Stopping: GPSVirtuales-ThreadStarter 1-23
2026-10-07 15:45:23,600 INFO o.a.j.t.JMeterThread: Stopping: GPSVirtuales-ThreadStarter 1-29
2026-10-07 15:45:23,600 INFO o.a.j.t.JMeterThread: Stopping: GPSVirtuales-ThreadStarter 1-10
2026-10-07 15:45:23,600 INFO o.a.j.t.JMeterThread: Stopping: GPSVirtuales-ThreadStarter 1-41
2026-10-07 15:45:23,600 INFO o.a.j.t.JMeterThread: Stopping: GPSVirtuales-ThreadStarter 1-7
2026-10-07 15:45:23,600 INFO o.a.j.t.JMeterThread: Stopping: GPSVirtuales-ThreadStarter 1-36
2026-10-07 15:45:26,662 INFO o.a.j.e.StandardJMeterEngine: Notifying test listeners of end of test
2026-10-07 15:45:26,662 INFO o.a.j.s.FileServer: Close: /Users/carlos.jimenez/Documents/carga/traccar-gps/datos_positions_user_carlos.csv
2026-10-07 15:45:26,664 INFO o.a.j.g.u.JMeterMenuBar: setRunning(false, *local*)
2026-10-07 15:45:28,052 INFO o.a.j.e.StandardJMeterEngine: Running the test!
2026-10-07 15:45:28,052 INFO o.a.j.s.SampleEvent: List of sample_variables: []
2026-10-07 15:45:28,054 WARN o.a.j.r.ResultCollector: Error creating directories for /Users/familia/Documents/IT4ALL/Test/WARENA/Referencia
2026-10-07 15:45:28,057 WARN o.a.j.r.ResultCollector: Error creating directories for /Users/familia/Documents/IT4ALL/Test/WARENA/Referencia
2026-10-07 15:45:28,057 INFO o.a.j.g.u.JMeterMenuBar: setRunning(true, *local*)
2026-10-07 15:45:28,095 INFO o.a.j.e.StandardJMeterEngine: Starting ThreadGroup: 1 : GPSVirtuales
2026-10-07 15:45:28,095 INFO o.a.j.e.StandardJMeterEngine: Starting 50 threads for group GPSVirtuales.
2026-10-07 15:45:28,095 INFO o.a.j.e.StandardJMeterEngine: Thread will continue on error
2026-10-07 15:45:28,095 INFO o.a.j.e.StandardJMeterEngine: All thread groups have been started
2026-10-07 15:45:28,095 INFO c.b.j.t.c.ConcurrencyThreadStarter: Start supplying threads
2026-10-07 15:45:28,097 INFO o.a.j.t.JMeterThread: Thread started: GPSVirtuales-ThreadStarter 1-1
2026-10-07 15:45:28,097 INFO o.a.j.t.JMeterThread: Thread started: GPSVirtuales-ThreadStarter 1-2
2026-10-07 15:45:28,097 INFO o.a.j.s.FileServer: Stored: /Users/carlos.jimenez/Documents/carga/traccar-gps/datos_positions_user_carlos.csv
2026-10-07 15:45:28,097 INFO o.a.j.t.JMeterThread: Thread started: GPSVirtuales-ThreadStarter 1-3
2026-10-07 15:45:28,097 INFO o.a.j.t.JMeterThread: Thread started: GPSVirtuales-ThreadStarter 1-4
2026-10-07 15:45:28,097 INFO o.a.j.t.JMeterThread: Thread started: GPSVirtuales-ThreadStarter 1-5
2026-10-07 15:45:28,097 INFO o.a.j.t.JMeterThread: Thread started: GPSVirtuales-ThreadStarter 1-6
2026-10-07 15:45:28,097 INFO o.a.j.t.JMeterThread: Thread started: GPSVirtuales-ThreadStarter 1-7
2026-10-07 15:45:28,097 INFO o.a.j.t.JMeterThread: Thread started: GPSVirtuales-ThreadStarter 1-8
2026-10-07 15:45:28,098 INFO o.a.j.t.JMeterThread: Thread started: GPSVirtuales-ThreadStarter 1-9
2026-10-07 15:45:28,098 INFO o.a.j.t.JMeterThread: Thread started: GPSVirtuales-ThreadStarter 1-10
2026-10-07 15:45:28,098 INFO o.a.j.t.JMeterThread: Thread started: GPSVirtuales-ThreadStarter 1-11
2026-10-07 15:45:28,099 INFO o.a.j.t.JMeterThread: Thread started: GPSVirtuales-ThreadStarter 1-13
2026-10-07 15:45:28,099 INFO o.a.j.t.JMeterThread: Thread started: GPSVirtuales-ThreadStarter 1-12
2026-10-07 15:45:28,099 INFO o.a.j.t.JMeterThread: Thread started: GPSVirtuales-ThreadStarter 1-14
2026-10-07 15:45:28,099 INFO o.a.j.t.JMeterThread: Thread started: GPSVirtuales-ThreadStarter 1-15
2026-10-07 15:45:28,100 INFO o.a.j.t.JMeterThread: Thread started: GPSVirtuales-ThreadStarter 1-16
2026-10-07 15:45:28,100 INFO o.a.j.t.JMeterThread: Thread started: GPSVirtuales-ThreadStarter 1-17
2026-10-07 15:45:28,100 INFO o.a.j.t.JMeterThread: Thread started: GPSVirtuales-ThreadStarter 1-18
2026-10-07 15:45:28,100 INFO o.a.j.t.JMeterThread: Thread started: GPSVirtuales-ThreadStarter 1-19
2026-10-07 15:45:28,101 INFO o.a.j.t.JMeterThread: Thread started: GPSVirtuales-ThreadStarter 1-20
2026-10-07 15:45:28,101 INFO o.a.j.t.JMeterThread: Thread started: GPSVirtuales-ThreadStarter 1-21
2026-10-07 15:45:28,101 INFO o.a.j.t.JMeterThread: Thread started: GPSVirtuales-ThreadStarter 1-22
2026-10-07 15:45:28,101 INFO o.a.j.t.JMeterThread: Thread started: GPSVirtuales-ThreadStarter 1-23
2026-10-07 15:45:28,101 INFO o.a.j.t.JMeterThread: Thread started: GPSVirtuales-ThreadStarter 1-24
2026-10-07 15:45:28,102 INFO o.a.j.t.JMeterThread: Thread started: GPSVirtuales-ThreadStarter 1-25
2026-10-07 15:45:28,102 INFO o.a.j.t.JMeterThread: Thread started: GPSVirtuales-ThreadStarter 1-26
2026-10-07 15:45:28,102 INFO o.a.j.t.JMeterThread: Thread started: GPSVirtuales-ThreadStarter 1-27
2026-10-07 15:45:28,102 INFO o.a.j.t.JMeterThread: Thread started: GPSVirtuales-ThreadStarter 1-28
2026-10-07 15:45:28,103 INFO o.a.j.t.JMeterThread: Thread started: GPSVirtuales-ThreadStarter 1-29
2026-10-07 15:45:28,103 INFO o.a.j.t.JMeterThread: Thread started: GPSVirtuales-ThreadStarter 1-30
2026-10-07 15:45:28,103 INFO o.a.j.t.JMeterThread: Thread started: GPSVirtuales-ThreadStarter 1-31
2026-10-07 15:45:28,104 INFO o.a.j.t.JMeterThread: Thread started: GPSVirtuales-ThreadStarter 1-32
2026-10-07 15:45:28,104 INFO o.a.j.t.JMeterThread: Thread started: GPSVirtuales-ThreadStarter 1-33
2026-10-07 15:45:28,104 INFO o.a.j.t.JMeterThread: Thread started: GPSVirtuales-ThreadStarter 1-34
2026-10-07 15:45:28,104 INFO o.a.j.t.JMeterThread: Thread started: GPSVirtuales-ThreadStarter 1-35
2026-10-07 15:45:28,104 INFO o.a.j.t.JMeterThread: Thread started: GPSVirtuales-ThreadStarter 1-36
2026-10-07 15:45:28,105 INFO o.a.j.t.JMeterThread: Thread started: GPSVirtuales-ThreadStarter 1-37
2026-10-07 15:45:28,105 INFO o.a.j.t.JMeterThread: Thread started: GPSVirtuales-ThreadStarter 1-38
2026-10-07 15:45:28,105 INFO o.a.j.t.JMeterThread: Thread started: GPSVirtuales-ThreadStarter 1-39
2026-10-07 15:45:28,105 INFO o.a.j.t.JMeterThread: Thread started: GPSVirtuales-ThreadStarter 1-40
2026-10-07 15:45:28,105 INFO o.a.j.t.JMeterThread: Thread started: GPSVirtuales-ThreadStarter 1-41
2026-10-07 15:45:28,106 INFO o.a.j.t.JMeterThread: Thread started: GPSVirtuales-ThreadStarter 1-42
2026-10-07 15:45:28,106 INFO o.a.j.t.JMeterThread: Thread started: GPSVirtuales-ThreadStarter 1-43
2026-10-07 15:45:28,106 INFO o.a.j.t.JMeterThread: Thread started: GPSVirtuales-ThreadStarter 1-44
2026-10-07 15:45:28,107 INFO o.a.j.t.JMeterThread: Thread started: GPSVirtuales-ThreadStarter 1-45
2026-10-07 15:45:28,107 INFO o.a.j.t.JMeterThread: Thread started: GPSVirtuales-ThreadStarter 1-46
2026-10-07 15:45:28,107 INFO o.a.j.t.JMeterThread: Thread started: GPSVirtuales-ThreadStarter 1-47
2026-10-07 15:45:28,107 INFO o.a.j.t.JMeterThread: Thread started: GPSVirtuales-ThreadStarter 1-48
2026-10-07 15:45:28,107 INFO o.a.j.t.JMeterThread: Thread started: GPSVirtuales-ThreadStarter 1-49
2026-10-07 15:45:28,107 INFO o.a.j.t.JMeterThread: Thread started: GPSVirtuales-ThreadStarter 1-50
2026-10-07 15:45:28,120 WARN k.a.j.t.VariableThroughputTimer: No free threads available in current Thread Group GPSVirtuales, made 0 samples/s for expected rps 25.0 samples/s, increase your number of threads
2026-10-07 15:45:29,109 INFO o.a.j.t.JMeterThread: Stopping: GPSVirtuales-ThreadStarter 1-39
2026-10-07 15:45:29,109 INFO k.a.j.t.VariableThroughputTimer: No further RPS schedule, asking threads to stop...
2026-10-07 15:45:29,109 INFO k.a.j.t.VariableThroughputTimer: Stopping gracefuly threads of Thread Group : GPSVirtuales
2026-10-07 15:45:29,109 INFO o.a.j.t.JMeterThread: Thread is done: GPSVirtuales-ThreadStarter 1-39
2026-10-07 15:45:29,109 INFO o.a.j.t.JMeterThread: Thread finished: GPSVirtuales-ThreadStarter 1-39
2026-10-07 15:45:30,000 INFO k.a.j.t.VariableThroughputTimer: No further RPS schedule, asking threads to stop...
2026-10-07 15:45:30,000 INFO k.a.j.t.VariableThroughputTimer: Stopping gracefuly threads of Thread Group : GPSVirtuales
2026-10-07 15:45:30,000 INFO o.a.j.t.JMeterThread: Thread is done: GPSVirtuales-ThreadStarter 1-7
2026-10-07 15:45:30,000 INFO o.a.j.t.JMeterThread: Thread finished: GPSVirtuales-ThreadStarter 1-7
2026-10-07 15:45:31,000 INFO k.a.j.t.VariableThroughputTimer: No further RPS schedule, asking threads to stop...
2026-10-07 15:45:31,000 INFO k.a.j.t.VariableThroughputTimer: Stopping gracefuly threads of Thread Group : GPSVirtuales
2026-10-07 15:45:31,000 INFO o.a.j.t.JMeterThread: Thread is done: GPSVirtuales-ThreadStarter 1-1
2026-10-07 15:45:31,000 INFO o.a.j.t.JMeterThread: Thread finished: GPSVirtuales-ThreadStarter 1-1
2026-10-07 15:45:32,000 INFO k.a.j.t.VariableThroughputTimer: No further RPS schedule, asking threads to stop...
2026-10-07 15:45:32,000 INFO k.a.j.t.VariableThroughputTimer: Tries more than 3, hard stopping threads of Thread Group : GPSVirtuales
2026-10-07 15:45:32,000 INFO o.a.j.t.JMeterThread: Stopping: GPSVirtuales-ThreadStarter 1-49
2026-10-07 15:45:32,000 INFO o.a.j.t.JMeterThread: Stopping: GPSVirtuales-ThreadStarter 1-46
2026-10-07 15:45:32,000 INFO o.a.j.t.JMeterThread: Stopping: GPSVirtuales-ThreadStarter 1-28
2026-10-07 15:45:32,000 INFO o.a.j.t.JMeterThread: Stopping: GPSVirtuales-ThreadStarter 1-19
2026-10-07 15:45:32,000 INFO o.a.j.t.JMeterThread: Stopping: GPSVirtuales-ThreadStarter 1-25
2026-10-07 15:45:32,000 INFO o.a.j.t.JMeterThread: Stopping: GPSVirtuales-ThreadStarter 1-34
2026-10-07 15:45:32,000 INFO o.a.j.t.JMeterThread: Stopping: GPSVirtuales-ThreadStarter 1-48
2026-10-07 15:45:32,000 INFO o.a.j.t.JMeterThread: Stopping: GPSVirtuales-ThreadStarter 1-22
2026-10-07 15:45:32,000 INFO o.a.j.t.JMeterThread: Stopping: GPSVirtuales-ThreadStarter 1-3
2026-10-07 15:45:32,000 INFO o.a.j.t.JMeterThread: Stopping: GPSVirtuales-ThreadStarter 1-47
2026-10-07 15:45:32,000 INFO o.a.j.t.JMeterThread: Stopping: GPSVirtuales-ThreadStarter 1-50
2026-10-07 15:45:32,000 INFO o.a.j.t.JMeterThread: Stopping: GPSVirtuales-ThreadStarter 1-43
2026-10-07 15:45:32,000 INFO o.a.j.t.JMeterThread: Stopping: GPSVirtuales-ThreadStarter 1-8
2026-10-07 15:45:32,000 INFO o.a.j.t.JMeterThread: Stopping: GPSVirtuales-ThreadStarter 1-5
2026-10-07 15:45:32,000 INFO o.a.j.t.JMeterThread: Stopping: GPSVirtuales-ThreadStarter 1-37
2026-10-07 15:45:32,000 INFO o.a.j.t.JMeterThread: Stopping: GPSVirtuales-ThreadStarter 1-42
2026-10-07 15:45:32,000 INFO o.a.j.t.JMeterThread: Stopping: GPSVirtuales-ThreadStarter 1-35
2026-10-07 15:45:32,000 INFO o.a.j.t.JMeterThread: Stopping: GPSVirtuales-ThreadStarter 1-40
2026-10-07 15:45:32,000 INFO o.a.j.t.JMeterThread: Stopping: GPSVirtuales-ThreadStarter 1-33
2026-10-07 15:45:32,000 INFO o.a.j.t.JMeterThread: Stopping: GPSVirtuales-ThreadStarter 1-32
2026-10-07 15:45:32,000 INFO o.a.j.t.JMeterThread: Stopping: GPSVirtuales-ThreadStarter 1-21
2026-10-07 15:45:32,000 INFO o.a.j.t.JMeterThread: Stopping: GPSVirtuales-ThreadStarter 1-31
2026-10-07 15:45:32,000 INFO o.a.j.t.JMeterThread: Stopping: GPSVirtuales-ThreadStarter 1-14
2026-10-07 15:45:32,000 INFO o.a.j.t.JMeterThread: Stopping: GPSVirtuales-ThreadStarter 1-6
2026-10-07 15:45:32,000 INFO o.a.j.t.JMeterThread: Stopping: GPSVirtuales-ThreadStarter 1-20
2026-10-07 15:45:32,000 INFO o.a.j.t.JMeterThread: Stopping: GPSVirtuales-ThreadStarter 1-17
2026-10-07 15:45:32,000 INFO o.a.j.t.JMeterThread: Stopping: GPSVirtuales-ThreadStarter 1-16
2026-10-07 15:45:32,000 INFO o.a.j.t.JMeterThread: Stopping: GPSVirtuales-ThreadStarter 1-13
2026-10-07 15:45:32,000 INFO o.a.j.t.JMeterThread: Stopping: GPSVirtuales-ThreadStarter 1-38
2026-10-07 15:45:32,000 INFO o.a.j.t.JMeterThread: Stopping: GPSVirtuales-ThreadStarter 1-18
2026-10-07 15:45:32,000 INFO o.a.j.t.JMeterThread: Stopping: GPSVirtuales-ThreadStarter 1-11
2026-10-07 15:45:32,000 INFO o.a.j.t.JMeterThread: Stopping: GPSVirtuales-ThreadStarter 1-15
2026-10-07 15:45:32,000 INFO o.a.j.t.JMeterThread: Stopping: GPSVirtuales-ThreadStarter 1-30
2026-10-07 15:45:32,000 INFO o.a.j.t.JMeterThread: Stopping: GPSVirtuales-ThreadStarter 1-4
2026-10-07 15:45:32,000 INFO o.a.j.t.JMeterThread: Stopping: GPSVirtuales-ThreadStarter 1-12
2026-10-07 15:45:32,000 INFO o.a.j.t.JMeterThread: Stopping: GPSVirtuales-ThreadStarter 1-27
2026-10-07 15:45:32,000 INFO o.a.j.t.JMeterThread: Stopping: GPSVirtuales-ThreadStarter 1-44
2026-10-07 15:45:32,000 INFO o.a.j.t.JMeterThread: Stopping: GPSVirtuales-ThreadStarter 1-45
2026-10-07 15:45:32,000 INFO o.a.j.t.JMeterThread: Stopping: GPSVirtuales-ThreadStarter 1-24
2026-10-07 15:45:32,000 INFO o.a.j.t.JMeterThread: Stopping: GPSVirtuales-ThreadStarter 1-9
2026-10-07 15:45:32,000 INFO o.a.j.t.JMeterThread: Stopping: GPSVirtuales-ThreadStarter 1-2
2026-10-07 15:45:32,000 INFO o.a.j.t.JMeterThread: Stopping: GPSVirtuales-ThreadStarter 1-26
2026-10-07 15:45:32,000 INFO o.a.j.t.JMeterThread: Stopping: GPSVirtuales-ThreadStarter 1-23
2026-10-07 15:45:32,000 INFO o.a.j.t.JMeterThread: Stopping: GPSVirtuales-ThreadStarter 1-29
2026-10-07 15:45:32,000 INFO o.a.j.t.JMeterThread: Stopping: GPSVirtuales-ThreadStarter 1-10
2026-10-07 15:45:32,000 INFO o.a.j.t.JMeterThread: Stopping: GPSVirtuales-ThreadStarter 1-41
2026-10-07 15:45:32,000 INFO o.a.j.t.JMeterThread: Stopping: GPSVirtuales-ThreadStarter 1-36
2026-10-07 15:45:32,000 INFO o.a.j.t.JMeterThread: Thread is done: GPSVirtuales-ThreadStarter 1-23
2026-10-07 15:45:32,000 INFO o.a.j.t.JMeterThread: Thread finished: GPSVirtuales-ThreadStarter 1-23
2026-10-07 15:45:33,000 INFO k.a.j.t.VariableThroughputTimer: No further RPS schedule, asking threads to stop...
2026-10-07 15:45:33,000 INFO k.a.j.t.VariableThroughputTimer: Tries more than 3, hard stopping threads of Thread Group : GPSVirtuales
2026-10-07 15:45:33,000 INFO o.a.j.t.JMeterThread: Stopping: GPSVirtuales-ThreadStarter 1-49
2026-10-07 15:45:33,000 INFO o.a.j.t.JMeterThread: Stopping: GPSVirtuales-ThreadStarter 1-46
2026-10-07 15:45:33,000 INFO o.a.j.t.JMeterThread: Stopping: GPSVirtuales-ThreadStarter 1-28
2026-10-07 15:45:33,000 INFO o.a.j.t.JMeterThread: Stopping: GPSVirtuales-ThreadStarter 1-19
2026-10-07 15:45:33,000 INFO o.a.j.t.JMeterThread: Stopping: GPSVirtuales-ThreadStarter 1-25
2026-10-07 15:45:33,000 INFO o.a.j.t.JMeterThread: Stopping: GPSVirtuales-ThreadStarter 1-34
2026-10-07 15:45:33,000 INFO o.a.j.t.JMeterThread: Stopping: GPSVirtuales-ThreadStarter 1-48
2026-10-07 15:45:33,000 INFO o.a.j.t.JMeterThread: Stopping: GPSVirtuales-ThreadStarter 1-22
2026-10-07 15:45:33,000 INFO o.a.j.t.JMeterThread: Stopping: GPSVirtuales-ThreadStarter 1-3
2026-10-07 15:45:33,000 INFO o.a.j.t.JMeterThread: Stopping: GPSVirtuales-ThreadStarter 1-47
2026-10-07 15:45:33,000 INFO o.a.j.t.JMeterThread: Stopping: GPSVirtuales-ThreadStarter 1-50
2026-10-07 15:45:33,000 INFO o.a.j.t.JMeterThread: Stopping: GPSVirtuales-ThreadStarter 1-43
2026-10-07 15:45:33,000 INFO o.a.j.t.JMeterThread: Stopping: GPSVirtuales-ThreadStarter 1-8
2026-10-07 15:45:33,000 INFO o.a.j.t.JMeterThread: Stopping: GPSVirtuales-ThreadStarter 1-5
2026-10-07 15:45:33,000 INFO o.a.j.t.JMeterThread: Stopping: GPSVirtuales-ThreadStarter 1-37
2026-10-07 15:45:33,000 INFO o.a.j.t.JMeterThread: Stopping: GPSVirtuales-ThreadStarter 1-42
2026-10-07 15:45:33,000 INFO o.a.j.t.JMeterThread: Stopping: GPSVirtuales-ThreadStarter 1-35
2026-10-07 15:45:33,000 INFO o.a.j.t.JMeterThread: Stopping: GPSVirtuales-ThreadStarter 1-40
2026-10-07 15:45:33,000 INFO o.a.j.t.JMeterThread: Stopping: GPSVirtuales-ThreadStarter 1-33
2026-10-07 15:45:33,000 INFO o.a.j.t.JMeterThread: Stopping: GPSVirtuales-ThreadStarter 1-32
2026-10-07 15:45:33,000 INFO o.a.j.t.JMeterThread: Stopping: GPSVirtuales-ThreadStarter 1-21
2026-10-07 15:45:33,000 INFO o.a.j.t.JMeterThread: Stopping: GPSVirtuales-ThreadStarter 1-31
2026-10-07 15:45:33,000 INFO o.a.j.t.JMeterThread: Stopping: GPSVirtuales-ThreadStarter 1-14
2026-10-07 15:45:33,000 INFO o.a.j.t.JMeterThread: Stopping: GPSVirtuales-ThreadStarter 1-6
2026-10-07 15:45:33,000 INFO o.a.j.t.JMeterThread: Stopping: GPSVirtuales-ThreadStarter 1-20
2026-10-07 15:45:33,000 INFO o.a.j.t.JMeterThread: Stopping: GPSVirtuales-ThreadStarter 1-17
2026-10-07 15:45:33,000 INFO o.a.j.t.JMeterThread: Stopping: GPSVirtuales-ThreadStarter 1-16
2026-10-07 15:45:33,000 INFO o.a.j.t.JMeterThread: Stopping: GPSVirtuales-ThreadStarter 1-13
2026-10-07 15:45:33,000 INFO o.a.j.t.JMeterThread: Stopping: GPSVirtuales-ThreadStarter 1-38
2026-10-07 15:45:33,000 INFO o.a.j.t.JMeterThread: Stopping: GPSVirtuales-ThreadStarter 1-18
2026-10-07 15:45:33,000 INFO o.a.j.t.JMeterThread: Stopping: GPSVirtuales-ThreadStarter 1-11
2026-10-07 15:45:33,000 INFO o.a.j.t.JMeterThread: Stopping: GPSVirtuales-ThreadStarter 1-15
2026-10-07 15:45:33,000 INFO o.a.j.t.JMeterThread: Stopping: GPSVirtuales-ThreadStarter 1-30
2026-10-07 15:45:33,000 INFO o.a.j.t.JMeterThread: Stopping: GPSVirtuales-ThreadStarter 1-4
2026-10-07 15:45:33,000 INFO o.a.j.t.JMeterThread: Stopping: GPSVirtuales-ThreadStarter 1-12
2026-10-07 15:45:33,000 INFO o.a.j.t.JMeterThread: Stopping: GPSVirtuales-ThreadStarter 1-27
2026-10-07 15:45:33,000 INFO o.a.j.t.JMeterThread: Stopping: GPSVirtuales-ThreadStarter 1-44
2026-10-07 15:45:33,000 INFO o.a.j.t.JMeterThread: Stopping: GPSVirtuales-ThreadStarter 1-45
2026-10-07 15:45:33,000 INFO o.a.j.t.JMeterThread: Stopping: GPSVirtuales-ThreadStarter 1-24
2026-10-07 15:45:33,000 INFO o.a.j.t.JMeterThread: Stopping: GPSVirtuales-ThreadStarter 1-9
2026-10-07 15:45:33,000 INFO o.a.j.t.JMeterThread: Stopping: GPSVirtuales-ThreadStarter 1-2
2026-10-07 15:45:33,000 INFO o.a.j.t.JMeterThread: Stopping: GPSVirtuales-ThreadStarter 1-26
2026-10-07 15:45:33,000 INFO o.a.j.t.JMeterThread: Stopping: GPSVirtuales-ThreadStarter 1-29
2026-10-07 15:45:33,000 INFO o.a.j.t.JMeterThread: Stopping: GPSVirtuales-ThreadStarter 1-10
2026-10-07 15:45:33,000 INFO o.a.j.t.JMeterThread: Stopping: GPSVirtuales-ThreadStarter 1-41
2026-10-07 15:45:33,000 INFO o.a.j.t.JMeterThread: Stopping: GPSVirtuales-ThreadStarter 1-36
2026-10-07 15:45:33,000 INFO o.a.j.t.JMeterThread: Thread is done: GPSVirtuales-ThreadStarter 1-26
2026-10-07 15:45:33,000 INFO o.a.j.t.JMeterThread: Thread finished: GPSVirtuales-ThreadStarter 1-26
2026-10-07 15:45:34,000 INFO k.a.j.t.VariableThroughputTimer: No further RPS schedule, asking threads to stop...
2026-10-07 15:45:34,000 INFO k.a.j.t.VariableThroughputTimer: Tries more than 5, shutting down engine!
2026-10-07 15:45:34,000 INFO o.a.j.t.JMeterThread: Thread is done: GPSVirtuales-ThreadStarter 1-9
2026-10-07 15:45:34,000 INFO o.a.j.t.JMeterThread: Thread finished: GPSVirtuales-ThreadStarter 1-9
2026-10-07 15:45:34,000 INFO c.b.j.t.c.ConcurrencyThreadStarter: Done supplying threads
2026-10-07 15:45:34,000 WARN o.a.j.t.JMeterThread: Interrupting: GPSVirtuales-ThreadStarter 1-7 sampler: Set Positions
2026-10-07 15:45:34,000 WARN o.a.j.t.JMeterThread: Interrupting: GPSVirtuales-ThreadStarter 1-40 sampler: Set Positions
2026-10-07 15:45:34,000 WARN o.a.j.t.JMeterThread: Interrupting: GPSVirtuales-ThreadStarter 1-18 sampler: Set Positions
2026-10-07 15:45:34,001 INFO o.a.j.t.JMeterThread: Thread is done: GPSVirtuales-ThreadStarter 1-7
2026-10-07 15:45:34,001 INFO o.a.j.t.JMeterThread: Thread finished: GPSVirtuales-ThreadStarter 1-7
2026-10-07 15:45:34,001 INFO o.a.j.t.JMeterThread: Thread is done: GPSVirtuales-ThreadStarter 1-40
2026-10-07 15:45:34,001 INFO o.a.j.t.JMeterThread: Thread finished: GPSVirtuales-ThreadStarter 1-40
2026-10-07 15:45:34,001 INFO o.a.j.t.JMeterThread: Thread is done: GPSVirtuales-ThreadStarter 1-18
2026-10-07 15:45:34,001 INFO o.a.j.t.JMeterThread: Thread finished: GPSVirtuales-ThreadStarter 1-18
2026-10-07 15:45:34,112 INFO o.a.j.t.JMeterThread: Thread is done: GPSVirtuales-ThreadStarter 1-32
2026-10-07 15:45:34,112 INFO o.a.j.t.JMeterThread: Thread finished: GPSVirtuales-ThreadStarter 1-32
2026-10-07 15:45:34,112 INFO o.a.j.e.StandardJMeterEngine: Notifying test listeners of end of test
2026-10-07 15:45:34,113 INFO o.a.j.s.FileServer: Close: /Users/carlos.jimenez/Documents/carga/traccar-gps/datos_positions_user_carlos.csv
2026-10-07 15:45:34,113 INFO o.a.j.g.u.JMeterMenuBar: setRunning(false, *local*)
2026-10-07 15:45:34,114 INFO o.a.j.t.JMeterThread: Stopping: GPSVirtuales-ThreadStarter 1-49
2026-10-07 15:45:34,153 INFO o.a.j.t.JMeterThread: Thread is done: GPSVirtuales-ThreadStarter 1-33
2026-10-07 15:45:34,153 INFO o.a.j.t.JMeterThread: Thread finished: GPSVirtuales-ThreadStarter 1-33
2026-10-07 15:45:34,225 INFO o.a.j.t.JMeterThread: Thread is done: GPSVirtuales-ThreadStarter 1-3
2026-10-07 15:45:34,225 INFO o.a.j.t.JMeterThread: Thread finished: GPSVirtuales-ThreadStarter 1-3
2026-10-07 15:45:34,256 INFO o.a.j.t.JMeterThread: Thread is done: GPSVirtuales-ThreadStarter 1-35
2026-10-07 15:45:34,256 INFO o.a.j.t.JMeterThread: Thread finished: GPSVirtuales-ThreadStarter 1-35
2026-10-07 15:45:34,315 INFO o.a.j.t.JMeterThread: Thread is done: GPSVirtuales-ThreadStarter 1-48
2026-10-07 15:45:34,315 INFO o.a.j.t.JMeterThread: Thread finished: GPSVirtuales-ThreadStarter 1-48
2026-10-07 15:45:34,316 INFO o.a.j.t.JMeterThread: Thread is done: GPSVirtuales-ThreadStarter 1-5
2026-10-07 15:45:34,316 INFO o.a.j.t.JMeterThread: Thread finished: GPSVirtuales-ThreadStarter 1-5
2026-10-07 15:45:34,363 INFO o.a.j.t.JMeterThread: Thread is done: GPSVirtuales-ThreadStarter 1-34
2026-10-07 15:45:34,363 INFO o.a.j.t.JMeterThread: Thread finished: GPSVirtuales-ThreadStarter 1-34
2026-10-07 15:45:34,424 INFO o.a.j.t.JMeterThread: Thread is done: GPSVirtuales-ThreadStarter 1-39
2026-10-07 15:45:34,424 INFO o.a.j.t.JMeterThread: Thread finished: GPSVirtuales-ThreadStarter 1-39
2026-10-07 15:45:34,468 INFO o.a.j.t.JMeterThread: Thread is done: GPSVirtuales-ThreadStarter 1-36
2026-10-07 15:45:34,468 INFO o.a.j.t.JMeterThread: Thread finished: GPSVirtuales-ThreadStarter 1-36
2026-10-07 15:45:34,471 INFO o.a.j.t.JMeterThread: Thread is done: GPSVirtuales-ThreadStarter 1-2
2026-10-07 15:45:34,471 INFO o.a.j.t.JMeterThread: Thread finished: GPSVirtuales-ThreadStarter 1-2
2026-10-07 15:45:34,521 INFO o.a.j.t.JMeterThread: Thread is done: GPSVirtuales-ThreadStarter 1-1
2026-10-07 15:45:34,522 INFO o.a.j.t.JMeterThread: Thread finished: GPSVirtuales-ThreadStarter 1-1
2026-10-07 15:45:34,577 INFO o.a.j.t.JMeterThread: Thread is done: GPSVirtuales-ThreadStarter 1-16
2026-10-07 15:45:34,577 INFO o.a.j.t.JMeterThread: Thread finished: GPSVirtuales-ThreadStarter 1-16
2026-10-07 15:45:34,628 INFO o.a.j.t.JMeterThread: Thread is done: GPSVirtuales-ThreadStarter 1-17
2026-10-07 15:45:34,628 INFO o.a.j.t.JMeterThread: Thread finished: GPSVirtuales-ThreadStarter 1-17
2026-10-07 15:45:34,636 INFO o.a.j.t.JMeterThread: Thread is done: GPSVirtuales-ThreadStarter 1-43
2026-10-07 15:45:34,636 INFO o.a.j.t.JMeterThread: Thread finished: GPSVirtuales-ThreadStarter 1-43
2026-10-07 15:45:34,682 INFO o.a.j.t.JMeterThread: Thread is done: GPSVirtuales-ThreadStarter 1-19
2026-10-07 15:45:34,682 INFO o.a.j.t.JMeterThread: Thread finished: GPSVirtuales-ThreadStarter 1-19
2026-10-07 15:45:34,736 INFO o.a.j.t.JMeterThread: Thread is done: GPSVirtuales-ThreadStarter 1-13
2026-10-07 15:45:34,736 INFO o.a.j.t.JMeterThread: Thread finished: GPSVirtuales-ThreadStarter 1-13
2026-10-07 15:45:34,791 INFO o.a.j.t.JMeterThread: Thread is done: GPSVirtuales-ThreadStarter 1-4
2026-10-07 15:45:34,791 INFO o.a.j.t.JMeterThread: Thread finished: GPSVirtuales-ThreadStarter 1-4
2026-10-07 15:45:34,796 INFO o.a.j.t.JMeterThread: Thread is done: GPSVirtuales-ThreadStarter 1-50
2026-10-07 15:45:34,796 INFO o.a.j.t.JMeterThread: Thread finished: GPSVirtuales-ThreadStarter 1-50
2026-10-07 15:45:34,846 INFO o.a.j.t.JMeterThread: Thread is done: GPSVirtuales-ThreadStarter 1-14
2026-10-07 15:45:34,846 INFO o.a.j.t.JMeterThread: Thread finished: GPSVirtuales-ThreadStarter 1-14
2026-10-07 15:45:34,898 INFO o.a.j.t.JMeterThread: Thread is done: GPSVirtuales-ThreadStarter 1-11
2026-10-07 15:45:34,898 INFO o.a.j.t.JMeterThread: Thread finished: GPSVirtuales-ThreadStarter 1-11
2026-10-07 15:45:34,953 INFO o.a.j.t.JMeterThread: Thread is done: GPSVirtuales-ThreadStarter 1-27
2026-10-07 15:45:34,953 INFO o.a.j.t.JMeterThread: Thread finished: GPSVirtuales-ThreadStarter 1-27
2026-10-07 15:45:34,953 INFO o.a.j.t.JMeterThread: Thread is done: GPSVirtuales-ThreadStarter 1-31
2026-10-07 15:45:34,953 INFO o.a.j.t.JMeterThread: Thread finished: GPSVirtuales-ThreadStarter 1-31
2026-10-07 15:45:35,000 INFO k.a.j.t.VariableThroughputTimer: No further RPS schedule, asking threads to stop...
2026-10-07 15:45:35,000 INFO k.a.j.t.VariableThroughputTimer: Tries more than 5, shutting down engine!
2026-10-07 15:45:35,000 INFO o.a.j.t.JMeterThread: Thread is done: GPSVirtuales-ThreadStarter 1-44
2026-10-07 15:45:35,000 INFO o.a.j.t.JMeterThread: Thread finished: GPSVirtuales-ThreadStarter 1-44
2026-10-07 15:45:35,004 INFO o.a.j.t.JMeterThread: Thread is done: GPSVirtuales-ThreadStarter 1-37
2026-10-07 15:45:35,004 INFO o.a.j.t.JMeterThread: Thread finished: GPSVirtuales-ThreadStarter 1-37
2026-10-07 15:45:35,058 INFO o.a.j.t.JMeterThread: Thread is done: GPSVirtuales-ThreadStarter 1-42
2026-10-07 15:45:35,058 INFO o.a.j.t.JMeterThread: Thread finished: GPSVirtuales-ThreadStarter 1-42
2026-10-07 15:45:35,115 INFO o.a.j.t.JMeterThread: Thread is done: GPSVirtuales-ThreadStarter 1-38
2026-10-07 15:45:35,115 INFO o.a.j.t.JMeterThread: Thread is done: GPSVirtuales-ThreadStarter 1-29
2026-10-07 15:45:35,115 INFO o.a.j.t.JMeterThread: Thread finished: GPSVirtuales-ThreadStarter 1-38
2026-10-07 15:45:35,115 INFO o.a.j.t.JMeterThread: Thread finished: GPSVirtuales-ThreadStarter 1-29
2026-10-07 15:45:35,164 INFO o.a.j.t.JMeterThread: Thread is done: GPSVirtuales-ThreadStarter 1-21
2026-10-07 15:45:35,164 INFO o.a.j.t.JMeterThread: Thread finished: GPSVirtuales-ThreadStarter 1-21
2026-10-07 15:45:35,220 INFO o.a.j.t.JMeterThread: Thread is done: GPSVirtuales-ThreadStarter 1-24
2026-10-07 15:45:35,220 INFO o.a.j.t.JMeterThread: Thread finished: GPSVirtuales-ThreadStarter 1-24
2026-10-07 15:45:35,285 INFO o.a.j.t.JMeterThread: Thread is done: GPSVirtuales-ThreadStarter 1-45
2026-10-07 15:45:35,285 INFO o.a.j.t.JMeterThread: Thread is done: GPSVirtuales-ThreadStarter 1-6
2026-10-07 15:45:35,285 INFO o.a.j.t.JMeterThread: Thread finished: GPSVirtuales-ThreadStarter 1-45
2026-10-07 15:45:35,285 INFO o.a.j.t.JMeterThread: Thread finished: GPSVirtuales-ThreadStarter 1-6
2026-10-07 15:45:35,337 INFO o.a.j.t.JMeterThread: Thread is done: GPSVirtuales-ThreadStarter 1-20
2026-10-07 15:45:35,337 INFO o.a.j.t.JMeterThread: Thread finished: GPSVirtuales-ThreadStarter 1-20
2026-10-07 15:45:35,389 INFO o.a.j.t.JMeterThread: Thread is done: GPSVirtuales-ThreadStarter 1-10
2026-10-07 15:45:35,389 INFO o.a.j.t.JMeterThread: Thread finished: GPSVirtuales-ThreadStarter 1-10
2026-10-07 15:45:35,400 INFO o.a.j.t.JMeterThread: Thread is done: GPSVirtuales-ThreadStarter 1-41
2026-10-07 15:45:35,400 INFO o.a.j.t.JMeterThread: Thread finished: GPSVirtuales-ThreadStarter 1-41
2026-10-07 15:45:35,435 INFO o.a.j.t.JMeterThread: Thread is done: GPSVirtuales-ThreadStarter 1-23
2026-10-07 15:45:35,436 INFO o.a.j.t.JMeterThread: Thread finished: GPSVirtuales-ThreadStarter 1-23
2026-10-07 15:45:35,505 INFO o.a.j.t.JMeterThread: Thread is done: GPSVirtuales-ThreadStarter 1-22
2026-10-07 15:45:35,505 INFO o.a.j.t.JMeterThread: Thread finished: GPSVirtuales-ThreadStarter 1-22
2026-10-07 15:45:35,549 INFO o.a.j.t.JMeterThread: Thread is done: GPSVirtuales-ThreadStarter 1-49
2026-10-07 15:45:35,549 INFO o.a.j.t.JMeterThread: Thread finished: GPSVirtuales-ThreadStarter 1-49
2026-10-07 15:45:35,612 INFO o.a.j.t.JMeterThread: Thread is done: GPSVirtuales-ThreadStarter 1-46
2026-10-07 15:45:35,612 INFO o.a.j.t.JMeterThread: Thread finished: GPSVirtuales-ThreadStarter 1-46
2026-10-07 15:45:35,613 INFO o.a.j.t.JMeterThread: Thread is done: GPSVirtuales-ThreadStarter 1-47
2026-10-07 15:45:35,613 INFO o.a.j.t.JMeterThread: Thread finished: GPSVirtuales-ThreadStarter 1-47
2026-10-07 15:45:35,650 INFO o.a.j.t.JMeterThread: Thread is done: GPSVirtuales-ThreadStarter 1-12
2026-10-07 15:45:35,650 INFO o.a.j.t.JMeterThread: Thread finished: GPSVirtuales-ThreadStarter 1-12
2026-10-07 15:45:35,683 INFO o.a.j.t.JMeterThread: Thread is done: GPSVirtuales-ThreadStarter 1-26
2026-10-07 15:45:35,683 INFO o.a.j.t.JMeterThread: Thread finished: GPSVirtuales-ThreadStarter 1-26
2026-10-07 15:45:35,728 INFO o.a.j.t.JMeterThread: Thread is done: GPSVirtuales-ThreadStarter 1-15
2026-10-07 15:45:35,728 INFO o.a.j.t.JMeterThread: Thread finished: GPSVirtuales-ThreadStarter 1-15
2026-10-07 15:45:35,767 INFO o.a.j.t.JMeterThread: Thread is done: GPSVirtuales-ThreadStarter 1-30
2026-10-07 15:45:35,767 INFO o.a.j.t.JMeterThread: Thread finished: GPSVirtuales-ThreadStarter 1-30
2026-10-07 15:45:35,795 INFO o.a.j.t.JMeterThread: Thread is done: GPSVirtuales-ThreadStarter 1-8
2026-10-07 15:45:35,796 INFO o.a.j.t.JMeterThread: Thread finished: GPSVirtuales-ThreadStarter 1-8
2026-10-07 15:45:35,835 INFO o.a.j.t.JMeterThread: Thread is done: GPSVirtuales-ThreadStarter 1-25
2026-10-07 15:45:35,835 INFO o.a.j.t.JMeterThread: Thread finished: GPSVirtuales-ThreadStarter 1-25
2026-10-07 15:45:35,876 INFO o.a.j.t.JMeterThread: Thread is done: GPSVirtuales-ThreadStarter 1-9
2026-10-07 15:45:35,876 INFO o.a.j.t.JMeterThread: Thread finished: GPSVirtuales-ThreadStarter 1-9
2026-10-07 15:45:35,920 INFO o.a.j.t.JMeterThread: Thread is done: GPSVirtuales-ThreadStarter 1-44
2026-10-07 15:45:35,920 INFO o.a.j.t.JMeterThread: Thread finished: GPSVirtuales-ThreadStarter 1-44
2026-10-07 15:45:35,986 INFO o.a.j.t.JMeterThread: Thread is done: GPSVirtuales-ThreadStarter 1-28
2026-10-07 15:45:35,986 INFO o.a.j.t.JMeterThread: Thread finished: GPSVirtuales-ThreadStarter 1-28
2026-10-07 15:45:36,000 INFO k.a.j.t.VariableThroughputTimer: No further RPS schedule, asking threads to stop...
2026-10-07 15:45:36,000 INFO k.a.j.t.VariableThroughputTimer: Tries more than 5, shutting down engine!
2026-10-07 15:45:36,000 INFO o.a.j.t.JMeterThread: Thread is done: GPSVirtuales-ThreadStarter 1-10
2026-10-07 15:45:36,000 INFO o.a.j.t.JMeterThread: Thread finished: GPSVirtuales-ThreadStarter 1-10
2026-10-07 15:45:37,000 INFO k.a.j.t.VariableThroughputTimer: No further RPS schedule, asking threads to stop...
2026-10-07 15:45:37,000 INFO k.a.j.t.VariableThroughputTimer: Tries more than 5, shutting down engine!
2026-10-07 15:45:37,000 INFO o.a.j.t.JMeterThread: Thread is done: GPSVirtuales-ThreadStarter 1-36
2026-10-07 15:45:37,000 INFO o.a.j.t.JMeterThread: Thread finished: GPSVirtuales-ThreadStarter 1-36
2026-10-07 15:45:38,000 INFO k.a.j.t.VariableThroughputTimer: No further RPS schedule, asking threads to stop...
2026-10-07 15:45:38,000 INFO k.a.j.t.VariableThroughputTimer: Tries more than 5, shutting down engine!
2026-10-07 15:45:38,000 INFO o.a.j.t.JMeterThread: Thread is done: GPSVirtuales-ThreadStarter 1-41
2026-10-07 15:45:38,000 INFO o.a.j.t.JMeterThread: Thread finished: GPSVirtuales-ThreadStarter 1-41
2026-10-07 15:45:39,000 INFO k.a.j.t.VariableThroughputTimer: No further RPS schedule, asking threads to stop...
2026-10-07 15:45:39,000 INFO k.a.j.t.VariableThroughputTimer: Tries more than 10, stopping engine NOW!
2026-10-07 15:45:39,000 INFO o.a.j.t.JMeterThread: Thread is done: GPSVirtuales-ThreadStarter 1-29
2026-10-07 15:45:39,000 INFO o.a.j.t.JMeterThread: Thread finished: GPSVirtuales-ThreadStarter 1-29
2026-10-07 15:45:39,119 INFO o.a.j.t.JMeterThread: Stopping: GPSVirtuales-ThreadStarter 1-46
2026-10-07 15:45:39,155 INFO o.a.j.e.StandardJMeterEngine: Running the test!
2026-10-07 15:45:39,155 INFO o.a.j.s.SampleEvent: List of sample_variables: []
2026-10-07 15:45:39,157 WARN o.a.j.r.ResultCollector: Error creating directories for /Users/familia/Documents/IT4ALL/Test/WARENA/Referencia
2026-10-07 15:45:39,159 WARN o.a.j.r.ResultCollector: Error creating directories for /Users/familia/Documents/IT4ALL/Test/WARENA/Referencia
2026-10-07 15:45:39,159 INFO o.a.j.g.u.JMeterMenuBar: setRunning(true, *local*)
2026-10-07 15:45:39,201 INFO o.a.j.e.StandardJMeterEngine: Starting ThreadGroup: 1 : GPSVirtuales
2026-10-07 15:45:39,201 INFO o.a.j.e.StandardJMeterEngine: Starting 50 threads for group GPSVirtuales.
2026-10-07 15:45:39,202 INFO o.a.j.e.StandardJMeterEngine: Thread will continue on error
2026-10-07 15:45:39,202 INFO o.a.j.e.StandardJMeterEngine: All thread groups have been started
2026-10-07 15:45:39,202 INFO c.b.j.t.c.ConcurrencyThreadStarter: Start supplying threads
2026-10-07 15:45:39,202 INFO o.a.j.t.JMeterThread: Thread started: GPSVirtuales-ThreadStarter 1-1
2026-10-07 15:45:39,202 INFO o.a.j.s.FileServer: Stored: /Users/carlos.jimenez/Documents/carga/traccar-gps/datos_positions_user_carlos.csv
2026-10-07 15:45:39,202 INFO o.a.j.t.JMeterThread: Thread started: GPSVirtuales-ThreadStarter 1-2
2026-10-07 15:45:39,203 INFO o.a.j.t.JMeterThread: Thread started: GPSVirtuales-ThreadStarter 1-5
2026-10-07 15:45:39,203 INFO o.a.j.t.JMeterThread: Thread started: GPSVirtuales-ThreadStarter 1-4
2026-10-07 15:45:39,203 INFO o.a.j.t.JMeterThread: Thread started: GPSVirtuales-ThreadStarter 1-3
2026-10-07 15:45:39,203 INFO o.a.j.t.JMeterThread: Thread started: GPSVirtuales-ThreadStarter 1-6
2026-10-07 15:45:39,203 INFO o.a.j.t.JMeterThread: Thread started: GPSVirtuales-ThreadStarter 1-7
2026-10-07 15:45:39,203 INFO o.a.j.t.JMeterThread: Thread started: GPSVirtuales-ThreadStarter 1-8
2026-10-07 15:45:39,204 INFO o.a.j.t.JMeterThread: Thread started: GPSVirtuales-ThreadStarter 1-9
2026-10-07 15:45:39,204 INFO o.a.j.t.JMeterThread: Thread started: GPSVirtuales-ThreadStarter 1-10
2026-10-07 15:45:39,204 INFO o.a.j.t.JMeterThread: Thread started: GPSVirtuales-ThreadStarter 1-11
2026-10-07 15:45:39,205 INFO o.a.j.t.JMeterThread: Thread started: GPSVirtuales-ThreadStarter 1-12
2026-10-07 15:45:39,205 INFO o.a.j.t.JMeterThread: Thread started: GPSVirtuales-ThreadStarter 1-13
2026-10-07 15:45:39,206 INFO o.a.j.t.JMeterThread: Thread started: GPSVirtuales-ThreadStarter 1-14
2026-10-07 15:45:39,206 INFO o.a.j.t.JMeterThread: Thread started: GPSVirtuales-ThreadStarter 1-15
2026-10-07 15:45:39,207 INFO o.a.j.t.JMeterThread: Thread started: GPSVirtuales-ThreadStarter 1-16
2026-10-07 15:45:39,207 INFO o.a.j.t.JMeterThread: Thread started: GPSVirtuales-ThreadStarter 1-17
2026-10-07 15:45:39,207 INFO o.a.j.t.JMeterThread: Thread started: GPSVirtuales-ThreadStarter 1-18
2026-10-07 15:45:39,207 INFO o.a.j.t.JMeterThread: Thread started: GPSVirtuales-ThreadStarter 1-19
2026-10-07 15:45:39,208 INFO o.a.j.t.JMeterThread: Thread started: GPSVirtuales-ThreadStarter 1-20
2026-10-07 15:45:39,208 INFO o.a.j.t.JMeterThread: Thread started: GPSVirtuales-ThreadStarter 1-21
2026-10-07 15:45:39,208 INFO o.a.j.t.JMeterThread: Thread started: GPSVirtuales-ThreadStarter 1-22
2026-10-07 15:45:39,209 INFO o.a.j.t.JMeterThread: Thread started: GPSVirtuales-ThreadStarter 1-23
2026-10-07 15:45:39,210 INFO o.a.j.t.JMeterThread: Thread started: GPSVirtuales-ThreadStarter 1-24
2026-10-07 15:45:39,210 INFO o.a.j.t.JMeterThread: Thread started: GPSVirtuales-ThreadStarter 1-25
2026-10-07 15:45:39,210 INFO o.a.j.t.JMeterThread: Thread started: GPSVirtuales-ThreadStarter 1-26
2026-10-07 15:45:39,210 INFO o.a.j.t.JMeterThread: Thread started: GPSVirtuales-ThreadStarter 1-27
2026-10-07 15:45:39,211 INFO o.a.j.t.JMeterThread: Thread started: GPSVirtuales-ThreadStarter 1-29
2026-10-07 15:45:39,211 INFO o.a.j.t.JMeterThread: Thread started: GPSVirtuales-ThreadStarter 1-28
2026-10-07 15:45:39,211 INFO o.a.j.t.JMeterThread: Thread started: GPSVirtuales-ThreadStarter 1-30
2026-10-07 15:45:39,212 INFO o.a.j.t.JMeterThread: Thread started: GPSVirtuales-ThreadStarter 1-31
2026-10-07 15:45:39,212 INFO o.a.j.t.JMeterThread: Thread started: GPSVirtuales-ThreadStarter 1-32
2026-10-07 15:45:39,213 INFO o.a.j.t.JMeterThread: Thread started: GPSVirtuales-ThreadStarter 1-33
2026-10-07 15:45:39,213 INFO o.a.j.t.JMeterThread: Thread started: GPSVirtuales-ThreadStarter 1-34
2026-10-07 15:45:39,213 INFO o.a.j.t.JMeterThread: Thread started: GPSVirtuales-ThreadStarter 1-35
2026-10-07 15:45:39,214 INFO o.a.j.t.JMeterThread: Thread started: GPSVirtuales-ThreadStarter 1-36
2026-10-07 15:45:39,215 INFO o.a.j.t.JMeterThread: Thread started: GPSVirtuales-ThreadStarter 1-37
2026-10-07 15:45:39,215 INFO o.a.j.t.JMeterThread: Thread started: GPSVirtuales-ThreadStarter 1-38
2026-10-07 15:45:39,215 INFO o.a.j.t.JMeterThread: Thread started: GPSVirtuales-ThreadStarter 1-39
2026-10-07 15:45:39,215 INFO o.a.j.t.JMeterThread: Thread started: GPSVirtuales-ThreadStarter 1-40
2026-10-07 15:45:39,216 WARN k.a.j.t.VariableThroughputTimer: No free threads available in current Thread Group GPSVirtuales, made 0 samples/s for expected rps 25.0 samples/s, increase your number of threads
2026-10-07 15:45:39,216 INFO o.a.j.t.JMeterThread: Thread started: GPSVirtuales-ThreadStarter 1-41
2026-10-07 15:45:39,217 INFO o.a.j.t.JMeterThread: Thread started: GPSVirtuales-ThreadStarter 1-42
2026-10-07 15:45:39,217 INFO o.a.j.t.JMeterThread: Thread started: GPSVirtuales-ThreadStarter 1-44
2026-10-07 15:45:39,217 INFO o.a.j.t.JMeterThread: Thread started: GPSVirtuales-ThreadStarter 1-43
2026-10-07 15:45:39,218 INFO o.a.j.t.JMeterThread: Thread started: GPSVirtuales-ThreadStarter 1-45
2026-10-07 15:45:39,218 INFO o.a.j.t.JMeterThread: Thread started: GPSVirtuales-ThreadStarter 1-46
2026-10-07 15:45:39,218 INFO o.a.j.t.JMeterThread: Thread started: GPSVirtuales-ThreadStarter 1-47
2026-10-07 15:45:39,218 INFO o.a.j.t.JMeterThread: Thread started: GPSVirtuales-ThreadStarter 1-48
2026-10-07 15:45:39,218 INFO o.a.j.t.JMeterThread: Thread started: GPSVirtuales-ThreadStarter 1-49
2026-10-07 15:45:39,218 INFO o.a.j.t.JMeterThread: Thread started: GPSVirtuales-ThreadStarter 1-50
2026-10-07 15:45:40,000 INFO k.a.j.t.VariableThroughputTimer: No further RPS schedule, asking threads to stop...
2026-10-07 15:45:40,000 INFO k.a.j.t.VariableThroughputTimer: Tries more than 10, stopping engine NOW!
2026-10-07 15:45:40,000 INFO o.a.j.t.JMeterThread: Thread is done: GPSVirtuales-ThreadStarter 1-12
2026-10-07 15:45:40,000 INFO o.a.j.t.JMeterThread: Thread finished: GPSVirtuales-ThreadStarter 1-12
2026-10-07 15:45:40,000 INFO o.a.j.t.JMeterThread: Stopping: GPSVirtuales-ThreadStarter 1-5
2026-10-07 15:45:40,000 INFO c.b.j.t.c.ConcurrencyThreadStarter: Done supplying threads
2026-10-07 15:45:40,000 WARN o.a.j.t.JMeterThread: Interrupting: GPSVirtuales-ThreadStarter 1-5 sampler: Set Positions
2026-10-07 15:45:40,000 INFO o.a.j.t.JMeterThread: Stopping: GPSVirtuales-ThreadStarter 1-21
2026-10-07 15:45:40,000 INFO o.a.j.t.JMeterThread: Stopping: GPSVirtuales-ThreadStarter 1-24
2026-10-07 15:45:40,000 INFO o.a.j.t.JMeterThread: Stopping: GPSVirtuales-ThreadStarter 1-22
2026-10-07 15:45:40,000 INFO o.a.j.t.JMeterThread: Stopping: GPSVirtuales-ThreadStarter 1-33
2026-10-07 15:45:40,000 INFO o.a.j.t.JMeterThread: Stopping: GPSVirtuales-ThreadStarter 1-26
2026-10-07 15:45:40,000 INFO o.a.j.t.JMeterThread: Stopping: GPSVirtuales-ThreadStarter 1-46
2026-10-07 15:45:40,000 INFO o.a.j.t.JMeterThread: Stopping: GPSVirtuales-ThreadStarter 1-19
2026-10-07 15:45:40,000 INFO o.a.j.t.JMeterThread: Stopping: GPSVirtuales-ThreadStarter 1-48
2026-10-07 15:45:40,000 INFO o.a.j.t.JMeterThread: Stopping: GPSVirtuales-ThreadStarter 1-8
2026-10-07 15:45:40,000 INFO o.a.j.t.JMeterThread: Stopping: GPSVirtuales-ThreadStarter 1-11
2026-10-07 15:45:40,000 INFO o.a.j.t.JMeterThread: Stopping: GPSVirtuales-ThreadStarter 1-32
2026-10-07 15:45:40,000 INFO o.a.j.t.JMeterThread: Stopping: GPSVirtuales-ThreadStarter 1-17
2026-10-07 15:45:40,000 INFO o.a.j.t.JMeterThread: Stopping: GPSVirtuales-ThreadStarter 1-35
2026-10-07 15:45:40,000 INFO o.a.j.t.JMeterThread: Stopping: GPSVirtuales-ThreadStarter 1-37
2026-10-07 15:45:40,000 INFO o.a.j.t.JMeterThread: Stopping: GPSVirtuales-ThreadStarter 1-18
2026-10-07 15:45:40,000 INFO o.a.j.t.JMeterThread: Stopping: GPSVirtuales-ThreadStarter 1-20
2026-10-07 15:45:40,000 INFO o.a.j.t.JMeterThread: Stopping: GPSVirtuales-ThreadStarter 1-44
2026-10-07 15:45:40,000 INFO o.a.j.t.JMeterThread: Stopping: GPSVirtuales-ThreadStarter 1-3
2026-10-07 15:45:40,000 INFO o.a.j.t.JMeterThread: Stopping: GPSVirtuales-ThreadStarter 1-45
2026-10-07 15:45:40,000 INFO o.a.j.t.JMeterThread: Stopping: GPSVirtuales-ThreadStarter 1-42
2026-10-07 15:45:40,000 INFO o.a.j.t.JMeterThread: Stopping: GPSVirtuales-ThreadStarter 1-39
2026-10-07 15:45:40,000 INFO o.a.j.t.JMeterThread: Stopping: GPSVirtuales-ThreadStarter 1-27
2026-10-07 15:45:40,000 WARN o.a.j.t.JMeterThread: Interrupting: GPSVirtuales-ThreadStarter 1-27 sampler: Set Positions
2026-10-07 15:45:40,000 INFO o.a.j.t.JMeterThread: Thread is done: GPSVirtuales-ThreadStarter 1-5
2026-10-07 15:45:40,000 INFO o.a.j.t.JMeterThread: Thread finished: GPSVirtuales-ThreadStarter 1-5
2026-10-07 15:45:40,000 INFO o.a.j.e.StandardJMeterEngine: Notifying test listeners of end of test
2026-10-07 15:45:40,000 INFO o.a.j.t.JMeterThread: Stopping: GPSVirtuales-ThreadStarter 1-49
2026-10-07 15:45:40,000 INFO o.a.j.s.FileServer: Close: /Users/carlos.jimenez/Documents/carga/traccar-gps/datos_positions_user_carlos.csv
2026-10-07 15:45:40,001 INFO o.a.j.t.JMeterThread: Thread is done: GPSVirtuales-ThreadStarter 1-27
2026-10-07 15:45:40,001 INFO o.a.j.t.JMeterThread: Stopping: GPSVirtuales-ThreadStarter 1-16
2026-10-07 15:45:40,001 INFO o.a.j.t.JMeterThread: Thread finished: GPSVirtuales-ThreadStarter 1-27
2026-10-07 15:45:40,001 INFO o.a.j.t.JMeterThread: Stopping: GPSVirtuales-ThreadStarter 1-50
2026-10-07 15:45:40,001 INFO o.a.j.t.JMeterThread: Stopping: GPSVirtuales-ThreadStarter 1-13
2026-10-07 15:45:40,001 INFO o.a.j.t.JMeterThread: Stopping: GPSVirtuales-ThreadStarter 1-36
2026-10-07 15:45:40,001 INFO o.a.j.t.JMeterThread: Stopping: GPSVirtuales-ThreadStarter 1-14
2026-10-07 15:45:40,001 INFO o.a.j.t.JMeterThread: Stopping: GPSVirtuales-ThreadStarter 1-41
2026-10-07 15:45:40,001 INFO o.a.j.g.u.JMeterMenuBar: setRunning(false, *local*)
2026-10-07 15:45:40,001 INFO o.a.j.t.JMeterThread: Stopping: GPSVirtuales-ThreadStarter 1-2
2026-10-07 15:45:40,001 INFO o.a.j.t.JMeterThread: Stopping: GPSVirtuales-ThreadStarter 1-40
2026-10-07 15:45:40,001 INFO o.a.j.t.JMeterThread: Stopping: GPSVirtuales-ThreadStarter 1-29
2026-10-07 15:45:40,001 INFO o.a.j.t.JMeterThread: Stopping: GPSVirtuales-ThreadStarter 1-34
2026-10-07 15:45:40,001 INFO o.a.j.t.JMeterThread: Stopping: GPSVirtuales-ThreadStarter 1-31
2026-10-07 15:45:40,001 INFO o.a.j.t.JMeterThread: Stopping: GPSVirtuales-ThreadStarter 1-6
2026-10-07 15:45:40,001 INFO o.a.j.t.JMeterThread: Stopping: GPSVirtuales-ThreadStarter 1-25
2026-10-07 15:45:40,001 INFO o.a.j.t.JMeterThread: Stopping: GPSVirtuales-ThreadStarter 1-30
2026-10-07 15:45:40,001 INFO o.a.j.t.JMeterThread: Stopping: GPSVirtuales-ThreadStarter 1-15
2026-10-07 15:45:40,001 INFO o.a.j.t.JMeterThread: Stopping: GPSVirtuales-ThreadStarter 1-4
2026-10-07 15:45:40,001 INFO o.a.j.t.JMeterThread: Stopping: GPSVirtuales-ThreadStarter 1-9
2026-10-07 15:45:40,001 INFO o.a.j.t.JMeterThread: Stopping: GPSVirtuales-ThreadStarter 1-12
2026-10-07 15:45:40,001 INFO o.a.j.t.JMeterThread: Stopping: GPSVirtuales-ThreadStarter 1-28
2026-10-07 15:45:40,001 INFO o.a.j.t.JMeterThread: Stopping: GPSVirtuales-ThreadStarter 1-47
2026-10-07 15:45:40,001 INFO o.a.j.t.JMeterThread: Stopping: GPSVirtuales-ThreadStarter 1-1
2026-10-07 15:45:40,001 INFO o.a.j.t.JMeterThread: Stopping: GPSVirtuales-ThreadStarter 1-7
2026-10-07 15:45:40,001 WARN o.a.j.t.JMeterThread: Interrupting: GPSVirtuales-ThreadStarter 1-7 sampler: Set Positions
2026-10-07 15:45:40,001 INFO o.a.j.t.JMeterThread: Stopping: GPSVirtuales-ThreadStarter 1-10
2026-10-07 15:45:40,001 INFO o.a.j.t.JMeterThread: Stopping: GPSVirtuales-ThreadStarter 1-43
2026-10-07 15:45:40,001 INFO o.a.j.t.JMeterThread: Stopping: GPSVirtuales-ThreadStarter 1-23
2026-10-07 15:45:40,001 INFO o.a.j.t.JMeterThread: Stopping: GPSVirtuales-ThreadStarter 1-38
2026-10-07 15:45:40,001 INFO o.a.j.t.JMeterThread: Thread is done: GPSVirtuales-ThreadStarter 1-7
2026-10-07 15:45:40,001 INFO o.a.j.t.JMeterThread: Thread finished: GPSVirtuales-ThreadStarter 1-7
2026-10-07 15:45:40,102 INFO o.a.j.t.JMeterThread: Thread is done: GPSVirtuales-ThreadStarter 1-25
2026-10-07 15:45:40,102 INFO o.a.j.t.JMeterThread: Thread finished: GPSVirtuales-ThreadStarter 1-25
2026-10-07 15:45:40,102 INFO o.a.j.t.JMeterThread: Thread is done: GPSVirtuales-ThreadStarter 1-3
2026-10-07 15:45:40,102 INFO o.a.j.t.JMeterThread: Thread is done: GPSVirtuales-ThreadStarter 1-24
2026-10-07 15:45:40,102 INFO o.a.j.t.JMeterThread: Thread finished: GPSVirtuales-ThreadStarter 1-3
2026-10-07 15:45:40,102 INFO o.a.j.t.JMeterThread: Thread finished: GPSVirtuales-ThreadStarter 1-24
2026-10-07 15:45:40,263 INFO o.a.j.t.JMeterThread: Thread is done: GPSVirtuales-ThreadStarter 1-37
2026-10-07 15:45:40,263 INFO o.a.j.t.JMeterThread: Thread is done: GPSVirtuales-ThreadStarter 1-23
2026-10-07 15:45:40,263 INFO o.a.j.t.JMeterThread: Thread finished: GPSVirtuales-ThreadStarter 1-37
2026-10-07 15:45:40,263 INFO o.a.j.t.JMeterThread: Thread is done: GPSVirtuales-ThreadStarter 1-38
2026-10-07 15:45:40,263 INFO o.a.j.t.JMeterThread: Thread finished: GPSVirtuales-ThreadStarter 1-38
2026-10-07 15:45:40,263 INFO o.a.j.t.JMeterThread: Thread is done: GPSVirtuales-ThreadStarter 1-22
2026-10-07 15:45:40,263 INFO o.a.j.t.JMeterThread: Thread finished: GPSVirtuales-ThreadStarter 1-23
2026-10-07 15:45:40,263 INFO o.a.j.t.JMeterThread: Thread finished: GPSVirtuales-ThreadStarter 1-22
2026-10-07 15:45:40,463 INFO o.a.j.t.JMeterThread: Thread is done: GPSVirtuales-ThreadStarter 1-20
2026-10-07 15:45:40,463 INFO o.a.j.t.JMeterThread: Thread finished: GPSVirtuales-ThreadStarter 1-20
2026-10-07 15:45:40,464 INFO o.a.j.t.JMeterThread: Thread is done: GPSVirtuales-ThreadStarter 1-19
2026-10-07 15:45:40,464 INFO o.a.j.t.JMeterThread: Thread finished: GPSVirtuales-ThreadStarter 1-19
2026-10-07 15:45:40,464 INFO o.a.j.t.JMeterThread: Thread is done: GPSVirtuales-ThreadStarter 1-39
2026-10-07 15:45:40,464 INFO o.a.j.t.JMeterThread: Thread finished: GPSVirtuales-ThreadStarter 1-39
2026-10-07 15:45:40,465 INFO o.a.j.t.JMeterThread: Thread is done: GPSVirtuales-ThreadStarter 1-18
2026-10-07 15:45:40,465 INFO o.a.j.t.JMeterThread: Thread finished: GPSVirtuales-ThreadStarter 1-18
2026-10-07 15:45:40,466 INFO o.a.j.t.JMeterThread: Thread is done: GPSVirtuales-ThreadStarter 1-17
2026-10-07 15:45:40,466 INFO o.a.j.t.JMeterThread: Thread finished: GPSVirtuales-ThreadStarter 1-17
2026-10-07 15:45:40,500 INFO o.a.j.t.JMeterThread: Thread is done: GPSVirtuales-ThreadStarter 1-2
2026-10-07 15:45:40,500 INFO o.a.j.t.JMeterThread: Thread finished: GPSVirtuales-ThreadStarter 1-2
2026-10-07 15:45:40,699 INFO o.a.j.t.JMeterThread: Thread is done: GPSVirtuales-ThreadStarter 1-45
2026-10-07 15:45:40,699 INFO o.a.j.t.JMeterThread: Thread is done: GPSVirtuales-ThreadStarter 1-46
2026-10-07 15:45:40,699 INFO o.a.j.t.JMeterThread: Thread is done: GPSVirtuales-ThreadStarter 1-47
2026-10-07 15:45:40,699 INFO o.a.j.t.JMeterThread: Thread is done: GPSVirtuales-ThreadStarter 1-48
2026-10-07 15:45:40,700 INFO o.a.j.t.JMeterThread: Thread finished: GPSVirtuales-ThreadStarter 1-48
2026-10-07 15:45:40,699 INFO o.a.j.t.JMeterThread: Thread is done: GPSVirtuales-ThreadStarter 1-44
2026-10-07 15:45:40,700 INFO o.a.j.t.JMeterThread: Thread finished: GPSVirtuales-ThreadStarter 1-44
2026-10-07 15:45:40,700 INFO o.a.j.t.JMeterThread: Thread finished: GPSVirtuales-ThreadStarter 1-45
2026-10-07 15:45:40,699 INFO o.a.j.t.JMeterThread: Thread is done: GPSVirtuales-ThreadStarter 1-43
2026-10-07 15:45:40,700 INFO o.a.j.t.JMeterThread: Thread finished: GPSVirtuales-ThreadStarter 1-47
2026-10-07 15:45:40,700 INFO o.a.j.t.JMeterThread: Thread finished: GPSVirtuales-ThreadStarter 1-43
2026-10-07 15:45:40,700 INFO o.a.j.t.JMeterThread: Thread finished: GPSVirtuales-ThreadStarter 1-46
2026-10-07 15:45:40,983 INFO o.a.j.t.JMeterThread: Thread is done: GPSVirtuales-ThreadStarter 1-50
2026-10-07 15:45:40,983 INFO o.a.j.t.JMeterThread: Thread is done: GPSVirtuales-ThreadStarter 1-9
2026-10-07 15:45:40,983 INFO o.a.j.t.JMeterThread: Thread is done: GPSVirtuales-ThreadStarter 1-10
2026-10-07 15:45:40,983 INFO o.a.j.t.JMeterThread: Thread finished: GPSVirtuales-ThreadStarter 1-10
2026-10-07 15:45:40,983 INFO o.a.j.t.JMeterThread: Thread is done: GPSVirtuales-ThreadStarter 1-15
2026-10-07 15:45:40,983 INFO o.a.j.t.JMeterThread: Thread finished: GPSVirtuales-ThreadStarter 1-9
2026-10-07 15:45:40,983 INFO o.a.j.t.JMeterThread: Thread finished: GPSVirtuales-ThreadStarter 1-50
2026-10-07 15:45:40,983 INFO o.a.j.t.JMeterThread: Thread is done: GPSVirtuales-ThreadStarter 1-14
2026-10-07 15:45:40,983 INFO o.a.j.t.JMeterThread: Thread is done: GPSVirtuales-ThreadStarter 1-12
2026-10-07 15:45:40,983 INFO o.a.j.t.JMeterThread: Thread is done: GPSVirtuales-ThreadStarter 1-4
2026-10-07 15:45:40,983 INFO o.a.j.t.JMeterThread: Thread finished: GPSVirtuales-ThreadStarter 1-14
2026-10-07 15:45:40,983 INFO o.a.j.t.JMeterThread: Thread finished: GPSVirtuales-ThreadStarter 1-4
2026-10-07 15:45:40,983 INFO o.a.j.t.JMeterThread: Thread finished: GPSVirtuales-ThreadStarter 1-15
2026-10-07 15:45:40,983 INFO o.a.j.t.JMeterThread: Thread finished: GPSVirtuales-ThreadStarter 1-12
2026-10-07 15:45:41,000 INFO k.a.j.t.VariableThroughputTimer: No further RPS schedule, asking threads to stop...
2026-10-07 15:45:41,000 INFO k.a.j.t.VariableThroughputTimer: Tries more than 10, stopping engine NOW!
2026-10-07 15:45:41,000 INFO o.a.j.t.JMeterThread: Thread is done: GPSVirtuales-ThreadStarter 1-4
2026-10-07 15:45:41,000 INFO o.a.j.t.JMeterThread: Thread finished: GPSVirtuales-ThreadStarter 1-4
2026-10-07 15:45:41,245 INFO o.a.j.t.JMeterThread: Thread is done: GPSVirtuales-ThreadStarter 1-31
2026-10-07 15:45:41,245 INFO o.a.j.t.JMeterThread: Thread is done: GPSVirtuales-ThreadStarter 1-8
2026-10-07 15:45:41,245 INFO o.a.j.t.JMeterThread: Thread is done: GPSVirtuales-ThreadStarter 1-29
2026-10-07 15:45:41,245 INFO o.a.j.t.JMeterThread: Thread finished: GPSVirtuales-ThreadStarter 1-29
2026-10-07 15:45:41,245 INFO o.a.j.t.JMeterThread: Thread is done: GPSVirtuales-ThreadStarter 1-28
2026-10-07 15:45:41,245 INFO o.a.j.t.JMeterThread: Thread finished: GPSVirtuales-ThreadStarter 1-31
2026-10-07 15:45:41,245 INFO o.a.j.t.JMeterThread: Thread finished: GPSVirtuales-ThreadStarter 1-28
2026-10-07 15:45:41,245 INFO o.a.j.t.JMeterThread: Thread finished: GPSVirtuales-ThreadStarter 1-8
2026-10-07 15:45:41,245 INFO o.a.j.t.JMeterThread: Thread is done: GPSVirtuales-ThreadStarter 1-30
2026-10-07 15:45:41,245 INFO o.a.j.t.JMeterThread: Thread is done: GPSVirtuales-ThreadStarter 1-35
2026-10-07 15:45:41,245 INFO o.a.j.t.JMeterThread: Thread is done: GPSVirtuales-ThreadStarter 1-1
2026-10-07 15:45:41,245 INFO o.a.j.t.JMeterThread: Thread finished: GPSVirtuales-ThreadStarter 1-1
2026-10-07 15:45:41,245 INFO o.a.j.t.JMeterThread: Thread finished: GPSVirtuales-ThreadStarter 1-30
2026-10-07 15:45:41,246 INFO o.a.j.t.JMeterThread: Thread finished: GPSVirtuales-ThreadStarter 1-35
2026-10-07 15:45:41,250 INFO o.a.j.t.JMeterThread: Thread is done: GPSVirtuales-ThreadStarter 1-24
2026-10-07 15:45:41,250 INFO o.a.j.t.JMeterThread: Thread finished: GPSVirtuales-ThreadStarter 1-24
2026-10-07 15:45:41,500 INFO o.a.j.t.JMeterThread: Thread is done: GPSVirtuales-ThreadStarter 1-32
2026-10-07 15:45:41,500 INFO o.a.j.t.JMeterThread: Thread finished: GPSVirtuales-ThreadStarter 1-32
2026-10-07 15:45:41,585 INFO o.a.j.t.JMeterThread: Thread is done: GPSVirtuales-ThreadStarter 1-36
2026-10-07 15:45:41,585 INFO o.a.j.t.JMeterThread: Thread is done: GPSVirtuales-ThreadStarter 1-42
2026-10-07 15:45:41,585 INFO o.a.j.t.JMeterThread: Thread is done: GPSVirtuales-ThreadStarter 1-13
2026-10-07 15:45:41,586 INFO o.a.j.t.JMeterThread: Thread is done: GPSVirtuales-ThreadStarter 1-32
2026-10-07 15:45:41,586 INFO o.a.j.t.JMeterThread: Thread finished: GPSVirtuales-ThreadStarter 1-42
2026-10-07 15:45:41,585 INFO o.a.j.t.JMeterThread: Thread is done: GPSVirtuales-ThreadStarter 1-2
2026-10-07 15:45:41,585 INFO o.a.j.t.JMeterThread: Thread is done: GPSVirtuales-ThreadStarter 1-33
2026-10-07 15:45:41,585 INFO o.a.j.t.JMeterThread: Thread finished: GPSVirtuales-ThreadStarter 1-36
2026-10-07 15:45:41,586 INFO o.a.j.t.JMeterThread: Thread finished: GPSVirtuales-ThreadStarter 1-33
2026-10-07 15:45:41,586 INFO o.a.j.t.JMeterThread: Thread finished: GPSVirtuales-ThreadStarter 1-2
2026-10-07 15:45:41,586 INFO o.a.j.t.JMeterThread: Thread finished: GPSVirtuales-ThreadStarter 1-32
2026-10-07 15:45:41,586 INFO o.a.j.t.JMeterThread: Thread is done: GPSVirtuales-ThreadStarter 1-40
2026-10-07 15:45:41,586 INFO o.a.j.t.JMeterThread: Thread finished: GPSVirtuales-ThreadStarter 1-40
2026-10-07 15:45:41,586 INFO o.a.j.t.JMeterThread: Thread is done: GPSVirtuales-ThreadStarter 1-6
2026-10-07 15:45:41,586 INFO o.a.j.t.JMeterThread: Thread finished: GPSVirtuales-ThreadStarter 1-13
2026-10-07 15:45:41,586 INFO o.a.j.t.JMeterThread: Thread finished: GPSVirtuales-ThreadStarter 1-6
2026-10-07 15:45:41,750 INFO o.a.j.t.JMeterThread: Thread is done: GPSVirtuales-ThreadStarter 1-15
2026-10-07 15:45:41,750 INFO o.a.j.t.JMeterThread: Thread finished: GPSVirtuales-ThreadStarter 1-15
2026-10-07 15:45:41,849 INFO o.a.j.t.JMeterThread: Thread is done: GPSVirtuales-ThreadStarter 1-21
2026-10-07 15:45:41,849 INFO o.a.j.t.JMeterThread: Thread is done: GPSVirtuales-ThreadStarter 1-34
2026-10-07 15:45:41,849 INFO o.a.j.t.JMeterThread: Thread is done: GPSVirtuales-ThreadStarter 1-11
2026-10-07 15:45:41,849 INFO o.a.j.t.JMeterThread: Thread is done: GPSVirtuales-ThreadStarter 1-26
2026-10-07 15:45:41,849 INFO o.a.j.t.JMeterThread: Thread is done: GPSVirtuales-ThreadStarter 1-16
2026-10-07 15:45:41,849 INFO o.a.j.t.JMeterThread: Thread finished: GPSVirtuales-ThreadStarter 1-16
2026-10-07 15:45:41,849 INFO o.a.j.t.JMeterThread: Thread is done: GPSVirtuales-ThreadStarter 1-49
2026-10-07 15:45:41,849 INFO o.a.j.t.JMeterThread: Thread is done: GPSVirtuales-ThreadStarter 1-41
2026-10-07 15:45:41,849 INFO o.a.j.t.JMeterThread: Thread finished: GPSVirtuales-ThreadStarter 1-49
2026-10-07 15:45:41,849 INFO o.a.j.t.JMeterThread: Thread finished: GPSVirtuales-ThreadStarter 1-41
2026-10-07 15:45:41,849 INFO o.a.j.t.JMeterThread: Thread finished: GPSVirtuales-ThreadStarter 1-34
2026-10-07 15:45:41,849 INFO o.a.j.t.JMeterThread: Thread finished: GPSVirtuales-ThreadStarter 1-26
2026-10-07 15:45:41,849 INFO o.a.j.t.JMeterThread: Thread finished: GPSVirtuales-ThreadStarter 1-11
2026-10-07 15:45:41,849 INFO o.a.j.t.JMeterThread: Thread finished: GPSVirtuales-ThreadStarter 1-21
2026-10-07 15:45:42,000 INFO k.a.j.t.VariableThroughputTimer: No further RPS schedule, asking threads to stop...
2026-10-07 15:45:42,000 INFO k.a.j.t.VariableThroughputTimer: Tries more than 10, stopping engine NOW!
2026-10-07 15:45:42,000 INFO o.a.j.t.JMeterThread: Thread is done: GPSVirtuales-ThreadStarter 1-45
2026-10-07 15:45:42,000 INFO o.a.j.t.JMeterThread: Thread finished: GPSVirtuales-ThreadStarter 1-45
2026-10-07 15:45:42,125 INFO o.a.j.t.JMeterThread: Thread is done: GPSVirtuales-ThreadStarter 1-11
2026-10-07 15:45:42,125 INFO o.a.j.t.JMeterThread: Thread finished: GPSVirtuales-ThreadStarter 1-11
2026-10-07 15:45:42,250 INFO o.a.j.t.JMeterThread: Thread is done: GPSVirtuales-ThreadStarter 1-27
2026-10-07 15:45:42,250 INFO o.a.j.t.JMeterThread: Thread finished: GPSVirtuales-ThreadStarter 1-27
2026-10-07 15:45:42,375 INFO o.a.j.t.JMeterThread: Thread is done: GPSVirtuales-ThreadStarter 1-30
2026-10-07 15:45:42,375 INFO o.a.j.t.JMeterThread: Thread finished: GPSVirtuales-ThreadStarter 1-30
2026-10-07 15:45:42,500 INFO o.a.j.t.JMeterThread: Thread is done: GPSVirtuales-ThreadStarter 1-38
2026-10-07 15:45:42,500 INFO o.a.j.t.JMeterThread: Thread finished: GPSVirtuales-ThreadStarter 1-38
2026-10-07 15:45:42,625 INFO o.a.j.t.JMeterThread: Thread is done: GPSVirtuales-ThreadStarter 1-20
2026-10-07 15:45:42,625 INFO o.a.j.t.JMeterThread: Thread finished: GPSVirtuales-ThreadStarter 1-20
2026-10-07 15:45:42,750 INFO o.a.j.t.JMeterThread: Thread is done: GPSVirtuales-ThreadStarter 1-18
2026-10-07 15:45:42,750 INFO o.a.j.t.JMeterThread: Thread finished: GPSVirtuales-ThreadStarter 1-18
2026-10-07 15:45:42,875 INFO o.a.j.t.JMeterThread: Thread is done: GPSVirtuales-ThreadStarter 1-35
2026-10-07 15:45:42,875 INFO o.a.j.t.JMeterThread: Thread finished: GPSVirtuales-ThreadStarter 1-35
2026-10-07 15:45:43,000 INFO k.a.j.t.VariableThroughputTimer: No further RPS schedule, asking threads to stop...
2026-10-07 15:45:43,000 INFO k.a.j.t.VariableThroughputTimer: Tries more than 10, stopping engine NOW!
2026-10-07 15:45:43,000 INFO o.a.j.t.JMeterThread: Thread is done: GPSVirtuales-ThreadStarter 1-16
2026-10-07 15:45:43,000 INFO o.a.j.t.JMeterThread: Thread finished: GPSVirtuales-ThreadStarter 1-16
2026-10-07 15:45:43,063 INFO o.a.j.t.JMeterThread: Thread is done: GPSVirtuales-ThreadStarter 1-40
2026-10-07 15:45:43,063 INFO o.a.j.t.JMeterThread: Thread finished: GPSVirtuales-ThreadStarter 1-40
2026-10-07 15:45:43,125 INFO o.a.j.t.JMeterThread: Thread is done: GPSVirtuales-ThreadStarter 1-13
2026-10-07 15:45:43,125 INFO o.a.j.t.JMeterThread: Thread finished: GPSVirtuales-ThreadStarter 1-13
2026-10-07 15:45:43,188 INFO o.a.j.t.JMeterThread: Thread is done: GPSVirtuales-ThreadStarter 1-31
2026-10-07 15:45:43,188 INFO o.a.j.t.JMeterThread: Thread finished: GPSVirtuales-ThreadStarter 1-31
2026-10-07 15:45:43,250 INFO o.a.j.t.JMeterThread: Thread is done: GPSVirtuales-ThreadStarter 1-6
2026-10-07 15:45:43,250 INFO o.a.j.t.JMeterThread: Thread finished: GPSVirtuales-ThreadStarter 1-6
2026-10-07 15:45:43,313 INFO o.a.j.t.JMeterThread: Thread is done: GPSVirtuales-ThreadStarter 1-17
2026-10-07 15:45:43,313 INFO o.a.j.t.JMeterThread: Thread finished: GPSVirtuales-ThreadStarter 1-17
2026-10-07 15:45:43,375 INFO o.a.j.t.JMeterThread: Thread is done: GPSVirtuales-ThreadStarter 1-5
2026-10-07 15:45:43,375 INFO o.a.j.t.JMeterThread: Thread finished: GPSVirtuales-ThreadStarter 1-5
2026-10-07 15:45:43,438 INFO o.a.j.t.JMeterThread: Thread is done: GPSVirtuales-ThreadStarter 1-14
2026-10-07 15:45:43,438 INFO o.a.j.t.JMeterThread: Thread finished: GPSVirtuales-ThreadStarter 1-14
2026-10-07 15:45:43,500 INFO o.a.j.t.JMeterThread: Thread is done: GPSVirtuales-ThreadStarter 1-43
2026-10-07 15:45:43,500 INFO o.a.j.t.JMeterThread: Thread finished: GPSVirtuales-ThreadStarter 1-43
2026-10-07 15:45:43,563 INFO o.a.j.t.JMeterThread: Thread is done: GPSVirtuales-ThreadStarter 1-21
2026-10-07 15:45:43,563 INFO o.a.j.t.JMeterThread: Thread finished: GPSVirtuales-ThreadStarter 1-21
2026-10-07 15:45:43,625 INFO o.a.j.t.JMeterThread: Thread is done: GPSVirtuales-ThreadStarter 1-33
2026-10-07 15:45:43,625 INFO o.a.j.t.JMeterThread: Thread finished: GPSVirtuales-ThreadStarter 1-33
2026-10-07 15:45:43,688 INFO o.a.j.t.JMeterThread: Thread is done: GPSVirtuales-ThreadStarter 1-42
2026-10-07 15:45:43,688 INFO o.a.j.t.JMeterThread: Thread finished: GPSVirtuales-ThreadStarter 1-42
2026-10-07 15:45:43,750 INFO o.a.j.t.JMeterThread: Thread is done: GPSVirtuales-ThreadStarter 1-8
2026-10-07 15:45:43,750 INFO o.a.j.t.JMeterThread: Thread finished: GPSVirtuales-ThreadStarter 1-8
2026-10-07 15:45:43,813 INFO o.a.j.t.JMeterThread: Thread is done: GPSVirtuales-ThreadStarter 1-37
2026-10-07 15:45:43,813 INFO o.a.j.t.JMeterThread: Thread finished: GPSVirtuales-ThreadStarter 1-37
2026-10-07 15:45:43,875 INFO o.a.j.t.JMeterThread: Thread is done: GPSVirtuales-ThreadStarter 1-3
2026-10-07 15:45:43,875 INFO o.a.j.t.JMeterThread: Thread finished: GPSVirtuales-ThreadStarter 1-3
2026-10-07 15:45:43,938 INFO o.a.j.t.JMeterThread: Thread is done: GPSVirtuales-ThreadStarter 1-28
2026-10-07 15:45:43,938 INFO o.a.j.t.JMeterThread: Thread finished: GPSVirtuales-ThreadStarter 1-28
2026-10-07 15:45:44,000 INFO k.a.j.t.VariableThroughputTimer: No further RPS schedule, asking threads to stop...
2026-10-07 15:45:44,000 INFO k.a.j.t.VariableThroughputTimer: Tries more than 10, stopping engine NOW!
2026-10-07 15:45:44,000 INFO o.a.j.t.JMeterThread: Thread is done: GPSVirtuales-ThreadStarter 1-50
2026-10-07 15:45:44,000 INFO o.a.j.t.JMeterThread: Thread finished: GPSVirtuales-ThreadStarter 1-50
2026-10-07 15:45:44,032 INFO o.a.j.t.JMeterThread: Thread is done: GPSVirtuales-ThreadStarter 1-47
2026-10-07 15:45:44,032 INFO o.a.j.t.JMeterThread: Thread finished: GPSVirtuales-ThreadStarter 1-47
2026-10-07 15:45:44,063 INFO o.a.j.t.JMeterThread: Thread is done: GPSVirtuales-ThreadStarter 1-48
2026-10-07 15:45:44,063 INFO o.a.j.t.JMeterThread: Thread finished: GPSVirtuales-ThreadStarter 1-48
2026-10-07 15:45:44,094 INFO o.a.j.t.JMeterThread: Thread is done: GPSVirtuales-ThreadStarter 1-34
2026-10-07 15:45:44,094 INFO o.a.j.t.JMeterThread: Thread finished: GPSVirtuales-ThreadStarter 1-34
2026-10-07 15:45:44,125 INFO o.a.j.t.JMeterThread: Thread is done: GPSVirtuales-ThreadStarter 1-22
2026-10-07 15:45:44,125 INFO o.a.j.t.JMeterThread: Thread finished: GPSVirtuales-ThreadStarter 1-22
2026-10-07 15:45:44,157 INFO o.a.j.t.JMeterThread: Thread is done: GPSVirtuales-ThreadStarter 1-25
2026-10-07 15:45:44,157 INFO o.a.j.t.JMeterThread: Thread finished: GPSVirtuales-ThreadStarter 1-25
2026-10-07 15:45:44,188 INFO o.a.j.t.JMeterThread: Thread is done: GPSVirtuales-ThreadStarter 1-19
2026-10-07 15:45:44,188 INFO o.a.j.t.JMeterThread: Thread finished: GPSVirtuales-ThreadStarter 1-19
2026-10-07 15:45:44,188 ERROR o.a.j.u.JMeterUtils: One or more test threads won't exit; see log file.
2026-10-07 15:45:44,219 INFO o.a.j.t.JMeterThread: Thread is done: GPSVirtuales-ThreadStarter 1-46
2026-10-07 15:45:44,219 INFO o.a.j.t.JMeterThread: Thread finished: GPSVirtuales-ThreadStarter 1-46
2026-10-07 15:45:44,250 INFO o.a.j.t.JMeterThread: Thread is done: GPSVirtuales-ThreadStarter 1-49
2026-10-07 15:45:44,250 INFO o.a.j.t.JMeterThread: Thread finished: GPSVirtuales-ThreadStarter 1-49
2026-10-07 16:09:17,690 INFO o.a.j.e.StandardJMeterEngine: Running the test!
2026-10-07 16:09:17,692 INFO o.a.j.s.SampleEvent: List of sample_variables: []
2026-10-07 16:09:17,696 WARN o.a.j.r.ResultCollector: Error creating directories for /Users/familia/Documents/IT4ALL/Test/WARENA/Referencia
2026-10-07 16:09:17,699 WARN o.a.j.r.ResultCollector: Error creating directories for /Users/familia/Documents/IT4ALL/Test/WARENA/Referencia
2026-10-07 16:09:17,699 INFO o.a.j.g.u.JMeterMenuBar: setRunning(true, *local*)
2026-10-07 16:09:17,738 INFO o.a.j.e.StandardJMeterEngine: Starting ThreadGroup: 1 : GPSVirtuales
2026-10-07 16:09:17,738 INFO o.a.j.e.StandardJMeterEngine: Starting 50 threads for group GPSVirtuales.
2026-10-07 16:09:17,738 INFO o.a.j.e.StandardJMeterEngine: Thread will continue on error
2026-10-07 16:09:17,739 INFO o.a.j.e.StandardJMeterEngine: All thread groups have been started
2026-10-07 16:09:17,739 INFO c.b.j.t.c.ConcurrencyThreadStarter: Start supplying threads
2026-10-07 16:09:17,740 INFO o.a.j.t.JMeterThread: Thread started: GPSVirtuales-ThreadStarter 1-1
2026-10-07 16:09:17,740 INFO o.a.j.s.FileServer: Stored: /Users/carlos.jimenez/Documents/carga/traccar-gps/datos_positions_user_carlos.csv
2026-10-07 16:09:17,740 INFO o.a.j.t.JMeterThread: Thread started: GPSVirtuales-ThreadStarter 1-2
2026-10-07 16:09:17,740 INFO o.a.j.t.JMeterThread: Thread started: GPSVirtuales-ThreadStarter 1-3
2026-10-07 16:09:17,740 INFO o.a.j.t.JMeterThread: Thread started: GPSVirtuales-ThreadStarter 1-4
2026-10-07 16:09:17,741 INFO o.a.j.t.JMeterThread: Thread started: GPSVirtuales-ThreadStarter 1-5
2026-10-07 16:09:17,741 INFO o.a.j.t.JMeterThread: Thread started: GPSVirtuales-ThreadStarter 1-6
2026-10-07 16:09:17,741 INFO o.a.j.t.JMeterThread: Thread started: GPSVirtuales-ThreadStarter 1-7
2026-10-07 16:09:17,741 INFO o.a.j.t.JMeterThread: Thread started: GPSVirtuales-ThreadStarter 1-8
2026-10-07 16:09:17,741 INFO o.a.j.t.JMeterThread: Thread started: GPSVirtuales-ThreadStarter 1-9
2026-10-07 16:09:17,742 INFO o.a.j.t.JMeterThread: Thread started: GPSVirtuales-ThreadStarter 1-10
2026-10-07 16:09:17,742 INFO o.a.j.t.JMeterThread: Thread started: GPSVirtuales-ThreadStarter 1-11
2026-10-07 16:09:17,742 INFO o.a.j.t.JMeterThread: Thread started: GPSVirtuales-ThreadStarter 1-12
2026-10-07 16:09:17,742 INFO o.a.j.t.JMeterThread: Thread started: GPSVirtuales-ThreadStarter 1-13
2026-10-07 16:09:17,743 INFO o.a.j.t.JMeterThread: Thread started: GPSVirtuales-ThreadStarter 1-14
2026-10-07 16:09:17,743 INFO o.a.j.t.JMeterThread: Thread started: GPSVirtuales-ThreadStarter 1-15
2026-10-07 16:09:17,743 INFO o.a.j.t.JMeterThread: Thread started: GPSVirtuales-ThreadStarter 1-16
2026-10-07 16:09:17,743 INFO o.a.j.t.JMeterThread: Thread started: GPSVirtuales-ThreadStarter 1-17
2026-10-07 16:09:17,744 INFO o.a.j.t.JMeterThread: Thread started: GPSVirtuales-ThreadStarter 1-18
2026-10-07 16:09:17,744 INFO o.a.j.t.JMeterThread: Thread started: GPSVirtuales-ThreadStarter 1-19
2026-10-07 16:09:17,744 INFO o.a.j.t.JMeterThread: Thread started: GPSVirtuales-ThreadStarter 1-20
2026-10-07 16:09:17,745 INFO o.a.j.t.JMeterThread: Thread started: GPSVirtuales-ThreadStarter 1-21
2026-10-07 16:09:17,745 INFO o.a.j.t.JMeterThread: Thread started: GPSVirtuales-ThreadStarter 1-22
2026-10-07 16:09:17,745 INFO o.a.j.t.JMeterThread: Thread started: GPSVirtuales-ThreadStarter 1-23
2026-10-07 16:09:17,745 INFO o.a.j.t.JMeterThread: Thread started: GPSVirtuales-ThreadStarter 1-24
2026-10-07 16:09:17,746 INFO o.a.j.t.JMeterThread: Thread started: GPSVirtuales-ThreadStarter 1-25
2026-10-07 16:09:17,746 INFO o.a.j.t.JMeterThread: Thread started: GPSVirtuales-ThreadStarter 1-26
2026-10-07 16:09:17,747 INFO o.a.j.t.JMeterThread: Thread started: GPSVirtuales-ThreadStarter 1-27
2026-10-07 16:09:17,747 INFO o.a.j.t.JMeterThread: Thread started: GPSVirtuales-ThreadStarter 1-28
2026-10-07 16:09:17,747 INFO o.a.j.t.JMeterThread: Thread started: GPSVirtuales-ThreadStarter 1-29
2026-10-07 16:09:17,748 INFO o.a.j.t.JMeterThread: Thread started: GPSVirtuales-ThreadStarter 1-30
2026-10-07 16:09:17,748 INFO o.a.j.t.JMeterThread: Thread started: GPSVirtuales-ThreadStarter 1-31
2026-10-07 16:09:17,748 INFO o.a.j.t.JMeterThread: Thread started: GPSVirtuales-ThreadStarter 1-32
2026-10-07 16:09:17,748 INFO o.a.j.t.JMeterThread: Thread started: GPSVirtuales-ThreadStarter 1-33
2026-10-07 16:09:17,748 INFO o.a.j.t.JMeterThread: Thread started: GPSVirtuales-ThreadStarter 1-34
2026-10-07 16:09:17,749 INFO o.a.j.t.JMeterThread: Thread started: GPSVirtuales-ThreadStarter 1-35
2026-10-07 16:09:17,749 INFO o.a.j.t.JMeterThread: Thread started: GPSVirtuales-ThreadStarter 1-36
2026-10-07 16:09:17,749 INFO o.a.j.t.JMeterThread: Thread started: GPSVirtuales-ThreadStarter 1-37
2026-10-07 16:09:17,749 INFO o.a.j.t.JMeterThread: Thread started: GPSVirtuales-ThreadStarter 1-38
2026-10-07 16:09:17,749 INFO o.a.j.t.JMeterThread: Thread started: GPSVirtuales-ThreadStarter 1-39
2026-10-07 16:09:17,749 INFO o.a.j.t.JMeterThread: Thread started: GPSVirtuales-ThreadStarter 1-40
2026-10-07 16:09:17,750 INFO o.a.j.t.JMeterThread: Thread started: GPSVirtuales-ThreadStarter 1-41
2026-10-07 16:09:17,750 INFO o.a.j.t.JMeterThread: Thread started: GPSVirtuales-ThreadStarter 1-42
2026-10-07 16:09:17,750 INFO o.a.j.t.JMeterThread: Thread started: GPSVirtuales-ThreadStarter 1-43
2026-10-07 16:09:17,750 INFO o.a.j.t.JMeterThread: Thread started: GPSVirtuales-ThreadStarter 1-44
2026-10-07 16:09:17,750 INFO o.a.j.t.JMeterThread: Thread started: GPSVirtuales-ThreadStarter 1-45
2026-10-07 16:09:17,751 INFO o.a.j.t.JMeterThread: Thread started: GPSVirtuales-ThreadStarter 1-46
2026-10-07 16:09:17,751 INFO o.a.j.t.JMeterThread: Thread started: GPSVirtuales-ThreadStarter 1-47
2026-10-07 16:09:17,751 INFO o.a.j.t.JMeterThread: Thread started: GPSVirtuales-ThreadStarter 1-48
2026-10-07 16:09:17,751 INFO o.a.j.t.JMeterThread: Thread started: GPSVirtuales-ThreadStarter 1-49
2026-10-07 16:09:17,751 INFO o.a.j.t.JMeterThread: Thread started: GPSVirtuales-ThreadStarter 1-50
2026-10-07 16:09:17,757 WARN k.a.j.t.VariableThroughputTimer: No free threads available in current Thread Group GPSVirtuales, made 0 samples/s for expected rps 25.0 samples/s, increase your number of threads
2026-10-07 16:09:36,801 INFO o.a.j.g.a.Start: Stopping test
2026-10-07 16:09:36,820 INFO c.b.j.t.c.ConcurrencyThreadStarter: Done supplying threads
2026-10-07 16:09:36,820 INFO o.a.j.t.JMeterThread: Stopping: GPSVirtuales-ThreadStarter 1-25
2026-10-07 16:09:36,821 WARN o.a.j.t.JMeterThread: Interrupting: GPSVirtuales-ThreadStarter 1-25 sampler: Set Positions
2026-10-07 16:09:36,822 INFO o.a.j.t.JMeterThread: Stopping: GPSVirtuales-ThreadStarter 1-27
2026-10-07 16:09:36,822 WARN o.a.j.t.JMeterThread: Interrupting: GPSVirtuales-ThreadStarter 1-27 sampler: Set Positions
2026-10-07 16:09:36,822 INFO o.a.j.t.JMeterThread: Stopping: GPSVirtuales-ThreadStarter 1-17
2026-10-07 16:09:36,822 WARN o.a.j.t.JMeterThread: Interrupting: GPSVirtuales-ThreadStarter 1-17 sampler: Set Positions
2026-10-07 16:09:36,822 INFO o.a.j.t.JMeterThread: Stopping: GPSVirtuales-ThreadStarter 1-48
2026-10-07 16:09:36,822 WARN o.a.j.t.JMeterThread: Interrupting: GPSVirtuales-ThreadStarter 1-48 sampler: Set Positions
2026-10-07 16:09:36,823 INFO o.a.j.t.JMeterThread: Stopping: GPSVirtuales-ThreadStarter 1-38
2026-10-07 16:09:36,823 WARN o.a.j.t.JMeterThread: Interrupting: GPSVirtuales-ThreadStarter 1-38 sampler: Set Positions
2026-10-07 16:09:36,823 INFO o.a.j.t.JMeterThread: Stopping: GPSVirtuales-ThreadStarter 1-40
2026-10-07 16:09:36,823 WARN o.a.j.t.JMeterThread: Interrupting: GPSVirtuales-ThreadStarter 1-40 sampler: Set Positions
2026-10-07 16:09:36,824 INFO o.a.j.t.JMeterThread: Stopping: GPSVirtuales-ThreadStarter 1-20
2026-10-07 16:09:36,824 WARN o.a.j.t.JMeterThread: Interrupting: GPSVirtuales-ThreadStarter 1-20 sampler: Set Positions
2026-10-07 16:09:36,824 INFO o.a.j.t.JMeterThread: Stopping: GPSVirtuales-ThreadStarter 1-9
2026-10-07 16:09:36,824 WARN o.a.j.t.JMeterThread: Interrupting: GPSVirtuales-ThreadStarter 1-9 sampler: Set Positions
2026-10-07 16:09:36,824 INFO o.a.j.t.JMeterThread: Stopping: GPSVirtuales-ThreadStarter 1-21
2026-10-07 16:09:36,824 WARN o.a.j.t.JMeterThread: Interrupting: GPSVirtuales-ThreadStarter 1-21 sampler: Set Positions
2026-10-07 16:09:36,825 INFO o.a.j.t.JMeterThread: Stopping: GPSVirtuales-ThreadStarter 1-45
2026-10-07 16:09:36,825 WARN o.a.j.t.JMeterThread: Interrupting: GPSVirtuales-ThreadStarter 1-45 sampler: Set Positions
2026-10-07 16:09:36,825 INFO o.a.j.t.JMeterThread: Stopping: GPSVirtuales-ThreadStarter 1-44
2026-10-07 16:09:36,826 WARN o.a.j.t.JMeterThread: Interrupting: GPSVirtuales-ThreadStarter 1-44 sampler: Set Positions
2026-10-07 16:09:36,826 INFO o.a.j.t.JMeterThread: Stopping: GPSVirtuales-ThreadStarter 1-18
2026-10-07 16:09:36,826 WARN o.a.j.t.JMeterThread: Interrupting: GPSVirtuales-ThreadStarter 1-18 sampler: Set Positions
2026-10-07 16:09:36,827 INFO o.a.j.t.JMeterThread: Stopping: GPSVirtuales-ThreadStarter 1-12
2026-10-07 16:09:36,827 WARN o.a.j.t.JMeterThread: Interrupting: GPSVirtuales-ThreadStarter 1-12 sampler: Set Positions
2026-10-07 16:09:36,827 INFO o.a.j.t.JMeterThread: Stopping: GPSVirtuales-ThreadStarter 1-33
2026-10-07 16:09:36,827 WARN o.a.j.t.JMeterThread: Interrupting: GPSVirtuales-ThreadStarter 1-33 sampler: Set Positions
2026-10-07 16:09:36,828 INFO o.a.j.t.JMeterThread: Stopping: GPSVirtuales-ThreadStarter 1-49
2026-10-07 16:09:36,828 WARN o.a.j.t.JMeterThread: Interrupting: GPSVirtuales-ThreadStarter 1-49 sampler: Set Positions
2026-10-07 16:09:36,828 INFO o.a.j.t.JMeterThread: Stopping: GPSVirtuales-ThreadStarter 1-1
2026-10-07 16:09:36,828 WARN o.a.j.t.JMeterThread: Interrupting: GPSVirtuales-ThreadStarter 1-1 sampler: Set Positions
2026-10-07 16:09:36,828 INFO o.a.j.t.JMeterThread: Stopping: GPSVirtuales-ThreadStarter 1-3
2026-10-07 16:09:36,829 WARN o.a.j.t.JMeterThread: Interrupting: GPSVirtuales-ThreadStarter 1-3 sampler: Set Positions
2026-10-07 16:09:36,829 INFO o.a.j.t.JMeterThread: Stopping: GPSVirtuales-ThreadStarter 1-46
2026-10-07 16:09:36,829 WARN o.a.j.t.JMeterThread: Interrupting: GPSVirtuales-ThreadStarter 1-46 sampler: Set Positions
2026-10-07 16:09:36,829 INFO o.a.j.t.JMeterThread: Stopping: GPSVirtuales-ThreadStarter 1-41
2026-10-07 16:09:36,829 WARN o.a.j.t.JMeterThread: Interrupting: GPSVirtuales-ThreadStarter 1-41 sampler: Set Positions
2026-10-07 16:09:36,830 INFO o.a.j.t.JMeterThread: Stopping: GPSVirtuales-ThreadStarter 1-43
2026-10-07 16:09:36,830 WARN o.a.j.t.JMeterThread: Interrupting: GPSVirtuales-ThreadStarter 1-43 sampler: Set Positions
2026-10-07 16:09:36,830 INFO o.a.j.t.JMeterThread: Stopping: GPSVirtuales-ThreadStarter 1-8
2026-10-07 16:09:36,830 WARN o.a.j.t.JMeterThread: Interrupting: GPSVirtuales-ThreadStarter 1-8 sampler: Set Positions
2026-10-07 16:09:36,831 INFO o.a.j.t.JMeterThread: Stopping: GPSVirtuales-ThreadStarter 1-30
2026-10-07 16:09:36,831 WARN o.a.j.t.JMeterThread: Interrupting: GPSVirtuales-ThreadStarter 1-30 sampler: Set Positions
2026-10-07 16:09:36,831 INFO o.a.j.t.JMeterThread: Stopping: GPSVirtuales-ThreadStarter 1-31
2026-10-07 16:09:36,831 WARN o.a.j.t.JMeterThread: Interrupting: GPSVirtuales-ThreadStarter 1-31 sampler: Set Positions
2026-10-07 16:09:36,831 INFO o.a.j.t.JMeterThread: Stopping: GPSVirtuales-ThreadStarter 1-35
2026-10-07 16:09:36,831 WARN o.a.j.t.JMeterThread: Interrupting: GPSVirtuales-ThreadStarter 1-35 sampler: Set Positions
2026-10-07 16:09:36,831 INFO o.a.j.t.JMeterThread: Stopping: GPSVirtuales-ThreadStarter 1-23
2026-10-07 16:09:36,831 WARN o.a.j.t.JMeterThread: Interrupting: GPSVirtuales-ThreadStarter 1-23 sampler: Set Positions
2026-10-07 16:09:36,832 INFO o.a.j.t.JMeterThread: Stopping: GPSVirtuales-ThreadStarter 1-24
2026-10-07 16:09:36,832 WARN o.a.j.t.JMeterThread: Interrupting: GPSVirtuales-ThreadStarter 1-24 sampler: Set Positions
2026-10-07 16:09:36,832 INFO o.a.j.t.JMeterThread: Stopping: GPSVirtuales-ThreadStarter 1-34
2026-10-07 16:09:36,832 WARN o.a.j.t.JMeterThread: Interrupting: GPSVirtuales-ThreadStarter 1-34 sampler: Set Positions
2026-10-07 16:09:36,832 INFO o.a.j.t.JMeterThread: Stopping: GPSVirtuales-ThreadStarter 1-50
2026-10-07 16:09:36,832 WARN o.a.j.t.JMeterThread: Interrupting: GPSVirtuales-ThreadStarter 1-50 sampler: Set Positions
2026-10-07 16:09:36,832 INFO o.a.j.t.JMeterThread: Stopping: GPSVirtuales-ThreadStarter 1-16
2026-10-07 16:09:36,832 WARN o.a.j.t.JMeterThread: Interrupting: GPSVirtuales-ThreadStarter 1-16 sampler: Set Positions
2026-10-07 16:09:36,832 INFO o.a.j.t.JMeterThread: Stopping: GPSVirtuales-ThreadStarter 1-6
2026-10-07 16:09:36,832 WARN o.a.j.t.JMeterThread: Interrupting: GPSVirtuales-ThreadStarter 1-6 sampler: Set Positions
2026-10-07 16:09:36,832 INFO o.a.j.t.JMeterThread: Stopping: GPSVirtuales-ThreadStarter 1-4
2026-10-07 16:09:36,832 WARN o.a.j.t.JMeterThread: Interrupting: GPSVirtuales-ThreadStarter 1-4 sampler: Set Positions
2026-10-07 16:09:36,833 INFO o.a.j.t.JMeterThread: Stopping: GPSVirtuales-ThreadStarter 1-5
2026-10-07 16:09:36,833 WARN o.a.j.t.JMeterThread: Interrupting: GPSVirtuales-ThreadStarter 1-5 sampler: Set Positions
2026-10-07 16:09:36,833 INFO o.a.j.t.JMeterThread: Stopping: GPSVirtuales-ThreadStarter 1-7
2026-10-07 16:09:36,833 WARN o.a.j.t.JMeterThread: Interrupting: GPSVirtuales-ThreadStarter 1-7 sampler: Set Positions
2026-10-07 16:09:36,833 INFO o.a.j.t.JMeterThread: Stopping: GPSVirtuales-ThreadStarter 1-22
2026-10-07 16:09:36,833 WARN o.a.j.t.JMeterThread: Interrupting: GPSVirtuales-ThreadStarter 1-22 sampler: Set Positions
2026-10-07 16:09:36,833 INFO o.a.j.t.JMeterThread: Stopping: GPSVirtuales-ThreadStarter 1-26
2026-10-07 16:09:36,833 WARN o.a.j.t.JMeterThread: Interrupting: GPSVirtuales-ThreadStarter 1-26 sampler: Set Positions
2026-10-07 16:09:36,833 INFO o.a.j.t.JMeterThread: Stopping: GPSVirtuales-ThreadStarter 1-29
2026-10-07 16:09:36,833 WARN o.a.j.t.JMeterThread: Interrupting: GPSVirtuales-ThreadStarter 1-29 sampler: Set Positions
2026-10-07 16:09:36,833 INFO o.a.j.t.JMeterThread: Stopping: GPSVirtuales-ThreadStarter 1-14
2026-10-07 16:09:36,833 WARN o.a.j.t.JMeterThread: Interrupting: GPSVirtuales-ThreadStarter 1-14 sampler: Set Positions
2026-10-07 16:09:36,833 INFO o.a.j.t.JMeterThread: Stopping: GPSVirtuales-ThreadStarter 1-2
2026-10-07 16:09:36,833 WARN o.a.j.t.JMeterThread: Interrupting: GPSVirtuales-ThreadStarter 1-2 sampler: Set Positions
2026-10-07 16:09:36,833 INFO o.a.j.t.JMeterThread: Stopping: GPSVirtuales-ThreadStarter 1-28
2026-10-07 16:09:36,833 WARN o.a.j.t.JMeterThread: Interrupting: GPSVirtuales-ThreadStarter 1-28 sampler: Set Positions
2026-10-07 16:09:36,834 INFO o.a.j.t.JMeterThread: Stopping: GPSVirtuales-ThreadStarter 1-42
2026-10-07 16:09:36,834 WARN o.a.j.t.JMeterThread: Interrupting: GPSVirtuales-ThreadStarter 1-42 sampler: Set Positions
2026-10-07 16:09:36,834 INFO o.a.j.t.JMeterThread: Stopping: GPSVirtuales-ThreadStarter 1-10
2026-10-07 16:09:36,834 WARN o.a.j.t.JMeterThread: Interrupting: GPSVirtuales-ThreadStarter 1-10 sampler: Set Positions
2026-10-07 16:09:36,834 INFO o.a.j.t.JMeterThread: Stopping: GPSVirtuales-ThreadStarter 1-47
2026-10-07 16:09:36,834 WARN o.a.j.t.JMeterThread: Interrupting: GPSVirtuales-ThreadStarter 1-47 sampler: Set Positions
2026-10-07 16:09:36,834 INFO o.a.j.t.JMeterThread: Stopping: GPSVirtuales-ThreadStarter 1-32
2026-10-07 16:09:36,834 WARN o.a.j.t.JMeterThread: Interrupting: GPSVirtuales-ThreadStarter 1-32 sampler: Set Positions
2026-10-07 16:09:36,834 INFO o.a.j.t.JMeterThread: Stopping: GPSVirtuales-ThreadStarter 1-19
2026-10-07 16:09:36,834 WARN o.a.j.t.JMeterThread: Interrupting: GPSVirtuales-ThreadStarter 1-19 sampler: Set Positions
2026-10-07 16:09:36,834 INFO o.a.j.t.JMeterThread: Stopping: GPSVirtuales-ThreadStarter 1-11
2026-10-07 16:09:36,834 WARN o.a.j.t.JMeterThread: Interrupting: GPSVirtuales-ThreadStarter 1-11 sampler: Set Positions
2026-10-07 16:09:36,834 INFO o.a.j.t.JMeterThread: Stopping: GPSVirtuales-ThreadStarter 1-13
2026-10-07 16:09:36,834 WARN o.a.j.t.JMeterThread: Interrupting: GPSVirtuales-ThreadStarter 1-13 sampler: Set Positions
2026-10-07 16:09:36,834 INFO o.a.j.t.JMeterThread: Stopping: GPSVirtuales-ThreadStarter 1-39
2026-10-07 16:09:36,834 WARN o.a.j.t.JMeterThread: Interrupting: GPSVirtuales-ThreadStarter 1-39 sampler: Set Positions
2026-10-07 16:09:36,835 INFO o.a.j.t.JMeterThread: Stopping: GPSVirtuales-ThreadStarter 1-37
2026-10-07 16:09:36,835 WARN o.a.j.t.JMeterThread: Interrupting: GPSVirtuales-ThreadStarter 1-37 sampler: Set Positions
2026-10-07 16:09:36,835 INFO o.a.j.t.JMeterThread: Stopping: GPSVirtuales-ThreadStarter 1-15
2026-10-07 16:09:36,835 WARN o.a.j.t.JMeterThread: Interrupting: GPSVirtuales-ThreadStarter 1-15 sampler: Set Positions
2026-10-07 16:09:36,835 INFO o.a.j.t.JMeterThread: Stopping: GPSVirtuales-ThreadStarter 1-36
2026-10-07 16:09:36,835 WARN o.a.j.t.JMeterThread: Interrupting: GPSVirtuales-ThreadStarter 1-36 sampler: Set Positions
2026-10-07 16:09:36,842 INFO o.a.j.t.JMeterThread: Thread is done: GPSVirtuales-ThreadStarter 1-47
2026-10-07 16:09:36,842 INFO o.a.j.t.JMeterThread: Thread is done: GPSVirtuales-ThreadStarter 1-36
2026-10-07 16:09:36,842 INFO o.a.j.t.JMeterThread: Thread finished: GPSVirtuales-ThreadStarter 1-36
2026-10-07 16:09:36,842 INFO o.a.j.t.JMeterThread: Thread is done: GPSVirtuales-ThreadStarter 1-15
2026-10-07 16:09:36,842 INFO o.a.j.t.JMeterThread: Thread finished: GPSVirtuales-ThreadStarter 1-15
2026-10-07 16:09:36,842 INFO o.a.j.t.JMeterThread: Thread is done: GPSVirtuales-ThreadStarter 1-19
2026-10-07 16:09:36,842 INFO o.a.j.t.JMeterThread: Thread is done: GPSVirtuales-ThreadStarter 1-28
2026-10-07 16:09:36,842 INFO o.a.j.t.JMeterThread: Thread finished: GPSVirtuales-ThreadStarter 1-28
2026-10-07 16:09:36,842 INFO o.a.j.t.JMeterThread: Thread is done: GPSVirtuales-ThreadStarter 1-42
2026-10-07 16:09:36,842 INFO o.a.j.t.JMeterThread: Thread is done: GPSVirtuales-ThreadStarter 1-32
2026-10-07 16:09:36,842 INFO o.a.j.t.JMeterThread: Thread finished: GPSVirtuales-ThreadStarter 1-32
2026-10-07 16:09:36,842 INFO o.a.j.t.JMeterThread: Thread finished: GPSVirtuales-ThreadStarter 1-47
2026-10-07 16:09:36,842 INFO o.a.j.t.JMeterThread: Thread is done: GPSVirtuales-ThreadStarter 1-14
2026-10-07 16:09:36,842 INFO o.a.j.t.JMeterThread: Thread finished: GPSVirtuales-ThreadStarter 1-14
2026-10-07 16:09:36,842 INFO o.a.j.t.JMeterThread: Thread is done: GPSVirtuales-ThreadStarter 1-29
2026-10-07 16:09:36,842 INFO o.a.j.t.JMeterThread: Thread finished: GPSVirtuales-ThreadStarter 1-29
2026-10-07 16:09:36,842 INFO o.a.j.t.JMeterThread: Thread is done: GPSVirtuales-ThreadStarter 1-39
2026-10-07 16:09:36,842 INFO o.a.j.t.JMeterThread: Thread finished: GPSVirtuales-ThreadStarter 1-39
2026-10-07 16:09:36,842 INFO o.a.j.t.JMeterThread: Thread is done: GPSVirtuales-ThreadStarter 1-10
2026-10-07 16:09:36,842 INFO o.a.j.t.JMeterThread: Thread finished: GPSVirtuales-ThreadStarter 1-10
2026-10-07 16:09:36,842 INFO o.a.j.t.JMeterThread: Thread is done: GPSVirtuales-ThreadStarter 1-2
2026-10-07 16:09:36,842 INFO o.a.j.t.JMeterThread: Thread finished: GPSVirtuales-ThreadStarter 1-2
2026-10-07 16:09:36,842 INFO o.a.j.t.JMeterThread: Thread is done: GPSVirtuales-ThreadStarter 1-7
2026-10-07 16:09:36,842 INFO o.a.j.t.JMeterThread: Thread is done: GPSVirtuales-ThreadStarter 1-37
2026-10-07 16:09:36,842 INFO o.a.j.t.JMeterThread: Thread is done: GPSVirtuales-ThreadStarter 1-4
2026-10-07 16:09:36,843 INFO o.a.j.t.JMeterThread: Thread is done: GPSVirtuales-ThreadStarter 1-50
2026-10-07 16:09:36,842 INFO o.a.j.t.JMeterThread: Thread finished: GPSVirtuales-ThreadStarter 1-19
2026-10-07 16:09:36,843 INFO o.a.j.t.JMeterThread: Thread finished: GPSVirtuales-ThreadStarter 1-50
2026-10-07 16:09:36,843 INFO o.a.j.t.JMeterThread: Thread is done: GPSVirtuales-ThreadStarter 1-34
2026-10-07 16:09:36,843 INFO o.a.j.t.JMeterThread: Thread finished: GPSVirtuales-ThreadStarter 1-34
2026-10-07 16:09:36,842 INFO o.a.j.t.JMeterThread: Thread is done: GPSVirtuales-ThreadStarter 1-13
2026-10-07 16:09:36,843 INFO o.a.j.t.JMeterThread: Thread finished: GPSVirtuales-ThreadStarter 1-13
2026-10-07 16:09:36,843 INFO o.a.j.t.JMeterThread: Thread is done: GPSVirtuales-ThreadStarter 1-23
2026-10-07 16:09:36,843 INFO o.a.j.t.JMeterThread: Thread finished: GPSVirtuales-ThreadStarter 1-23
2026-10-07 16:09:36,842 INFO o.a.j.t.JMeterThread: Thread is done: GPSVirtuales-ThreadStarter 1-11
2026-10-07 16:09:36,843 INFO o.a.j.t.JMeterThread: Thread is done: GPSVirtuales-ThreadStarter 1-8
2026-10-07 16:09:36,843 INFO o.a.j.t.JMeterThread: Thread is done: GPSVirtuales-ThreadStarter 1-24
2026-10-07 16:09:36,843 INFO o.a.j.t.JMeterThread: Thread finished: GPSVirtuales-ThreadStarter 1-8
2026-10-07 16:09:36,843 INFO o.a.j.t.JMeterThread: Thread is done: GPSVirtuales-ThreadStarter 1-46
2026-10-07 16:09:36,843 INFO o.a.j.t.JMeterThread: Thread finished: GPSVirtuales-ThreadStarter 1-46
2026-10-07 16:09:36,843 INFO o.a.j.t.JMeterThread: Thread is done: GPSVirtuales-ThreadStarter 1-41
2026-10-07 16:09:36,843 INFO o.a.j.t.JMeterThread: Thread is done: GPSVirtuales-ThreadStarter 1-43
2026-10-07 16:09:36,843 INFO o.a.j.t.JMeterThread: Thread finished: GPSVirtuales-ThreadStarter 1-43
2026-10-07 16:09:36,843 INFO o.a.j.t.JMeterThread: Thread is done: GPSVirtuales-ThreadStarter 1-49
2026-10-07 16:09:36,843 INFO o.a.j.t.JMeterThread: Thread finished: GPSVirtuales-ThreadStarter 1-49
2026-10-07 16:09:36,843 INFO o.a.j.t.JMeterThread: Thread is done: GPSVirtuales-ThreadStarter 1-18
2026-10-07 16:09:36,843 INFO o.a.j.t.JMeterThread: Thread finished: GPSVirtuales-ThreadStarter 1-4
2026-10-07 16:09:36,843 INFO o.a.j.t.JMeterThread: Thread finished: GPSVirtuales-ThreadStarter 1-18
2026-10-07 16:09:36,843 INFO o.a.j.t.JMeterThread: Thread is done: GPSVirtuales-ThreadStarter 1-20
2026-10-07 16:09:36,843 INFO o.a.j.t.JMeterThread: Thread finished: GPSVirtuales-ThreadStarter 1-20
2026-10-07 16:09:36,843 INFO o.a.j.t.JMeterThread: Thread is done: GPSVirtuales-ThreadStarter 1-40
2026-10-07 16:09:36,843 INFO o.a.j.t.JMeterThread: Thread finished: GPSVirtuales-ThreadStarter 1-40
2026-10-07 16:09:36,843 INFO o.a.j.t.JMeterThread: Thread is done: GPSVirtuales-ThreadStarter 1-17
2026-10-07 16:09:36,843 INFO o.a.j.t.JMeterThread: Thread finished: GPSVirtuales-ThreadStarter 1-17
2026-10-07 16:09:36,843 INFO o.a.j.t.JMeterThread: Thread is done: GPSVirtuales-ThreadStarter 1-9
2026-10-07 16:09:36,842 INFO o.a.j.t.JMeterThread: Thread finished: GPSVirtuales-ThreadStarter 1-37
2026-10-07 16:09:36,843 INFO o.a.j.t.JMeterThread: Thread finished: GPSVirtuales-ThreadStarter 1-9
2026-10-07 16:09:36,843 INFO o.a.j.t.JMeterThread: Thread is done: GPSVirtuales-ThreadStarter 1-16
2026-10-07 16:09:36,843 INFO o.a.j.t.JMeterThread: Thread finished: GPSVirtuales-ThreadStarter 1-16
2026-10-07 16:09:36,842 INFO o.a.j.t.JMeterThread: Thread is done: GPSVirtuales-ThreadStarter 1-6
2026-10-07 16:09:36,843 INFO o.a.j.t.JMeterThread: Thread finished: GPSVirtuales-ThreadStarter 1-6
2026-10-07 16:09:36,842 INFO o.a.j.t.JMeterThread: Thread finished: GPSVirtuales-ThreadStarter 1-7
2026-10-07 16:09:36,842 INFO o.a.j.t.JMeterThread: Thread is done: GPSVirtuales-ThreadStarter 1-5
2026-10-07 16:09:36,842 INFO o.a.j.t.JMeterThread: Thread finished: GPSVirtuales-ThreadStarter 1-42
2026-10-07 16:09:36,842 INFO o.a.j.t.JMeterThread: Thread is done: GPSVirtuales-ThreadStarter 1-22
2026-10-07 16:09:36,842 INFO o.a.j.t.JMeterThread: Thread is done: GPSVirtuales-ThreadStarter 1-26
2026-10-07 16:09:36,844 INFO o.a.j.t.JMeterThread: Thread finished: GPSVirtuales-ThreadStarter 1-5
2026-10-07 16:09:36,843 INFO o.a.j.t.JMeterThread: Thread is done: GPSVirtuales-ThreadStarter 1-44
2026-10-07 16:09:36,844 INFO o.a.j.t.JMeterThread: Thread finished: GPSVirtuales-ThreadStarter 1-44
2026-10-07 16:09:36,843 INFO o.a.j.t.JMeterThread: Thread is done: GPSVirtuales-ThreadStarter 1-21
2026-10-07 16:09:36,843 INFO o.a.j.t.JMeterThread: Thread is done: GPSVirtuales-ThreadStarter 1-38
2026-10-07 16:09:36,844 INFO o.a.j.t.JMeterThread: Thread finished: GPSVirtuales-ThreadStarter 1-21
2026-10-07 16:09:36,843 INFO o.a.j.t.JMeterThread: Thread is done: GPSVirtuales-ThreadStarter 1-48
2026-10-07 16:09:36,843 INFO o.a.j.t.JMeterThread: Thread is done: GPSVirtuales-ThreadStarter 1-45
2026-10-07 16:09:36,844 INFO o.a.j.t.JMeterThread: Thread finished: GPSVirtuales-ThreadStarter 1-48
2026-10-07 16:09:36,843 INFO o.a.j.t.JMeterThread: Thread is done: GPSVirtuales-ThreadStarter 1-25
2026-10-07 16:09:36,843 INFO o.a.j.t.JMeterThread: Thread is done: GPSVirtuales-ThreadStarter 1-27
2026-10-07 16:09:36,843 INFO o.a.j.t.JMeterThread: Thread is done: GPSVirtuales-ThreadStarter 1-12
2026-10-07 16:09:36,843 INFO o.a.j.t.JMeterThread: Thread is done: GPSVirtuales-ThreadStarter 1-33
2026-10-07 16:09:36,844 INFO o.a.j.t.JMeterThread: Thread finished: GPSVirtuales-ThreadStarter 1-12
2026-10-07 16:09:36,843 INFO o.a.j.t.JMeterThread: Thread is done: GPSVirtuales-ThreadStarter 1-1
2026-10-07 16:09:36,844 INFO o.a.j.t.JMeterThread: Thread finished: GPSVirtuales-ThreadStarter 1-33
2026-10-07 16:09:36,843 INFO o.a.j.t.JMeterThread: Thread finished: GPSVirtuales-ThreadStarter 1-41
2026-10-07 16:09:36,843 INFO o.a.j.t.JMeterThread: Thread is done: GPSVirtuales-ThreadStarter 1-3
2026-10-07 16:09:36,844 INFO o.a.j.t.JMeterThread: Thread finished: GPSVirtuales-ThreadStarter 1-3
2026-10-07 16:09:36,843 INFO o.a.j.t.JMeterThread: Thread finished: GPSVirtuales-ThreadStarter 1-11
2026-10-07 16:09:36,843 INFO o.a.j.t.JMeterThread: Thread is done: GPSVirtuales-ThreadStarter 1-30
2026-10-07 16:09:36,843 INFO o.a.j.t.JMeterThread: Thread is done: GPSVirtuales-ThreadStarter 1-35
2026-10-07 16:09:36,844 INFO o.a.j.t.JMeterThread: Thread finished: GPSVirtuales-ThreadStarter 1-30
2026-10-07 16:09:36,843 INFO o.a.j.t.JMeterThread: Thread is done: GPSVirtuales-ThreadStarter 1-31
2026-10-07 16:09:36,844 INFO o.a.j.t.JMeterThread: Thread finished: GPSVirtuales-ThreadStarter 1-24
2026-10-07 16:09:36,844 INFO o.a.j.t.JMeterThread: Thread finished: GPSVirtuales-ThreadStarter 1-31
2026-10-07 16:09:36,844 INFO o.a.j.t.JMeterThread: Thread finished: GPSVirtuales-ThreadStarter 1-1
2026-10-07 16:09:36,844 INFO o.a.j.t.JMeterThread: Thread finished: GPSVirtuales-ThreadStarter 1-27
2026-10-07 16:09:36,844 INFO o.a.j.t.JMeterThread: Thread finished: GPSVirtuales-ThreadStarter 1-25
2026-10-07 16:09:36,844 INFO o.a.j.t.JMeterThread: Thread finished: GPSVirtuales-ThreadStarter 1-45
2026-10-07 16:09:36,844 INFO o.a.j.t.JMeterThread: Thread finished: GPSVirtuales-ThreadStarter 1-38
2026-10-07 16:09:36,844 INFO o.a.j.e.StandardJMeterEngine: Notifying test listeners of end of test
2026-10-07 16:09:36,844 INFO o.a.j.t.JMeterThread: Thread finished: GPSVirtuales-ThreadStarter 1-26
2026-10-07 16:09:36,844 INFO o.a.j.s.FileServer: Close: /Users/carlos.jimenez/Documents/carga/traccar-gps/datos_positions_user_carlos.csv
2026-10-07 16:09:36,844 INFO o.a.j.t.JMeterThread: Thread finished: GPSVirtuales-ThreadStarter 1-22
2026-10-07 16:09:36,844 INFO o.a.j.t.JMeterThread: Thread finished: GPSVirtuales-ThreadStarter 1-35
2026-10-07 16:09:36,845 INFO o.a.j.g.u.JMeterMenuBar: setRunning(false, *local*)
2026-10-07 16:10:00,506 INFO o.a.j.e.StandardJMeterEngine: Running the test!
2026-10-07 16:10:00,507 INFO o.a.j.s.SampleEvent: List of sample_variables: []
2026-10-07 16:10:00,508 WARN o.a.j.r.ResultCollector: Error creating directories for /Users/familia/Documents/IT4ALL/Test/WARENA/Referencia
2026-10-07 16:10:00,510 WARN o.a.j.r.ResultCollector: Error creating directories for /Users/familia/Documents/IT4ALL/Test/WARENA/Referencia
2026-10-07 16:10:00,510 INFO o.a.j.g.u.JMeterMenuBar: setRunning(true, *local*)
2026-10-07 16:10:00,570 INFO o.a.j.e.StandardJMeterEngine: Starting ThreadGroup: 1 : GPSVirtuales
2026-10-07 16:10:00,570 INFO o.a.j.e.StandardJMeterEngine: Starting 50 threads for group GPSVirtuales.
2026-10-07 16:10:00,570 INFO o.a.j.e.StandardJMeterEngine: Thread will continue on error
2026-10-07 16:10:00,570 INFO o.a.j.e.StandardJMeterEngine: All thread groups have been started
2026-10-07 16:10:00,570 INFO c.b.j.t.c.ConcurrencyThreadStarter: Start supplying threads
2026-10-07 16:10:00,571 INFO o.a.j.t.JMeterThread: Thread started: GPSVirtuales-ThreadStarter 1-1
2026-10-07 16:10:00,571 INFO o.a.j.t.JMeterThread: Thread started: GPSVirtuales-ThreadStarter 1-3
2026-10-07 16:10:00,571 INFO o.a.j.s.FileServer: Stored: /Users/carlos.jimenez/Documents/carga/traccar-gps/datos_positions_user_carlos.csv
2026-10-07 16:10:00,571 INFO o.a.j.t.JMeterThread: Thread started: GPSVirtuales-ThreadStarter 1-2
2026-10-07 16:10:00,571 INFO o.a.j.t.JMeterThread: Thread started: GPSVirtuales-ThreadStarter 1-4
2026-10-07 16:10:00,571 INFO o.a.j.t.JMeterThread: Thread started: GPSVirtuales-ThreadStarter 1-5
2026-10-07 16:10:00,572 INFO o.a.j.t.JMeterThread: Thread started: GPSVirtuales-ThreadStarter 1-6
2026-10-07 16:10:00,572 INFO o.a.j.t.JMeterThread: Thread started: GPSVirtuales-ThreadStarter 1-7
2026-10-07 16:10:00,572 INFO o.a.j.t.JMeterThread: Thread started: GPSVirtuales-ThreadStarter 1-8
2026-10-07 16:10:00,573 INFO o.a.j.t.JMeterThread: Thread started: GPSVirtuales-ThreadStarter 1-9
2026-10-07 16:10:00,573 INFO o.a.j.t.JMeterThread: Thread started: GPSVirtuales-ThreadStarter 1-10
2026-10-07 16:10:00,573 INFO o.a.j.t.JMeterThread: Thread started: GPSVirtuales-ThreadStarter 1-11
2026-10-07 16:10:00,574 INFO o.a.j.t.JMeterThread: Thread started: GPSVirtuales-ThreadStarter 1-13
2026-10-07 16:10:00,574 INFO o.a.j.t.JMeterThread: Thread started: GPSVirtuales-ThreadStarter 1-12
2026-10-07 16:10:00,574 INFO o.a.j.t.JMeterThread: Thread started: GPSVirtuales-ThreadStarter 1-14
2026-10-07 16:10:00,575 INFO o.a.j.t.JMeterThread: Thread started: GPSVirtuales-ThreadStarter 1-15
2026-10-07 16:10:00,576 INFO o.a.j.t.JMeterThread: Thread started: GPSVirtuales-ThreadStarter 1-16
2026-10-07 16:10:00,576 INFO o.a.j.t.JMeterThread: Thread started: GPSVirtuales-ThreadStarter 1-17
2026-10-07 16:10:00,576 INFO o.a.j.t.JMeterThread: Thread started: GPSVirtuales-ThreadStarter 1-19
2026-10-07 16:10:00,577 INFO o.a.j.t.JMeterThread: Thread started: GPSVirtuales-ThreadStarter 1-18
2026-10-07 16:10:00,577 INFO o.a.j.t.JMeterThread: Thread started: GPSVirtuales-ThreadStarter 1-20
2026-10-07 16:10:00,577 INFO o.a.j.t.JMeterThread: Thread started: GPSVirtuales-ThreadStarter 1-21
2026-10-07 16:10:00,578 INFO o.a.j.t.JMeterThread: Thread started: GPSVirtuales-ThreadStarter 1-22
2026-10-07 16:10:00,578 INFO o.a.j.t.JMeterThread: Thread started: GPSVirtuales-ThreadStarter 1-23
2026-10-07 16:10:00,578 INFO o.a.j.t.JMeterThread: Thread started: GPSVirtuales-ThreadStarter 1-24
2026-10-07 16:10:00,578 INFO o.a.j.t.JMeterThread: Thread started: GPSVirtuales-ThreadStarter 1-25
2026-10-07 16:10:00,579 INFO o.a.j.t.JMeterThread: Thread started: GPSVirtuales-ThreadStarter 1-26
2026-10-07 16:10:00,579 INFO o.a.j.t.JMeterThread: Thread started: GPSVirtuales-ThreadStarter 1-28
2026-10-07 16:10:00,579 INFO o.a.j.t.JMeterThread: Thread started: GPSVirtuales-ThreadStarter 1-27
2026-10-07 16:10:00,579 INFO o.a.j.t.JMeterThread: Thread started: GPSVirtuales-ThreadStarter 1-29
2026-10-07 16:10:00,579 INFO o.a.j.t.JMeterThread: Thread started: GPSVirtuales-ThreadStarter 1-30
2026-10-07 16:10:00,580 INFO o.a.j.t.JMeterThread: Thread started: GPSVirtuales-ThreadStarter 1-31
2026-10-07 16:10:00,580 INFO o.a.j.t.JMeterThread: Thread started: GPSVirtuales-ThreadStarter 1-32
2026-10-07 16:10:00,580 INFO o.a.j.t.JMeterThread: Thread started: GPSVirtuales-ThreadStarter 1-33
2026-10-07 16:10:00,580 INFO o.a.j.t.JMeterThread: Thread started: GPSVirtuales-ThreadStarter 1-34
2026-10-07 16:10:00,581 INFO o.a.j.t.JMeterThread: Thread started: GPSVirtuales-ThreadStarter 1-35
2026-10-07 16:10:00,581 INFO o.a.j.t.JMeterThread: Thread started: GPSVirtuales-ThreadStarter 1-36
2026-10-07 16:10:00,581 INFO o.a.j.t.JMeterThread: Thread started: GPSVirtuales-ThreadStarter 1-37
2026-10-07 16:10:00,581 INFO o.a.j.t.JMeterThread: Thread started: GPSVirtuales-ThreadStarter 1-38
2026-10-07 16:10:00,581 INFO o.a.j.t.JMeterThread: Thread started: GPSVirtuales-ThreadStarter 1-39
2026-10-07 16:10:00,581 INFO o.a.j.t.JMeterThread: Thread started: GPSVirtuales-ThreadStarter 1-40
2026-10-07 16:10:00,581 INFO o.a.j.t.JMeterThread: Thread started: GPSVirtuales-ThreadStarter 1-41
2026-10-07 16:10:00,581 INFO o.a.j.t.JMeterThread: Thread started: GPSVirtuales-ThreadStarter 1-42
2026-10-07 16:10:00,582 INFO o.a.j.t.JMeterThread: Thread started: GPSVirtuales-ThreadStarter 1-43
2026-10-07 16:10:00,582 INFO o.a.j.t.JMeterThread: Thread started: GPSVirtuales-ThreadStarter 1-44
2026-10-07 16:10:00,582 INFO o.a.j.t.JMeterThread: Thread started: GPSVirtuales-ThreadStarter 1-45
2026-10-07 16:10:00,582 INFO o.a.j.t.JMeterThread: Thread started: GPSVirtuales-ThreadStarter 1-46
2026-10-07 16:10:00,582 INFO o.a.j.t.JMeterThread: Thread started: GPSVirtuales-ThreadStarter 1-47
2026-10-07 16:10:00,582 INFO o.a.j.t.JMeterThread: Thread started: GPSVirtuales-ThreadStarter 1-49
2026-10-07 16:10:00,582 INFO o.a.j.t.JMeterThread: Thread started: GPSVirtuales-ThreadStarter 1-48
2026-10-07 16:10:00,582 INFO o.a.j.t.JMeterThread: Thread started: GPSVirtuales-ThreadStarter 1-50
2026-10-07 16:10:00,591 WARN k.a.j.t.VariableThroughputTimer: No free threads available in current Thread Group GPSVirtuales, made 0 samples/s for expected rps 25.0 samples/s, increase your number of threads
2026-10-07 16:15:18,053 INFO o.a.j.g.a.Start: Stopping test
2026-10-07 16:15:18,077 INFO c.b.j.t.c.ConcurrencyThreadStarter: Done supplying threads
2026-10-07 16:15:18,077 INFO o.a.j.t.JMeterThread: Stopping: GPSVirtuales-ThreadStarter 1-28
2026-10-07 16:15:18,082 INFO o.a.j.t.JMeterThread: Stopping: GPSVirtuales-ThreadStarter 1-31
2026-10-07 16:15:18,082 INFO o.a.j.t.JMeterThread: Stopping: GPSVirtuales-ThreadStarter 1-4
2026-10-07 16:15:18,082 INFO o.a.j.t.JMeterThread: Stopping: GPSVirtuales-ThreadStarter 1-26
2026-10-07 16:15:18,082 INFO o.a.j.t.JMeterThread: Stopping: GPSVirtuales-ThreadStarter 1-9
2026-10-07 16:15:18,082 INFO o.a.j.t.JMeterThread: Stopping: GPSVirtuales-ThreadStarter 1-49
2026-10-07 16:15:18,082 INFO o.a.j.t.JMeterThread: Stopping: GPSVirtuales-ThreadStarter 1-48
2026-10-07 16:15:18,082 INFO o.a.j.t.JMeterThread: Stopping: GPSVirtuales-ThreadStarter 1-24
2026-10-07 16:15:18,082 INFO o.a.j.t.JMeterThread: Stopping: GPSVirtuales-ThreadStarter 1-36
2026-10-07 16:15:18,082 INFO o.a.j.t.JMeterThread: Stopping: GPSVirtuales-ThreadStarter 1-34
2026-10-07 16:15:18,082 INFO o.a.j.t.JMeterThread: Stopping: GPSVirtuales-ThreadStarter 1-43
2026-10-07 16:15:18,082 INFO o.a.j.t.JMeterThread: Stopping: GPSVirtuales-ThreadStarter 1-25
2026-10-07 16:15:18,082 INFO o.a.j.t.JMeterThread: Stopping: GPSVirtuales-ThreadStarter 1-35
2026-10-07 16:15:18,082 INFO o.a.j.t.JMeterThread: Stopping: GPSVirtuales-ThreadStarter 1-19
2026-10-07 16:15:18,082 INFO o.a.j.t.JMeterThread: Stopping: GPSVirtuales-ThreadStarter 1-41
2026-10-07 16:15:18,082 INFO o.a.j.t.JMeterThread: Stopping: GPSVirtuales-ThreadStarter 1-22
2026-10-07 16:15:18,082 INFO o.a.j.t.JMeterThread: Stopping: GPSVirtuales-ThreadStarter 1-7
2026-10-07 16:15:18,082 INFO o.a.j.t.JMeterThread: Stopping: GPSVirtuales-ThreadStarter 1-17
2026-10-07 16:15:18,082 INFO o.a.j.t.JMeterThread: Stopping: GPSVirtuales-ThreadStarter 1-33
2026-10-07 16:15:18,082 INFO o.a.j.t.JMeterThread: Stopping: GPSVirtuales-ThreadStarter 1-18
2026-10-07 16:15:18,082 INFO o.a.j.t.JMeterThread: Stopping: GPSVirtuales-ThreadStarter 1-46
2026-10-07 16:15:18,082 INFO o.a.j.t.JMeterThread: Stopping: GPSVirtuales-ThreadStarter 1-44
2026-10-07 16:15:18,082 INFO o.a.j.t.JMeterThread: Stopping: GPSVirtuales-ThreadStarter 1-12
2026-10-07 16:15:18,082 INFO o.a.j.t.JMeterThread: Stopping: GPSVirtuales-ThreadStarter 1-29
2026-10-07 16:15:18,082 INFO o.a.j.t.JMeterThread: Stopping: GPSVirtuales-ThreadStarter 1-14
2026-10-07 16:15:18,082 INFO o.a.j.t.JMeterThread: Stopping: GPSVirtuales-ThreadStarter 1-20
2026-10-07 16:15:18,082 INFO o.a.j.t.JMeterThread: Stopping: GPSVirtuales-ThreadStarter 1-40
2026-10-07 16:15:18,082 INFO o.a.j.t.JMeterThread: Stopping: GPSVirtuales-ThreadStarter 1-47
2026-10-07 16:15:18,082 INFO o.a.j.t.JMeterThread: Stopping: GPSVirtuales-ThreadStarter 1-42
2026-10-07 16:15:18,082 INFO o.a.j.t.JMeterThread: Stopping: GPSVirtuales-ThreadStarter 1-21
2026-10-07 16:15:18,082 INFO o.a.j.t.JMeterThread: Stopping: GPSVirtuales-ThreadStarter 1-6
2026-10-07 16:15:18,082 INFO o.a.j.t.JMeterThread: Stopping: GPSVirtuales-ThreadStarter 1-45
2026-10-07 16:15:18,082 INFO o.a.j.t.JMeterThread: Stopping: GPSVirtuales-ThreadStarter 1-3
2026-10-07 16:15:18,082 INFO o.a.j.t.JMeterThread: Stopping: GPSVirtuales-ThreadStarter 1-15
2026-10-07 16:15:18,082 INFO o.a.j.t.JMeterThread: Stopping: GPSVirtuales-ThreadStarter 1-1
2026-10-07 16:15:18,082 INFO o.a.j.t.JMeterThread: Stopping: GPSVirtuales-ThreadStarter 1-23
2026-10-07 16:15:18,082 INFO o.a.j.t.JMeterThread: Stopping: GPSVirtuales-ThreadStarter 1-10
2026-10-07 16:15:18,082 INFO o.a.j.t.JMeterThread: Stopping: GPSVirtuales-ThreadStarter 1-37
2026-10-07 16:15:18,082 INFO o.a.j.t.JMeterThread: Stopping: GPSVirtuales-ThreadStarter 1-5
2026-10-07 16:15:18,082 INFO o.a.j.t.JMeterThread: Stopping: GPSVirtuales-ThreadStarter 1-8
2026-10-07 16:15:18,082 INFO o.a.j.t.JMeterThread: Stopping: GPSVirtuales-ThreadStarter 1-38
2026-10-07 16:15:18,082 INFO o.a.j.t.JMeterThread: Stopping: GPSVirtuales-ThreadStarter 1-13
2026-10-07 16:15:18,082 INFO o.a.j.t.JMeterThread: Stopping: GPSVirtuales-ThreadStarter 1-27
2026-10-07 16:15:18,082 INFO o.a.j.t.JMeterThread: Stopping: GPSVirtuales-ThreadStarter 1-30
2026-10-07 16:15:18,082 INFO o.a.j.t.JMeterThread: Stopping: GPSVirtuales-ThreadStarter 1-39
2026-10-07 16:15:18,082 INFO o.a.j.t.JMeterThread: Stopping: GPSVirtuales-ThreadStarter 1-16
2026-10-07 16:15:18,082 INFO o.a.j.t.JMeterThread: Stopping: GPSVirtuales-ThreadStarter 1-2
2026-10-07 16:15:18,082 INFO o.a.j.t.JMeterThread: Stopping: GPSVirtuales-ThreadStarter 1-50
2026-10-07 16:15:18,082 INFO o.a.j.t.JMeterThread: Stopping: GPSVirtuales-ThreadStarter 1-11
2026-10-07 16:15:18,082 INFO o.a.j.t.JMeterThread: Stopping: GPSVirtuales-ThreadStarter 1-32
2026-10-07 16:15:20,990 INFO o.a.j.e.StandardJMeterEngine: Notifying test listeners of end of test
2026-10-07 16:15:20,990 INFO o.a.j.s.FileServer: Close: /Users/carlos.jimenez/Documents/carga/traccar-gps/datos_positions_user_carlos.csv
2026-10-07 16:15:20,992 INFO o.a.j.g.u.JMeterMenuBar: setRunning(false, *local*)
2026-10-07 16:15:22,316 INFO o.a.j.e.StandardJMeterEngine: Running the test!
2026-10-07 16:15:22,316 INFO o.a.j.s.SampleEvent: List of sample_variables: []
2026-10-07 16:15:22,319 WARN o.a.j.r.ResultCollector: Error creating directories for /Users/familia/Documents/IT4ALL/Test/WARENA/Referencia
2026-10-07 16:15:22,321 WARN o.a.j.r.ResultCollector: Error creating directories for /Users/familia/Documents/IT4ALL/Test/WARENA/Referencia
2026-10-07 16:15:22,321 INFO o.a.j.g.u.JMeterMenuBar: setRunning(true, *local*)
2026-10-07 16:15:22,350 INFO o.a.j.e.StandardJMeterEngine: Starting ThreadGroup: 1 : GPSVirtuales
2026-10-07 16:15:22,351 INFO o.a.j.e.StandardJMeterEngine: Starting 50 threads for group GPSVirtuales.
2026-10-07 16:15:22,351 INFO o.a.j.e.StandardJMeterEngine: Thread will continue on error
2026-10-07 16:15:22,351 INFO o.a.j.e.StandardJMeterEngine: All thread groups have been started
2026-10-07 16:15:22,351 INFO c.b.j.t.c.ConcurrencyThreadStarter: Start supplying threads
2026-10-07 16:15:22,351 INFO o.a.j.t.JMeterThread: Thread started: GPSVirtuales-ThreadStarter 1-1
2026-10-07 16:15:22,352 INFO o.a.j.t.JMeterThread: Thread started: GPSVirtuales-ThreadStarter 1-2
2026-10-07 16:15:22,352 INFO o.a.j.s.FileServer: Stored: /Users/carlos.jimenez/Documents/carga/traccar-gps/datos_positions_user_carlos.csv
2026-10-07 16:15:22,352 INFO o.a.j.t.JMeterThread: Thread started: GPSVirtuales-ThreadStarter 1-3
2026-10-07 16:15:22,352 INFO o.a.j.t.JMeterThread: Thread started: GPSVirtuales-ThreadStarter 1-4
2026-10-07 16:15:22,352 INFO o.a.j.t.JMeterThread: Thread started: GPSVirtuales-ThreadStarter 1-5
2026-10-07 16:15:22,352 INFO o.a.j.t.JMeterThread: Thread started: GPSVirtuales-ThreadStarter 1-6
2026-10-07 16:15:22,352 INFO o.a.j.t.JMeterThread: Thread started: GPSVirtuales-ThreadStarter 1-7
2026-10-07 16:15:22,352 INFO o.a.j.t.JMeterThread: Thread started: GPSVirtuales-ThreadStarter 1-8
2026-10-07 16:15:22,352 INFO o.a.j.t.JMeterThread: Thread started: GPSVirtuales-ThreadStarter 1-9
2026-10-07 16:15:22,352 INFO o.a.j.t.JMeterThread: Thread started: GPSVirtuales-ThreadStarter 1-10
2026-10-07 16:15:22,352 INFO o.a.j.t.JMeterThread: Thread started: GPSVirtuales-ThreadStarter 1-11
2026-10-07 16:15:22,353 INFO o.a.j.t.JMeterThread: Thread started: GPSVirtuales-ThreadStarter 1-12
2026-10-07 16:15:22,353 INFO o.a.j.t.JMeterThread: Thread started: GPSVirtuales-ThreadStarter 1-13
2026-10-07 16:15:22,353 INFO o.a.j.t.JMeterThread: Thread started: GPSVirtuales-ThreadStarter 1-14
2026-10-07 16:15:22,353 INFO o.a.j.t.JMeterThread: Thread started: GPSVirtuales-ThreadStarter 1-15
2026-10-07 16:15:22,353 INFO o.a.j.t.JMeterThread: Thread started: GPSVirtuales-ThreadStarter 1-16
2026-10-07 16:15:22,353 INFO o.a.j.t.JMeterThread: Thread started: GPSVirtuales-ThreadStarter 1-17
2026-10-07 16:15:22,353 INFO o.a.j.t.JMeterThread: Thread started: GPSVirtuales-ThreadStarter 1-18
2026-10-07 16:15:22,354 INFO o.a.j.t.JMeterThread: Thread started: GPSVirtuales-ThreadStarter 1-19
2026-10-07 16:15:22,354 INFO o.a.j.t.JMeterThread: Thread started: GPSVirtuales-ThreadStarter 1-20
2026-10-07 16:15:22,354 INFO o.a.j.t.JMeterThread: Thread started: GPSVirtuales-ThreadStarter 1-21
2026-10-07 16:15:22,354 INFO o.a.j.t.JMeterThread: Thread started: GPSVirtuales-ThreadStarter 1-22
2026-10-07 16:15:22,354 INFO o.a.j.t.JMeterThread: Thread started: GPSVirtuales-ThreadStarter 1-23
2026-10-07 16:15:22,354 INFO o.a.j.t.JMeterThread: Thread started: GPSVirtuales-ThreadStarter 1-24
2026-10-07 16:15:22,355 INFO o.a.j.t.JMeterThread: Thread started: GPSVirtuales-ThreadStarter 1-25
2026-10-07 16:15:22,355 INFO o.a.j.t.JMeterThread: Thread started: GPSVirtuales-ThreadStarter 1-26
2026-10-07 16:15:22,355 INFO o.a.j.t.JMeterThread: Thread started: GPSVirtuales-ThreadStarter 1-27
2026-10-07 16:15:22,355 INFO o.a.j.t.JMeterThread: Thread started: GPSVirtuales-ThreadStarter 1-28
2026-10-07 16:15:22,355 INFO o.a.j.t.JMeterThread: Thread started: GPSVirtuales-ThreadStarter 1-29
2026-10-07 16:15:22,355 INFO o.a.j.t.JMeterThread: Thread started: GPSVirtuales-ThreadStarter 1-30
2026-10-07 16:15:22,355 INFO o.a.j.t.JMeterThread: Thread started: GPSVirtuales-ThreadStarter 1-32
2026-10-07 16:15:22,355 INFO o.a.j.t.JMeterThread: Thread started: GPSVirtuales-ThreadStarter 1-31
2026-10-07 16:15:22,356 INFO o.a.j.t.JMeterThread: Thread started: GPSVirtuales-ThreadStarter 1-33
2026-10-07 16:15:22,356 INFO o.a.j.t.JMeterThread: Thread started: GPSVirtuales-ThreadStarter 1-34
2026-10-07 16:15:22,356 INFO o.a.j.t.JMeterThread: Thread started: GPSVirtuales-ThreadStarter 1-36
2026-10-07 16:15:22,356 INFO o.a.j.t.JMeterThread: Thread started: GPSVirtuales-ThreadStarter 1-35
2026-10-07 16:15:22,356 INFO o.a.j.t.JMeterThread: Thread started: GPSVirtuales-ThreadStarter 1-37
2026-10-07 16:15:22,356 INFO o.a.j.t.JMeterThread: Thread started: GPSVirtuales-ThreadStarter 1-38
2026-10-07 16:15:22,356 INFO o.a.j.t.JMeterThread: Thread started: GPSVirtuales-ThreadStarter 1-39
2026-10-07 16:15:22,357 INFO o.a.j.t.JMeterThread: Thread started: GPSVirtuales-ThreadStarter 1-40
2026-10-07 16:15:22,357 INFO o.a.j.t.JMeterThread: Thread started: GPSVirtuales-ThreadStarter 1-41
2026-10-07 16:15:22,357 INFO o.a.j.t.JMeterThread: Thread started: GPSVirtuales-ThreadStarter 1-42
2026-10-07 16:15:22,357 INFO o.a.j.t.JMeterThread: Thread started: GPSVirtuales-ThreadStarter 1-43
2026-10-07 16:15:22,357 INFO o.a.j.t.JMeterThread: Thread started: GPSVirtuales-ThreadStarter 1-44
2026-10-07 16:15:22,357 INFO o.a.j.t.JMeterThread: Thread started: GPSVirtuales-ThreadStarter 1-45
2026-10-07 16:15:22,358 INFO o.a.j.t.JMeterThread: Thread started: GPSVirtuales-ThreadStarter 1-46
2026-10-07 16:15:22,358 INFO o.a.j.t.JMeterThread: Thread started: GPSVirtuales-ThreadStarter 1-47
2026-10-07 16:15:22,358 INFO o.a.j.t.JMeterThread: Thread started: GPSVirtuales-ThreadStarter 1-48
2026-10-07 16:15:22,358 INFO o.a.j.t.JMeterThread: Thread started: GPSVirtuales-ThreadStarter 1-49
2026-10-07 16:15:22,358 INFO o.a.j.t.JMeterThread: Thread started: GPSVirtuales-ThreadStarter 1-50
2026-10-07 16:15:22,365 WARN k.a.j.t.VariableThroughputTimer: No free threads available in current Thread Group GPSVirtuales, made 0 samples/s for expected rps 25.0 samples/s, increase your number of threads
2026-10-07 16:15:23,592 INFO o.a.j.t.JMeterThread: Stopping: GPSVirtuales-ThreadStarter 1-28
2026-10-07 16:15:23,592 INFO o.a.j.t.JMeterThread: Thread is done: GPSVirtuales-ThreadStarter 1-28
2026-10-07 16:15:23,593 INFO o.a.j.t.JMeterThread: Thread finished: GPSVirtuales-ThreadStarter 1-28
2026-10-07 16:15:28,598 INFO o.a.j.t.JMeterThread: Stopping: GPSVirtuales-ThreadStarter 1-31
2026-10-07 16:15:28,599 INFO o.a.j.t.JMeterThread: Thread is done: GPSVirtuales-ThreadStarter 1-31
2026-10-07 16:15:28,599 INFO o.a.j.t.JMeterThread: Thread finished: GPSVirtuales-ThreadStarter 1-31
2026-10-07 16:15:33,603 INFO o.a.j.t.JMeterThread: Stopping: GPSVirtuales-ThreadStarter 1-4
2026-10-07 16:15:33,604 INFO o.a.j.t.JMeterThread: Thread is done: GPSVirtuales-ThreadStarter 1-4
2026-10-07 16:15:33,604 INFO o.a.j.t.JMeterThread: Thread finished: GPSVirtuales-ThreadStarter 1-4
2026-10-07 16:15:38,606 INFO o.a.j.t.JMeterThread: Stopping: GPSVirtuales-ThreadStarter 1-26
2026-10-07 16:15:38,606 INFO o.a.j.t.JMeterThread: Thread is done: GPSVirtuales-ThreadStarter 1-26
2026-10-07 16:15:38,606 INFO o.a.j.t.JMeterThread: Thread finished: GPSVirtuales-ThreadStarter 1-26
2026-10-07 16:15:43,607 INFO o.a.j.t.JMeterThread: Stopping: GPSVirtuales-ThreadStarter 1-9
2026-10-07 16:15:43,608 INFO o.a.j.t.JMeterThread: Thread is done: GPSVirtuales-ThreadStarter 1-9
2026-10-07 16:15:43,608 INFO o.a.j.t.JMeterThread: Thread finished: GPSVirtuales-ThreadStarter 1-9
2026-10-07 16:15:48,611 INFO o.a.j.t.JMeterThread: Stopping: GPSVirtuales-ThreadStarter 1-49
2026-10-07 16:15:48,611 INFO o.a.j.t.JMeterThread: Thread is done: GPSVirtuales-ThreadStarter 1-49
2026-10-07 16:15:48,611 INFO o.a.j.t.JMeterThread: Thread finished: GPSVirtuales-ThreadStarter 1-49
2026-10-07 16:15:53,616 INFO o.a.j.t.JMeterThread: Stopping: GPSVirtuales-ThreadStarter 1-48
2026-10-07 16:15:53,618 INFO o.a.j.t.JMeterThread: Thread is done: GPSVirtuales-ThreadStarter 1-48
2026-10-07 16:15:53,618 INFO o.a.j.t.JMeterThread: Thread finished: GPSVirtuales-ThreadStarter 1-48
2026-10-07 16:15:58,622 INFO o.a.j.t.JMeterThread: Stopping: GPSVirtuales-ThreadStarter 1-24
2026-10-07 16:15:58,623 INFO o.a.j.t.JMeterThread: Thread is done: GPSVirtuales-ThreadStarter 1-24
2026-10-07 16:15:58,623 INFO o.a.j.t.JMeterThread: Thread finished: GPSVirtuales-ThreadStarter 1-24
2026-10-07 16:16:03,627 INFO o.a.j.t.JMeterThread: Stopping: GPSVirtuales-ThreadStarter 1-36
2026-10-07 16:16:03,629 INFO k.a.j.t.VariableThroughputTimer: No further RPS schedule, asking threads to stop...
2026-10-07 16:16:03,629 INFO k.a.j.t.VariableThroughputTimer: Stopping gracefuly threads of Thread Group : GPSVirtuales
2026-10-07 16:16:03,630 INFO o.a.j.t.JMeterThread: Thread is done: GPSVirtuales-ThreadStarter 1-36
2026-10-07 16:16:03,631 INFO o.a.j.t.JMeterThread: Thread finished: GPSVirtuales-ThreadStarter 1-36
2026-10-07 16:16:04,000 INFO k.a.j.t.VariableThroughputTimer: No further RPS schedule, asking threads to stop...
2026-10-07 16:16:04,000 INFO k.a.j.t.VariableThroughputTimer: Stopping gracefuly threads of Thread Group : GPSVirtuales
2026-10-07 16:16:04,000 INFO o.a.j.t.JMeterThread: Thread is done: GPSVirtuales-ThreadStarter 1-32
2026-10-07 16:16:04,000 INFO o.a.j.t.JMeterThread: Thread finished: GPSVirtuales-ThreadStarter 1-32
2026-10-07 16:16:05,000 INFO k.a.j.t.VariableThroughputTimer: No further RPS schedule, asking threads to stop...
2026-10-07 16:16:05,000 INFO k.a.j.t.VariableThroughputTimer: Stopping gracefuly threads of Thread Group : GPSVirtuales
2026-10-07 16:16:05,000 INFO o.a.j.t.JMeterThread: Thread is done: GPSVirtuales-ThreadStarter 1-11
2026-10-07 16:16:05,000 INFO o.a.j.t.JMeterThread: Thread finished: GPSVirtuales-ThreadStarter 1-11
2026-10-07 16:16:06,000 INFO k.a.j.t.VariableThroughputTimer: No further RPS schedule, asking threads to stop...
2026-10-07 16:16:06,000 INFO k.a.j.t.VariableThroughputTimer: Tries more than 3, hard stopping threads of Thread Group : GPSVirtuales
2026-10-07 16:16:06,000 INFO o.a.j.t.JMeterThread: Stopping: GPSVirtuales-ThreadStarter 1-34
2026-10-07 16:16:06,000 INFO o.a.j.t.JMeterThread: Stopping: GPSVirtuales-ThreadStarter 1-43
2026-10-07 16:16:06,000 INFO o.a.j.t.JMeterThread: Stopping: GPSVirtuales-ThreadStarter 1-25
2026-10-07 16:16:06,000 INFO o.a.j.t.JMeterThread: Stopping: GPSVirtuales-ThreadStarter 1-35
2026-10-07 16:16:06,000 INFO o.a.j.t.JMeterThread: Stopping: GPSVirtuales-ThreadStarter 1-19
2026-10-07 16:16:06,000 INFO o.a.j.t.JMeterThread: Stopping: GPSVirtuales-ThreadStarter 1-41
2026-10-07 16:16:06,000 INFO o.a.j.t.JMeterThread: Stopping: GPSVirtuales-ThreadStarter 1-22
2026-10-07 16:16:06,000 INFO o.a.j.t.JMeterThread: Stopping: GPSVirtuales-ThreadStarter 1-7
2026-10-07 16:16:06,000 INFO o.a.j.t.JMeterThread: Stopping: GPSVirtuales-ThreadStarter 1-17
2026-10-07 16:16:06,000 INFO o.a.j.t.JMeterThread: Stopping: GPSVirtuales-ThreadStarter 1-33
2026-10-07 16:16:06,000 INFO o.a.j.t.JMeterThread: Stopping: GPSVirtuales-ThreadStarter 1-18
2026-10-07 16:16:06,000 INFO o.a.j.t.JMeterThread: Stopping: GPSVirtuales-ThreadStarter 1-46
2026-10-07 16:16:06,000 INFO o.a.j.t.JMeterThread: Stopping: GPSVirtuales-ThreadStarter 1-44
2026-10-07 16:16:06,000 INFO o.a.j.t.JMeterThread: Stopping: GPSVirtuales-ThreadStarter 1-12
2026-10-07 16:16:06,000 INFO o.a.j.t.JMeterThread: Stopping: GPSVirtuales-ThreadStarter 1-29
2026-10-07 16:16:06,000 INFO o.a.j.t.JMeterThread: Stopping: GPSVirtuales-ThreadStarter 1-14
2026-10-07 16:16:06,000 INFO o.a.j.t.JMeterThread: Stopping: GPSVirtuales-ThreadStarter 1-20
2026-10-07 16:16:06,000 INFO o.a.j.t.JMeterThread: Stopping: GPSVirtuales-ThreadStarter 1-40
2026-10-07 16:16:06,000 INFO o.a.j.t.JMeterThread: Stopping: GPSVirtuales-ThreadStarter 1-47
2026-10-07 16:16:06,000 INFO o.a.j.t.JMeterThread: Stopping: GPSVirtuales-ThreadStarter 1-42
2026-10-07 16:16:06,000 INFO o.a.j.t.JMeterThread: Stopping: GPSVirtuales-ThreadStarter 1-21
2026-10-07 16:16:06,000 INFO o.a.j.t.JMeterThread: Stopping: GPSVirtuales-ThreadStarter 1-6
2026-10-07 16:16:06,000 INFO o.a.j.t.JMeterThread: Stopping: GPSVirtuales-ThreadStarter 1-45
2026-10-07 16:16:06,000 INFO o.a.j.t.JMeterThread: Stopping: GPSVirtuales-ThreadStarter 1-3
2026-10-07 16:16:06,000 INFO o.a.j.t.JMeterThread: Stopping: GPSVirtuales-ThreadStarter 1-15
2026-10-07 16:16:06,000 INFO o.a.j.t.JMeterThread: Stopping: GPSVirtuales-ThreadStarter 1-1
2026-10-07 16:16:06,000 INFO o.a.j.t.JMeterThread: Stopping: GPSVirtuales-ThreadStarter 1-23
2026-10-07 16:16:06,000 INFO o.a.j.t.JMeterThread: Stopping: GPSVirtuales-ThreadStarter 1-10
2026-10-07 16:16:06,000 INFO o.a.j.t.JMeterThread: Stopping: GPSVirtuales-ThreadStarter 1-37
2026-10-07 16:16:06,000 INFO o.a.j.t.JMeterThread: Stopping: GPSVirtuales-ThreadStarter 1-5
2026-10-07 16:16:06,000 INFO o.a.j.t.JMeterThread: Stopping: GPSVirtuales-ThreadStarter 1-8
2026-10-07 16:16:06,000 INFO o.a.j.t.JMeterThread: Stopping: GPSVirtuales-ThreadStarter 1-38
2026-10-07 16:16:06,000 INFO o.a.j.t.JMeterThread: Stopping: GPSVirtuales-ThreadStarter 1-13
2026-10-07 16:16:06,000 INFO o.a.j.t.JMeterThread: Stopping: GPSVirtuales-ThreadStarter 1-27
2026-10-07 16:16:06,000 INFO o.a.j.t.JMeterThread: Stopping: GPSVirtuales-ThreadStarter 1-30
2026-10-07 16:16:06,000 INFO o.a.j.t.JMeterThread: Stopping: GPSVirtuales-ThreadStarter 1-39
2026-10-07 16:16:06,000 INFO o.a.j.t.JMeterThread: Stopping: GPSVirtuales-ThreadStarter 1-16
2026-10-07 16:16:06,000 INFO o.a.j.t.JMeterThread: Stopping: GPSVirtuales-ThreadStarter 1-2
2026-10-07 16:16:06,000 INFO o.a.j.t.JMeterThread: Stopping: GPSVirtuales-ThreadStarter 1-50
2026-10-07 16:16:06,000 INFO o.a.j.t.JMeterThread: Thread is done: GPSVirtuales-ThreadStarter 1-2
2026-10-07 16:16:06,000 INFO o.a.j.t.JMeterThread: Thread finished: GPSVirtuales-ThreadStarter 1-2
2026-10-07 16:16:07,000 INFO k.a.j.t.VariableThroughputTimer: No further RPS schedule, asking threads to stop...
2026-10-07 16:16:07,000 INFO k.a.j.t.VariableThroughputTimer: Tries more than 3, hard stopping threads of Thread Group : GPSVirtuales
2026-10-07 16:16:07,000 INFO o.a.j.t.JMeterThread: Stopping: GPSVirtuales-ThreadStarter 1-34
2026-10-07 16:16:07,000 INFO o.a.j.t.JMeterThread: Stopping: GPSVirtuales-ThreadStarter 1-43
2026-10-07 16:16:07,000 INFO o.a.j.t.JMeterThread: Stopping: GPSVirtuales-ThreadStarter 1-25
2026-10-07 16:16:07,000 INFO o.a.j.t.JMeterThread: Stopping: GPSVirtuales-ThreadStarter 1-35
2026-10-07 16:16:07,000 INFO o.a.j.t.JMeterThread: Stopping: GPSVirtuales-ThreadStarter 1-19
2026-10-07 16:16:07,000 INFO o.a.j.t.JMeterThread: Stopping: GPSVirtuales-ThreadStarter 1-41
2026-10-07 16:16:07,000 INFO o.a.j.t.JMeterThread: Stopping: GPSVirtuales-ThreadStarter 1-22
2026-10-07 16:16:07,000 INFO o.a.j.t.JMeterThread: Stopping: GPSVirtuales-ThreadStarter 1-7
2026-10-07 16:16:07,000 INFO o.a.j.t.JMeterThread: Stopping: GPSVirtuales-ThreadStarter 1-17
2026-10-07 16:16:07,000 INFO o.a.j.t.JMeterThread: Stopping: GPSVirtuales-ThreadStarter 1-33
2026-10-07 16:16:07,000 INFO o.a.j.t.JMeterThread: Stopping: GPSVirtuales-ThreadStarter 1-18
2026-10-07 16:16:07,000 INFO o.a.j.t.JMeterThread: Stopping: GPSVirtuales-ThreadStarter 1-46
2026-10-07 16:16:07,000 INFO o.a.j.t.JMeterThread: Stopping: GPSVirtuales-ThreadStarter 1-44
2026-10-07 16:16:07,000 INFO o.a.j.t.JMeterThread: Stopping: GPSVirtuales-ThreadStarter 1-12
2026-10-07 16:16:07,000 INFO o.a.j.t.JMeterThread: Stopping: GPSVirtuales-ThreadStarter 1-29
2026-10-07 16:16:07,000 INFO o.a.j.t.JMeterThread: Stopping: GPSVirtuales-ThreadStarter 1-14
2026-10-07 16:16:07,000 INFO o.a.j.t.JMeterThread: Stopping: GPSVirtuales-ThreadStarter 1-20
2026-10-07 16:16:07,000 INFO o.a.j.t.JMeterThread: Stopping: GPSVirtuales-ThreadStarter 1-40
2026-10-07 16:16:07,000 INFO o.a.j.t.JMeterThread: Stopping: GPSVirtuales-ThreadStarter 1-47
2026-10-07 16:16:07,000 INFO o.a.j.t.JMeterThread: Stopping: GPSVirtuales-ThreadStarter 1-42
2026-10-07 16:16:07,000 INFO o.a.j.t.JMeterThread: Stopping: GPSVirtuales-ThreadStarter 1-21
2026-10-07 16:16:07,000 INFO o.a.j.t.JMeterThread: Stopping: GPSVirtuales-ThreadStarter 1-6
2026-10-07 16:16:07,000 INFO o.a.j.t.JMeterThread: Stopping: GPSVirtuales-ThreadStarter 1-45
2026-10-07 16:16:07,000 INFO o.a.j.t.JMeterThread: Stopping: GPSVirtuales-ThreadStarter 1-3
2026-10-07 16:16:07,000 INFO o.a.j.t.JMeterThread: Stopping: GPSVirtuales-ThreadStarter 1-15
2026-10-07 16:16:07,000 INFO o.a.j.t.JMeterThread: Stopping: GPSVirtuales-ThreadStarter 1-1
2026-10-07 16:16:07,000 INFO o.a.j.t.JMeterThread: Stopping: GPSVirtuales-ThreadStarter 1-23
2026-10-07 16:16:07,000 INFO o.a.j.t.JMeterThread: Stopping: GPSVirtuales-ThreadStarter 1-10
2026-10-07 16:16:07,000 INFO o.a.j.t.JMeterThread: Stopping: GPSVirtuales-ThreadStarter 1-37
2026-10-07 16:16:07,000 INFO o.a.j.t.JMeterThread: Stopping: GPSVirtuales-ThreadStarter 1-5
2026-10-07 16:16:07,000 INFO o.a.j.t.JMeterThread: Stopping: GPSVirtuales-ThreadStarter 1-8
2026-10-07 16:16:07,000 INFO o.a.j.t.JMeterThread: Stopping: GPSVirtuales-ThreadStarter 1-38
2026-10-07 16:16:07,000 INFO o.a.j.t.JMeterThread: Stopping: GPSVirtuales-ThreadStarter 1-13
2026-10-07 16:16:07,000 INFO o.a.j.t.JMeterThread: Stopping: GPSVirtuales-ThreadStarter 1-27
2026-10-07 16:16:07,000 INFO o.a.j.t.JMeterThread: Stopping: GPSVirtuales-ThreadStarter 1-30
2026-10-07 16:16:07,000 INFO o.a.j.t.JMeterThread: Stopping: GPSVirtuales-ThreadStarter 1-39
2026-10-07 16:16:07,000 INFO o.a.j.t.JMeterThread: Stopping: GPSVirtuales-ThreadStarter 1-16
2026-10-07 16:16:07,000 INFO o.a.j.t.JMeterThread: Stopping: GPSVirtuales-ThreadStarter 1-50
2026-10-07 16:16:07,000 INFO o.a.j.t.JMeterThread: Thread is done: GPSVirtuales-ThreadStarter 1-50
2026-10-07 16:16:07,000 INFO o.a.j.t.JMeterThread: Thread finished: GPSVirtuales-ThreadStarter 1-50
2026-10-07 16:16:08,000 INFO k.a.j.t.VariableThroughputTimer: No further RPS schedule, asking threads to stop...
2026-10-07 16:16:08,000 INFO k.a.j.t.VariableThroughputTimer: Tries more than 5, shutting down engine!
2026-10-07 16:16:08,000 INFO o.a.j.t.JMeterThread: Thread is done: GPSVirtuales-ThreadStarter 1-16
2026-10-07 16:16:08,000 INFO o.a.j.t.JMeterThread: Thread finished: GPSVirtuales-ThreadStarter 1-16
2026-10-07 16:16:08,000 INFO c.b.j.t.c.ConcurrencyThreadStarter: Done supplying threads
2026-10-07 16:16:08,000 WARN o.a.j.t.JMeterThread: Interrupting: GPSVirtuales-ThreadStarter 1-23 sampler: Set Positions
2026-10-07 16:16:08,001 WARN o.a.j.t.JMeterThread: Interrupting: GPSVirtuales-ThreadStarter 1-38 sampler: Set Positions
2026-10-07 16:16:08,002 WARN o.a.j.t.JMeterThread: Interrupting: GPSVirtuales-ThreadStarter 1-13 sampler: Set Positions
2026-10-07 16:16:08,003 INFO o.a.j.t.JMeterThread: Thread is done: GPSVirtuales-ThreadStarter 1-13
2026-10-07 16:16:08,003 INFO o.a.j.t.JMeterThread: Thread finished: GPSVirtuales-ThreadStarter 1-13
2026-10-07 16:16:08,003 INFO o.a.j.t.JMeterThread: Thread is done: GPSVirtuales-ThreadStarter 1-38
2026-10-07 16:16:08,003 INFO o.a.j.t.JMeterThread: Thread finished: GPSVirtuales-ThreadStarter 1-38
2026-10-07 16:16:08,003 INFO o.a.j.t.JMeterThread: Thread is done: GPSVirtuales-ThreadStarter 1-23
2026-10-07 16:16:08,004 INFO o.a.j.t.JMeterThread: Thread finished: GPSVirtuales-ThreadStarter 1-23
2026-10-07 16:16:08,004 INFO o.a.j.e.StandardJMeterEngine: Notifying test listeners of end of test
2026-10-07 16:16:08,004 INFO o.a.j.s.FileServer: Close: /Users/carlos.jimenez/Documents/carga/traccar-gps/datos_positions_user_carlos.csv
2026-10-07 16:16:08,004 INFO o.a.j.g.u.JMeterMenuBar: setRunning(false, *local*)
2026-10-07 16:16:08,158 INFO o.a.j.t.JMeterThread: Thread is done: GPSVirtuales-ThreadStarter 1-33
2026-10-07 16:16:08,158 INFO o.a.j.t.JMeterThread: Thread finished: GPSVirtuales-ThreadStarter 1-33
2026-10-07 16:16:08,159 INFO o.a.j.t.JMeterThread: Thread is done: GPSVirtuales-ThreadStarter 1-7
2026-10-07 16:16:08,159 INFO o.a.j.t.JMeterThread: Thread finished: GPSVirtuales-ThreadStarter 1-7
2026-10-07 16:16:08,252 INFO o.a.j.t.JMeterThread: Thread is done: GPSVirtuales-ThreadStarter 1-50
2026-10-07 16:16:08,252 INFO o.a.j.t.JMeterThread: Thread finished: GPSVirtuales-ThreadStarter 1-50
2026-10-07 16:16:08,261 INFO o.a.j.t.JMeterThread: Thread is done: GPSVirtuales-ThreadStarter 1-18
2026-10-07 16:16:08,262 INFO o.a.j.t.JMeterThread: Thread finished: GPSVirtuales-ThreadStarter 1-18
2026-10-07 16:16:08,425 INFO o.a.j.t.JMeterThread: Thread is done: GPSVirtuales-ThreadStarter 1-40
2026-10-07 16:16:08,425 INFO o.a.j.t.JMeterThread: Thread finished: GPSVirtuales-ThreadStarter 1-40
2026-10-07 16:16:08,512 INFO o.a.j.t.JMeterThread: Thread is done: GPSVirtuales-ThreadStarter 1-8
2026-10-07 16:16:08,512 INFO o.a.j.t.JMeterThread: Thread is done: GPSVirtuales-ThreadStarter 1-15
2026-10-07 16:16:08,512 INFO o.a.j.t.JMeterThread: Thread is done: GPSVirtuales-ThreadStarter 1-34
2026-10-07 16:16:08,512 INFO o.a.j.t.JMeterThread: Thread is done: GPSVirtuales-ThreadStarter 1-45
2026-10-07 16:16:08,512 INFO o.a.j.t.JMeterThread: Thread finished: GPSVirtuales-ThreadStarter 1-45
2026-10-07 16:16:08,512 INFO o.a.j.t.JMeterThread: Thread finished: GPSVirtuales-ThreadStarter 1-15
2026-10-07 16:16:08,512 INFO o.a.j.t.JMeterThread: Thread finished: GPSVirtuales-ThreadStarter 1-34
2026-10-07 16:16:08,512 INFO o.a.j.t.JMeterThread: Thread finished: GPSVirtuales-ThreadStarter 1-8
2026-10-07 16:16:08,524 INFO o.a.j.t.JMeterThread: Thread is done: GPSVirtuales-ThreadStarter 1-39
2026-10-07 16:16:08,524 INFO o.a.j.t.JMeterThread: Thread is done: GPSVirtuales-ThreadStarter 1-36
2026-10-07 16:16:08,524 INFO o.a.j.t.JMeterThread: Thread finished: GPSVirtuales-ThreadStarter 1-39
2026-10-07 16:16:08,524 INFO o.a.j.t.JMeterThread: Thread finished: GPSVirtuales-ThreadStarter 1-36
2026-10-07 16:16:08,587 INFO o.a.j.t.JMeterThread: Thread is done: GPSVirtuales-ThreadStarter 1-12
2026-10-07 16:16:08,587 INFO o.a.j.t.JMeterThread: Thread finished: GPSVirtuales-ThreadStarter 1-12
2026-10-07 16:16:08,594 INFO o.a.j.t.JMeterThread: Thread is done: GPSVirtuales-ThreadStarter 1-24
2026-10-07 16:16:08,594 INFO o.a.j.t.JMeterThread: Thread finished: GPSVirtuales-ThreadStarter 1-24
2026-10-07 16:16:08,632 INFO o.a.j.t.JMeterThread: Stopping: GPSVirtuales-ThreadStarter 1-34
2026-10-07 16:16:08,635 INFO o.a.j.t.JMeterThread: Thread is done: GPSVirtuales-ThreadStarter 1-17
2026-10-07 16:16:08,635 INFO o.a.j.t.JMeterThread: Thread finished: GPSVirtuales-ThreadStarter 1-17
2026-10-07 16:16:08,690 INFO o.a.j.t.JMeterThread: Thread is done: GPSVirtuales-ThreadStarter 1-43
2026-10-07 16:16:08,690 INFO o.a.j.t.JMeterThread: Thread finished: GPSVirtuales-ThreadStarter 1-43
2026-10-07 16:16:08,771 INFO o.a.j.t.JMeterThread: Thread is done: GPSVirtuales-ThreadStarter 1-31
2026-10-07 16:16:08,771 INFO o.a.j.t.JMeterThread: Thread is done: GPSVirtuales-ThreadStarter 1-4
2026-10-07 16:16:08,771 INFO o.a.j.t.JMeterThread: Thread finished: GPSVirtuales-ThreadStarter 1-31
2026-10-07 16:16:08,771 INFO o.a.j.t.JMeterThread: Thread finished: GPSVirtuales-ThreadStarter 1-4
2026-10-07 16:16:08,795 INFO o.a.j.t.JMeterThread: Thread is done: GPSVirtuales-ThreadStarter 1-32
2026-10-07 16:16:08,795 INFO o.a.j.t.JMeterThread: Thread finished: GPSVirtuales-ThreadStarter 1-32
2026-10-07 16:16:08,858 INFO o.a.j.t.JMeterThread: Thread is done: GPSVirtuales-ThreadStarter 1-29
2026-10-07 16:16:08,858 INFO o.a.j.t.JMeterThread: Thread finished: GPSVirtuales-ThreadStarter 1-29
2026-10-07 16:16:08,877 INFO o.a.j.t.JMeterThread: Thread is done: GPSVirtuales-ThreadStarter 1-25
2026-10-07 16:16:08,877 INFO o.a.j.t.JMeterThread: Thread finished: GPSVirtuales-ThreadStarter 1-25
2026-10-07 16:16:08,950 INFO o.a.j.t.JMeterThread: Thread is done: GPSVirtuales-ThreadStarter 1-11
2026-10-07 16:16:08,950 INFO o.a.j.t.JMeterThread: Thread finished: GPSVirtuales-ThreadStarter 1-11
2026-10-07 16:16:08,950 INFO o.a.j.t.JMeterThread: Thread is done: GPSVirtuales-ThreadStarter 1-35
2026-10-07 16:16:08,950 INFO o.a.j.t.JMeterThread: Thread finished: GPSVirtuales-ThreadStarter 1-35
2026-10-07 16:16:08,991 INFO o.a.j.t.JMeterThread: Thread is done: GPSVirtuales-ThreadStarter 1-21
2026-10-07 16:16:08,991 INFO o.a.j.t.JMeterThread: Thread finished: GPSVirtuales-ThreadStarter 1-21
2026-10-07 16:16:09,000 INFO k.a.j.t.VariableThroughputTimer: No further RPS schedule, asking threads to stop...
2026-10-07 16:16:09,000 INFO k.a.j.t.VariableThroughputTimer: Tries more than 5, shutting down engine!
2026-10-07 16:16:09,000 INFO o.a.j.t.JMeterThread: Thread is done: GPSVirtuales-ThreadStarter 1-39
2026-10-07 16:16:09,000 INFO o.a.j.t.JMeterThread: Thread finished: GPSVirtuales-ThreadStarter 1-39
2026-10-07 16:16:09,055 INFO o.a.j.t.JMeterThread: Thread is done: GPSVirtuales-ThreadStarter 1-37
2026-10-07 16:16:09,055 INFO o.a.j.t.JMeterThread: Thread finished: GPSVirtuales-ThreadStarter 1-37
2026-10-07 16:16:09,090 INFO o.a.j.t.JMeterThread: Thread is done: GPSVirtuales-ThreadStarter 1-20
2026-10-07 16:16:09,090 INFO o.a.j.t.JMeterThread: Thread finished: GPSVirtuales-ThreadStarter 1-20
2026-10-07 16:16:09,163 INFO o.a.j.t.JMeterThread: Thread is done: GPSVirtuales-ThreadStarter 1-16
2026-10-07 16:16:09,163 INFO o.a.j.t.JMeterThread: Thread finished: GPSVirtuales-ThreadStarter 1-16
2026-10-07 16:16:09,164 INFO o.a.j.t.JMeterThread: Thread is done: GPSVirtuales-ThreadStarter 1-2
2026-10-07 16:16:09,164 INFO o.a.j.t.JMeterThread: Thread finished: GPSVirtuales-ThreadStarter 1-2
2026-10-07 16:16:09,235 INFO o.a.j.t.JMeterThread: Thread is done: GPSVirtuales-ThreadStarter 1-9
2026-10-07 16:16:09,235 INFO o.a.j.t.JMeterThread: Thread finished: GPSVirtuales-ThreadStarter 1-9
2026-10-07 16:16:09,282 INFO o.a.j.t.JMeterThread: Thread is done: GPSVirtuales-ThreadStarter 1-41
2026-10-07 16:16:09,282 INFO o.a.j.t.JMeterThread: Thread finished: GPSVirtuales-ThreadStarter 1-41
2026-10-07 16:16:09,282 INFO o.a.j.t.JMeterThread: Thread is done: GPSVirtuales-ThreadStarter 1-5
2026-10-07 16:16:09,283 INFO o.a.j.t.JMeterThread: Thread finished: GPSVirtuales-ThreadStarter 1-5
2026-10-07 16:16:09,353 INFO o.a.j.t.JMeterThread: Thread is done: GPSVirtuales-ThreadStarter 1-1
2026-10-07 16:16:09,353 INFO o.a.j.t.JMeterThread: Thread finished: GPSVirtuales-ThreadStarter 1-1
2026-10-07 16:16:09,378 INFO o.a.j.t.JMeterThread: Thread is done: GPSVirtuales-ThreadStarter 1-10
2026-10-07 16:16:09,378 INFO o.a.j.t.JMeterThread: Thread finished: GPSVirtuales-ThreadStarter 1-10
2026-10-07 16:16:09,400 INFO o.a.j.t.JMeterThread: Thread is done: GPSVirtuales-ThreadStarter 1-3
2026-10-07 16:16:09,400 INFO o.a.j.t.JMeterThread: Thread finished: GPSVirtuales-ThreadStarter 1-3
2026-10-07 16:16:09,460 INFO o.a.j.t.JMeterThread: Thread is done: GPSVirtuales-ThreadStarter 1-22
2026-10-07 16:16:09,460 INFO o.a.j.t.JMeterThread: Thread finished: GPSVirtuales-ThreadStarter 1-22
2026-10-07 16:16:09,490 INFO o.a.j.t.JMeterThread: Thread is done: GPSVirtuales-ThreadStarter 1-14
2026-10-07 16:16:09,490 INFO o.a.j.t.JMeterThread: Thread finished: GPSVirtuales-ThreadStarter 1-14
2026-10-07 16:16:09,512 INFO o.a.j.t.JMeterThread: Thread is done: GPSVirtuales-ThreadStarter 1-30
2026-10-07 16:16:09,512 INFO o.a.j.t.JMeterThread: Thread finished: GPSVirtuales-ThreadStarter 1-30
2026-10-07 16:16:09,655 INFO o.a.j.t.JMeterThread: Thread is done: GPSVirtuales-ThreadStarter 1-19
2026-10-07 16:16:09,655 INFO o.a.j.t.JMeterThread: Thread finished: GPSVirtuales-ThreadStarter 1-19
2026-10-07 16:16:09,655 INFO o.a.j.t.JMeterThread: Thread is done: GPSVirtuales-ThreadStarter 1-26
2026-10-07 16:16:09,655 INFO o.a.j.t.JMeterThread: Thread finished: GPSVirtuales-ThreadStarter 1-26
2026-10-07 16:16:09,675 INFO o.a.j.t.JMeterThread: Thread is done: GPSVirtuales-ThreadStarter 1-44
2026-10-07 16:16:09,675 INFO o.a.j.t.JMeterThread: Thread finished: GPSVirtuales-ThreadStarter 1-44
2026-10-07 16:16:09,675 INFO o.a.j.t.JMeterThread: Thread is done: GPSVirtuales-ThreadStarter 1-49
2026-10-07 16:16:09,675 INFO o.a.j.t.JMeterThread: Thread finished: GPSVirtuales-ThreadStarter 1-49
2026-10-07 16:16:09,709 INFO o.a.j.t.JMeterThread: Thread is done: GPSVirtuales-ThreadStarter 1-42
2026-10-07 16:16:09,709 INFO o.a.j.t.JMeterThread: Thread finished: GPSVirtuales-ThreadStarter 1-42
2026-10-07 16:16:09,753 INFO o.a.j.t.JMeterThread: Thread is done: GPSVirtuales-ThreadStarter 1-6
2026-10-07 16:16:09,753 INFO o.a.j.t.JMeterThread: Thread finished: GPSVirtuales-ThreadStarter 1-6
2026-10-07 16:16:09,815 INFO o.a.j.t.JMeterThread: Thread is done: GPSVirtuales-ThreadStarter 1-28
2026-10-07 16:16:09,815 INFO o.a.j.t.JMeterThread: Thread finished: GPSVirtuales-ThreadStarter 1-28
2026-10-07 16:16:09,855 INFO o.a.j.t.JMeterThread: Thread is done: GPSVirtuales-ThreadStarter 1-48
2026-10-07 16:16:09,855 INFO o.a.j.t.JMeterThread: Thread finished: GPSVirtuales-ThreadStarter 1-48
2026-10-07 16:16:09,879 INFO o.a.j.t.JMeterThread: Thread is done: GPSVirtuales-ThreadStarter 1-47
2026-10-07 16:16:09,879 INFO o.a.j.t.JMeterThread: Thread finished: GPSVirtuales-ThreadStarter 1-47
2026-10-07 16:16:09,924 INFO o.a.j.t.JMeterThread: Thread is done: GPSVirtuales-ThreadStarter 1-46
2026-10-07 16:16:09,924 INFO o.a.j.t.JMeterThread: Thread finished: GPSVirtuales-ThreadStarter 1-46
2026-10-07 16:16:09,962 INFO o.a.j.t.JMeterThread: Thread is done: GPSVirtuales-ThreadStarter 1-27
2026-10-07 16:16:09,962 INFO o.a.j.t.JMeterThread: Thread finished: GPSVirtuales-ThreadStarter 1-27
2026-10-07 16:16:10,000 INFO k.a.j.t.VariableThroughputTimer: No further RPS schedule, asking threads to stop...
2026-10-07 16:16:10,000 INFO k.a.j.t.VariableThroughputTimer: Tries more than 5, shutting down engine!
2026-10-07 16:16:10,000 INFO o.a.j.t.JMeterThread: Thread is done: GPSVirtuales-ThreadStarter 1-30
2026-10-07 16:16:10,000 INFO o.a.j.t.JMeterThread: Thread finished: GPSVirtuales-ThreadStarter 1-30
2026-10-07 16:16:11,000 INFO k.a.j.t.VariableThroughputTimer: No further RPS schedule, asking threads to stop...
2026-10-07 16:16:11,000 INFO k.a.j.t.VariableThroughputTimer: Tries more than 5, shutting down engine!
2026-10-07 16:16:11,000 INFO o.a.j.t.JMeterThread: Thread is done: GPSVirtuales-ThreadStarter 1-27
2026-10-07 16:16:11,000 INFO o.a.j.t.JMeterThread: Thread finished: GPSVirtuales-ThreadStarter 1-27
2026-10-07 16:16:12,000 INFO k.a.j.t.VariableThroughputTimer: No further RPS schedule, asking threads to stop...
2026-10-07 16:16:12,000 INFO k.a.j.t.VariableThroughputTimer: Tries more than 5, shutting down engine!
2026-10-07 16:16:12,000 INFO o.a.j.t.JMeterThread: Thread is done: GPSVirtuales-ThreadStarter 1-13
2026-10-07 16:16:12,000 INFO o.a.j.t.JMeterThread: Thread finished: GPSVirtuales-ThreadStarter 1-13
2026-10-07 16:16:13,000 INFO k.a.j.t.VariableThroughputTimer: No further RPS schedule, asking threads to stop...
2026-10-07 16:16:13,000 INFO k.a.j.t.VariableThroughputTimer: Tries more than 10, stopping engine NOW!
2026-10-07 16:16:13,000 INFO o.a.j.t.JMeterThread: Thread is done: GPSVirtuales-ThreadStarter 1-38
2026-10-07 16:16:13,000 INFO o.a.j.t.JMeterThread: Thread finished: GPSVirtuales-ThreadStarter 1-38
2026-10-07 16:16:13,637 INFO o.a.j.t.JMeterThread: Stopping: GPSVirtuales-ThreadStarter 1-43
2026-10-07 16:16:14,000 INFO k.a.j.t.VariableThroughputTimer: No further RPS schedule, asking threads to stop...
2026-10-07 16:16:14,000 INFO k.a.j.t.VariableThroughputTimer: Tries more than 10, stopping engine NOW!
2026-10-07 16:16:14,000 INFO o.a.j.t.JMeterThread: Thread is done: GPSVirtuales-ThreadStarter 1-8
2026-10-07 16:16:14,000 INFO o.a.j.t.JMeterThread: Thread finished: GPSVirtuales-ThreadStarter 1-8
2026-10-07 16:16:14,500 INFO o.a.j.t.JMeterThread: Thread is done: GPSVirtuales-ThreadStarter 1-5
2026-10-07 16:16:14,500 INFO o.a.j.t.JMeterThread: Thread finished: GPSVirtuales-ThreadStarter 1-5
2026-10-07 16:16:15,000 INFO k.a.j.t.VariableThroughputTimer: No further RPS schedule, asking threads to stop...
2026-10-07 16:16:15,000 INFO k.a.j.t.VariableThroughputTimer: Tries more than 10, stopping engine NOW!
2026-10-07 16:16:15,000 INFO o.a.j.t.JMeterThread: Thread is done: GPSVirtuales-ThreadStarter 1-37
2026-10-07 16:16:15,000 INFO o.a.j.t.JMeterThread: Thread finished: GPSVirtuales-ThreadStarter 1-37
2026-10-07 16:16:15,250 INFO o.a.j.t.JMeterThread: Thread is done: GPSVirtuales-ThreadStarter 1-10
2026-10-07 16:16:15,250 INFO o.a.j.t.JMeterThread: Thread finished: GPSVirtuales-ThreadStarter 1-10
2026-10-07 16:16:15,500 INFO o.a.j.t.JMeterThread: Thread is done: GPSVirtuales-ThreadStarter 1-23
2026-10-07 16:16:15,500 INFO o.a.j.t.JMeterThread: Thread finished: GPSVirtuales-ThreadStarter 1-23
2026-10-07 16:16:15,750 INFO o.a.j.t.JMeterThread: Thread is done: GPSVirtuales-ThreadStarter 1-1
2026-10-07 16:16:15,750 INFO o.a.j.t.JMeterThread: Thread finished: GPSVirtuales-ThreadStarter 1-1
2026-10-07 16:16:16,000 INFO k.a.j.t.VariableThroughputTimer: No further RPS schedule, asking threads to stop...
2026-10-07 16:16:16,000 INFO k.a.j.t.VariableThroughputTimer: Tries more than 10, stopping engine NOW!
2026-10-07 16:16:16,000 INFO o.a.j.t.JMeterThread: Thread is done: GPSVirtuales-ThreadStarter 1-15
2026-10-07 16:16:16,000 INFO o.a.j.t.JMeterThread: Thread finished: GPSVirtuales-ThreadStarter 1-15
2026-10-07 16:16:16,125 INFO o.a.j.t.JMeterThread: Thread is done: GPSVirtuales-ThreadStarter 1-3
2026-10-07 16:16:16,125 INFO o.a.j.t.JMeterThread: Thread finished: GPSVirtuales-ThreadStarter 1-3
2026-10-07 16:16:16,250 INFO o.a.j.t.JMeterThread: Thread is done: GPSVirtuales-ThreadStarter 1-45
2026-10-07 16:16:16,250 INFO o.a.j.t.JMeterThread: Thread finished: GPSVirtuales-ThreadStarter 1-45
2026-10-07 16:16:16,375 INFO o.a.j.t.JMeterThread: Thread is done: GPSVirtuales-ThreadStarter 1-6
2026-10-07 16:16:16,375 INFO o.a.j.t.JMeterThread: Thread finished: GPSVirtuales-ThreadStarter 1-6
2026-10-07 16:16:16,500 INFO o.a.j.t.JMeterThread: Thread is done: GPSVirtuales-ThreadStarter 1-21
2026-10-07 16:16:16,500 INFO o.a.j.t.JMeterThread: Thread finished: GPSVirtuales-ThreadStarter 1-21
2026-10-07 16:16:16,625 INFO o.a.j.t.JMeterThread: Thread is done: GPSVirtuales-ThreadStarter 1-42
2026-10-07 16:16:16,625 INFO o.a.j.t.JMeterThread: Thread finished: GPSVirtuales-ThreadStarter 1-42
2026-10-07 16:16:16,750 INFO o.a.j.t.JMeterThread: Thread is done: GPSVirtuales-ThreadStarter 1-47
2026-10-07 16:16:16,750 INFO o.a.j.t.JMeterThread: Thread finished: GPSVirtuales-ThreadStarter 1-47
2026-10-07 16:16:16,875 INFO o.a.j.t.JMeterThread: Thread is done: GPSVirtuales-ThreadStarter 1-40
2026-10-07 16:16:16,875 INFO o.a.j.t.JMeterThread: Thread finished: GPSVirtuales-ThreadStarter 1-40
2026-10-07 16:16:17,000 INFO k.a.j.t.VariableThroughputTimer: No further RPS schedule, asking threads to stop...
2026-10-07 16:16:17,000 INFO k.a.j.t.VariableThroughputTimer: Tries more than 10, stopping engine NOW!
2026-10-07 16:16:17,000 INFO o.a.j.t.JMeterThread: Thread is done: GPSVirtuales-ThreadStarter 1-14
2026-10-07 16:16:17,000 INFO o.a.j.t.JMeterThread: Thread finished: GPSVirtuales-ThreadStarter 1-14
2026-10-07 16:16:17,063 INFO o.a.j.t.JMeterThread: Thread is done: GPSVirtuales-ThreadStarter 1-20
2026-10-07 16:16:17,063 INFO o.a.j.t.JMeterThread: Thread finished: GPSVirtuales-ThreadStarter 1-20
2026-10-07 16:16:17,125 INFO o.a.j.t.JMeterThread: Thread is done: GPSVirtuales-ThreadStarter 1-29
2026-10-07 16:16:17,125 INFO o.a.j.t.JMeterThread: Thread finished: GPSVirtuales-ThreadStarter 1-29
2026-10-07 16:16:17,188 INFO o.a.j.t.JMeterThread: Thread is done: GPSVirtuales-ThreadStarter 1-12
2026-10-07 16:16:17,188 INFO o.a.j.t.JMeterThread: Thread finished: GPSVirtuales-ThreadStarter 1-12
2026-10-07 16:16:17,250 INFO o.a.j.t.JMeterThread: Thread is done: GPSVirtuales-ThreadStarter 1-44
2026-10-07 16:16:17,250 INFO o.a.j.t.JMeterThread: Thread finished: GPSVirtuales-ThreadStarter 1-44
2026-10-07 16:16:17,313 INFO o.a.j.t.JMeterThread: Thread is done: GPSVirtuales-ThreadStarter 1-46
2026-10-07 16:16:17,313 INFO o.a.j.t.JMeterThread: Thread finished: GPSVirtuales-ThreadStarter 1-46
2026-10-07 16:16:17,375 INFO o.a.j.t.JMeterThread: Thread is done: GPSVirtuales-ThreadStarter 1-18
2026-10-07 16:16:17,375 INFO o.a.j.t.JMeterThread: Thread finished: GPSVirtuales-ThreadStarter 1-18
2026-10-07 16:16:17,438 INFO o.a.j.t.JMeterThread: Thread is done: GPSVirtuales-ThreadStarter 1-33
2026-10-07 16:16:17,438 INFO o.a.j.t.JMeterThread: Thread finished: GPSVirtuales-ThreadStarter 1-33
2026-10-07 16:16:17,500 INFO o.a.j.t.JMeterThread: Thread is done: GPSVirtuales-ThreadStarter 1-17
2026-10-07 16:16:17,500 INFO o.a.j.t.JMeterThread: Thread finished: GPSVirtuales-ThreadStarter 1-17
2026-10-07 16:16:17,563 INFO o.a.j.t.JMeterThread: Thread is done: GPSVirtuales-ThreadStarter 1-7
2026-10-07 16:16:17,563 INFO o.a.j.t.JMeterThread: Thread finished: GPSVirtuales-ThreadStarter 1-7
2026-10-07 16:16:17,625 INFO o.a.j.t.JMeterThread: Thread is done: GPSVirtuales-ThreadStarter 1-22
2026-10-07 16:16:17,625 INFO o.a.j.t.JMeterThread: Thread finished: GPSVirtuales-ThreadStarter 1-22
2026-10-07 16:16:17,688 INFO o.a.j.t.JMeterThread: Thread is done: GPSVirtuales-ThreadStarter 1-41
2026-10-07 16:16:17,688 INFO o.a.j.t.JMeterThread: Thread finished: GPSVirtuales-ThreadStarter 1-41
2026-10-07 16:16:17,750 INFO o.a.j.t.JMeterThread: Thread is done: GPSVirtuales-ThreadStarter 1-19
2026-10-07 16:16:17,750 INFO o.a.j.t.JMeterThread: Thread finished: GPSVirtuales-ThreadStarter 1-19
2026-10-07 16:16:17,813 INFO o.a.j.t.JMeterThread: Thread is done: GPSVirtuales-ThreadStarter 1-35
2026-10-07 16:16:17,813 INFO o.a.j.t.JMeterThread: Thread finished: GPSVirtuales-ThreadStarter 1-35
2026-10-07 16:16:17,875 INFO o.a.j.t.JMeterThread: Thread is done: GPSVirtuales-ThreadStarter 1-25
2026-10-07 16:16:17,875 INFO o.a.j.t.JMeterThread: Thread finished: GPSVirtuales-ThreadStarter 1-25
2026-10-07 16:16:17,875 ERROR o.a.j.u.JMeterUtils: One or more test threads won't exit; see log file.
2026-10-07 16:16:17,938 INFO o.a.j.t.JMeterThread: Thread is done: GPSVirtuales-ThreadStarter 1-43
2026-10-07 16:16:17,938 INFO o.a.j.t.JMeterThread: Thread finished: GPSVirtuales-ThreadStarter 1-43
2026-10-07 16:16:18,000 INFO k.a.j.t.VariableThroughputTimer: No further RPS schedule, asking threads to stop...
2026-10-07 16:16:18,000 INFO k.a.j.t.VariableThroughputTimer: Tries more than 10, stopping engine NOW!
2026-10-07 16:16:18,000 WARN k.a.j.t.VariableThroughputTimer: No free threads available in current Thread Group GPSVirtuales, made 16 samples/s for expected rps 32.0 samples/s, increase your number of threads
2026-10-07 16:16:18,000 INFO o.a.j.t.JMeterThread: Thread is done: GPSVirtuales-ThreadStarter 1-34
2026-10-07 16:16:18,000 INFO o.a.j.t.JMeterThread: Thread finished: GPSVirtuales-ThreadStarter 1-34
2026-10-07 16:24:21,666 INFO o.a.j.e.StandardJMeterEngine: Running the test!
2026-10-07 16:24:21,669 INFO o.a.j.s.SampleEvent: List of sample_variables: []
2026-10-07 16:24:21,672 WARN o.a.j.r.ResultCollector: Error creating directories for /Users/familia/Documents/IT4ALL/Test/WARENA/Referencia
2026-10-07 16:24:21,675 WARN o.a.j.r.ResultCollector: Error creating directories for /Users/familia/Documents/IT4ALL/Test/WARENA/Referencia
2026-10-07 16:24:21,676 INFO o.a.j.g.u.JMeterMenuBar: setRunning(true, *local*)
2026-10-07 16:24:21,713 INFO o.a.j.e.StandardJMeterEngine: Starting ThreadGroup: 1 : GPSVirtuales
2026-10-07 16:24:21,713 INFO o.a.j.e.StandardJMeterEngine: Starting 50 threads for group GPSVirtuales.
2026-10-07 16:24:21,713 INFO o.a.j.e.StandardJMeterEngine: Thread will continue on error
2026-10-07 16:24:21,713 INFO o.a.j.e.StandardJMeterEngine: All thread groups have been started
2026-10-07 16:24:21,713 INFO c.b.j.t.c.ConcurrencyThreadStarter: Start supplying threads
2026-10-07 16:24:21,714 INFO o.a.j.t.JMeterThread: Thread started: GPSVirtuales-ThreadStarter 1-2
2026-10-07 16:24:21,714 INFO o.a.j.t.JMeterThread: Thread started: GPSVirtuales-ThreadStarter 1-1
2026-10-07 16:24:21,714 INFO o.a.j.s.FileServer: Stored: /Users/carlos.jimenez/Documents/carga/traccar-gps/datos_positions_user_carlos.csv
2026-10-07 16:24:21,714 INFO o.a.j.t.JMeterThread: Thread started: GPSVirtuales-ThreadStarter 1-3
2026-10-07 16:24:21,714 INFO o.a.j.t.JMeterThread: Thread started: GPSVirtuales-ThreadStarter 1-4
2026-10-07 16:24:21,714 INFO o.a.j.t.JMeterThread: Thread started: GPSVirtuales-ThreadStarter 1-5
2026-10-07 16:24:21,715 INFO o.a.j.t.JMeterThread: Thread started: GPSVirtuales-ThreadStarter 1-7
2026-10-07 16:24:21,715 INFO o.a.j.t.JMeterThread: Thread started: GPSVirtuales-ThreadStarter 1-6
2026-10-07 16:24:21,715 INFO o.a.j.t.JMeterThread: Thread started: GPSVirtuales-ThreadStarter 1-9
2026-10-07 16:24:21,715 INFO o.a.j.t.JMeterThread: Thread started: GPSVirtuales-ThreadStarter 1-8
2026-10-07 16:24:21,715 INFO o.a.j.t.JMeterThread: Thread started: GPSVirtuales-ThreadStarter 1-10
2026-10-07 16:24:21,715 INFO o.a.j.t.JMeterThread: Thread started: GPSVirtuales-ThreadStarter 1-11
2026-10-07 16:24:21,716 INFO o.a.j.t.JMeterThread: Thread started: GPSVirtuales-ThreadStarter 1-12
2026-10-07 16:24:21,716 INFO o.a.j.t.JMeterThread: Thread started: GPSVirtuales-ThreadStarter 1-13
2026-10-07 16:24:21,716 INFO o.a.j.t.JMeterThread: Thread started: GPSVirtuales-ThreadStarter 1-14
2026-10-07 16:24:21,716 INFO o.a.j.t.JMeterThread: Thread started: GPSVirtuales-ThreadStarter 1-15
2026-10-07 16:24:21,717 INFO o.a.j.t.JMeterThread: Thread started: GPSVirtuales-ThreadStarter 1-16
2026-10-07 16:24:21,717 INFO o.a.j.t.JMeterThread: Thread started: GPSVirtuales-ThreadStarter 1-17
2026-10-07 16:24:21,717 INFO o.a.j.t.JMeterThread: Thread started: GPSVirtuales-ThreadStarter 1-18
2026-10-07 16:24:21,717 INFO o.a.j.t.JMeterThread: Thread started: GPSVirtuales-ThreadStarter 1-19
2026-10-07 16:24:21,718 INFO o.a.j.t.JMeterThread: Thread started: GPSVirtuales-ThreadStarter 1-20
2026-10-07 16:24:21,718 INFO o.a.j.t.JMeterThread: Thread started: GPSVirtuales-ThreadStarter 1-21
2026-10-07 16:24:21,718 INFO o.a.j.t.JMeterThread: Thread started: GPSVirtuales-ThreadStarter 1-22
2026-10-07 16:24:21,718 INFO o.a.j.t.JMeterThread: Thread started: GPSVirtuales-ThreadStarter 1-24
2026-10-07 16:24:21,718 INFO o.a.j.t.JMeterThread: Thread started: GPSVirtuales-ThreadStarter 1-23
2026-10-07 16:24:21,718 INFO o.a.j.t.JMeterThread: Thread started: GPSVirtuales-ThreadStarter 1-25
2026-10-07 16:24:21,719 INFO o.a.j.t.JMeterThread: Thread started: GPSVirtuales-ThreadStarter 1-26
2026-10-07 16:24:21,719 INFO o.a.j.t.JMeterThread: Thread started: GPSVirtuales-ThreadStarter 1-27
2026-10-07 16:24:21,719 INFO o.a.j.t.JMeterThread: Thread started: GPSVirtuales-ThreadStarter 1-28
2026-10-07 16:24:21,719 INFO o.a.j.t.JMeterThread: Thread started: GPSVirtuales-ThreadStarter 1-29
2026-10-07 16:24:21,719 INFO o.a.j.t.JMeterThread: Thread started: GPSVirtuales-ThreadStarter 1-30
2026-10-07 16:24:21,719 INFO o.a.j.t.JMeterThread: Thread started: GPSVirtuales-ThreadStarter 1-31
2026-10-07 16:24:21,719 INFO o.a.j.t.JMeterThread: Thread started: GPSVirtuales-ThreadStarter 1-32
2026-10-07 16:24:21,719 INFO o.a.j.t.JMeterThread: Thread started: GPSVirtuales-ThreadStarter 1-33
2026-10-07 16:24:21,720 INFO o.a.j.t.JMeterThread: Thread started: GPSVirtuales-ThreadStarter 1-34
2026-10-07 16:24:21,720 INFO o.a.j.t.JMeterThread: Thread started: GPSVirtuales-ThreadStarter 1-35
2026-10-07 16:24:21,720 INFO o.a.j.t.JMeterThread: Thread started: GPSVirtuales-ThreadStarter 1-36
2026-10-07 16:24:21,720 INFO o.a.j.t.JMeterThread: Thread started: GPSVirtuales-ThreadStarter 1-37
2026-10-07 16:24:21,721 INFO o.a.j.t.JMeterThread: Thread started: GPSVirtuales-ThreadStarter 1-38
2026-10-07 16:24:21,721 INFO o.a.j.t.JMeterThread: Thread started: GPSVirtuales-ThreadStarter 1-39
2026-10-07 16:24:21,721 INFO o.a.j.t.JMeterThread: Thread started: GPSVirtuales-ThreadStarter 1-40
2026-10-07 16:24:21,721 INFO o.a.j.t.JMeterThread: Thread started: GPSVirtuales-ThreadStarter 1-41
2026-10-07 16:24:21,722 INFO o.a.j.t.JMeterThread: Thread started: GPSVirtuales-ThreadStarter 1-42
2026-10-07 16:24:21,722 INFO o.a.j.t.JMeterThread: Thread started: GPSVirtuales-ThreadStarter 1-43
2026-10-07 16:24:21,723 INFO o.a.j.t.JMeterThread: Thread started: GPSVirtuales-ThreadStarter 1-44
2026-10-07 16:24:21,723 INFO o.a.j.t.JMeterThread: Thread started: GPSVirtuales-ThreadStarter 1-45
2026-10-07 16:24:21,723 INFO o.a.j.t.JMeterThread: Thread started: GPSVirtuales-ThreadStarter 1-46
2026-10-07 16:24:21,723 INFO o.a.j.t.JMeterThread: Thread started: GPSVirtuales-ThreadStarter 1-47
2026-10-07 16:24:21,724 INFO o.a.j.t.JMeterThread: Thread started: GPSVirtuales-ThreadStarter 1-48
2026-10-07 16:24:21,724 INFO o.a.j.t.JMeterThread: Thread started: GPSVirtuales-ThreadStarter 1-49
2026-10-07 16:24:21,725 INFO o.a.j.t.JMeterThread: Thread started: GPSVirtuales-ThreadStarter 1-50
2026-10-07 16:24:21,734 WARN k.a.j.t.VariableThroughputTimer: No free threads available in current Thread Group GPSVirtuales, made 0 samples/s for expected rps 25.0 samples/s, increase your number of threads
2026-10-07 16:29:50,463 INFO o.a.j.g.a.Start: Stopping test
2026-10-07 16:29:50,483 INFO c.b.j.t.c.ConcurrencyThreadStarter: Done supplying threads
2026-10-07 16:29:50,483 INFO o.a.j.t.JMeterThread: Stopping: GPSVirtuales-ThreadStarter 1-17
2026-10-07 16:29:50,484 INFO o.a.j.t.JMeterThread: Stopping: GPSVirtuales-ThreadStarter 1-38
2026-10-07 16:29:50,484 INFO o.a.j.t.JMeterThread: Stopping: GPSVirtuales-ThreadStarter 1-45
2026-10-07 16:29:50,484 INFO o.a.j.t.JMeterThread: Stopping: GPSVirtuales-ThreadStarter 1-13
2026-10-07 16:29:50,484 INFO o.a.j.t.JMeterThread: Stopping: GPSVirtuales-ThreadStarter 1-7
2026-10-07 16:29:50,484 INFO o.a.j.t.JMeterThread: Stopping: GPSVirtuales-ThreadStarter 1-3
2026-10-07 16:29:50,484 INFO o.a.j.t.JMeterThread: Stopping: GPSVirtuales-ThreadStarter 1-19
2026-10-07 16:29:50,484 INFO o.a.j.t.JMeterThread: Stopping: GPSVirtuales-ThreadStarter 1-22
2026-10-07 16:29:50,484 INFO o.a.j.t.JMeterThread: Stopping: GPSVirtuales-ThreadStarter 1-1
2026-10-07 16:29:50,484 INFO o.a.j.t.JMeterThread: Stopping: GPSVirtuales-ThreadStarter 1-33
2026-10-07 16:29:50,484 INFO o.a.j.t.JMeterThread: Stopping: GPSVirtuales-ThreadStarter 1-46
2026-10-07 16:29:50,484 INFO o.a.j.t.JMeterThread: Stopping: GPSVirtuales-ThreadStarter 1-34
2026-10-07 16:29:50,484 INFO o.a.j.t.JMeterThread: Stopping: GPSVirtuales-ThreadStarter 1-10
2026-10-07 16:29:50,484 INFO o.a.j.t.JMeterThread: Stopping: GPSVirtuales-ThreadStarter 1-4
2026-10-07 16:29:50,484 INFO o.a.j.t.JMeterThread: Stopping: GPSVirtuales-ThreadStarter 1-12
2026-10-07 16:29:50,484 INFO o.a.j.t.JMeterThread: Stopping: GPSVirtuales-ThreadStarter 1-43
2026-10-07 16:29:50,484 INFO o.a.j.t.JMeterThread: Stopping: GPSVirtuales-ThreadStarter 1-2
2026-10-07 16:29:50,484 INFO o.a.j.t.JMeterThread: Stopping: GPSVirtuales-ThreadStarter 1-27
2026-10-07 16:29:50,484 INFO o.a.j.t.JMeterThread: Stopping: GPSVirtuales-ThreadStarter 1-48
2026-10-07 16:29:50,484 INFO o.a.j.t.JMeterThread: Stopping: GPSVirtuales-ThreadStarter 1-15
2026-10-07 16:29:50,484 INFO o.a.j.t.JMeterThread: Stopping: GPSVirtuales-ThreadStarter 1-14
2026-10-07 16:29:50,484 INFO o.a.j.t.JMeterThread: Stopping: GPSVirtuales-ThreadStarter 1-39
2026-10-07 16:29:50,484 INFO o.a.j.t.JMeterThread: Stopping: GPSVirtuales-ThreadStarter 1-30
2026-10-07 16:29:50,484 INFO o.a.j.t.JMeterThread: Stopping: GPSVirtuales-ThreadStarter 1-18
2026-10-07 16:29:50,484 INFO o.a.j.t.JMeterThread: Stopping: GPSVirtuales-ThreadStarter 1-8
2026-10-07 16:29:50,484 INFO o.a.j.t.JMeterThread: Stopping: GPSVirtuales-ThreadStarter 1-9
2026-10-07 16:29:50,484 INFO o.a.j.t.JMeterThread: Stopping: GPSVirtuales-ThreadStarter 1-21
2026-10-07 16:29:50,484 INFO o.a.j.t.JMeterThread: Stopping: GPSVirtuales-ThreadStarter 1-26
2026-10-07 16:29:50,484 INFO o.a.j.t.JMeterThread: Stopping: GPSVirtuales-ThreadStarter 1-29
2026-10-07 16:29:50,484 INFO o.a.j.t.JMeterThread: Stopping: GPSVirtuales-ThreadStarter 1-28
2026-10-07 16:29:50,484 INFO o.a.j.t.JMeterThread: Stopping: GPSVirtuales-ThreadStarter 1-35
2026-10-07 16:29:50,484 INFO o.a.j.t.JMeterThread: Stopping: GPSVirtuales-ThreadStarter 1-44
2026-10-07 16:29:50,484 INFO o.a.j.t.JMeterThread: Stopping: GPSVirtuales-ThreadStarter 1-50
2026-10-07 16:29:50,484 INFO o.a.j.t.JMeterThread: Stopping: GPSVirtuales-ThreadStarter 1-6
2026-10-07 16:29:50,484 INFO o.a.j.t.JMeterThread: Stopping: GPSVirtuales-ThreadStarter 1-16
2026-10-07 16:29:50,484 INFO o.a.j.t.JMeterThread: Stopping: GPSVirtuales-ThreadStarter 1-23
2026-10-07 16:29:50,484 INFO o.a.j.t.JMeterThread: Stopping: GPSVirtuales-ThreadStarter 1-36
2026-10-07 16:29:50,484 INFO o.a.j.t.JMeterThread: Stopping: GPSVirtuales-ThreadStarter 1-31
2026-10-07 16:29:50,484 INFO o.a.j.t.JMeterThread: Stopping: GPSVirtuales-ThreadStarter 1-37
2026-10-07 16:29:50,484 INFO o.a.j.t.JMeterThread: Stopping: GPSVirtuales-ThreadStarter 1-40
2026-10-07 16:29:50,484 INFO o.a.j.t.JMeterThread: Stopping: GPSVirtuales-ThreadStarter 1-49
2026-10-07 16:29:50,484 INFO o.a.j.t.JMeterThread: Stopping: GPSVirtuales-ThreadStarter 1-32
2026-10-07 16:29:50,484 INFO o.a.j.t.JMeterThread: Stopping: GPSVirtuales-ThreadStarter 1-5
2026-10-07 16:29:50,484 INFO o.a.j.t.JMeterThread: Stopping: GPSVirtuales-ThreadStarter 1-25
2026-10-07 16:29:50,484 INFO o.a.j.t.JMeterThread: Stopping: GPSVirtuales-ThreadStarter 1-47
2026-10-07 16:29:50,484 INFO o.a.j.t.JMeterThread: Stopping: GPSVirtuales-ThreadStarter 1-11
2026-10-07 16:29:50,484 INFO o.a.j.t.JMeterThread: Stopping: GPSVirtuales-ThreadStarter 1-24
2026-10-07 16:29:50,484 INFO o.a.j.t.JMeterThread: Stopping: GPSVirtuales-ThreadStarter 1-42
2026-10-07 16:29:50,484 INFO o.a.j.t.JMeterThread: Stopping: GPSVirtuales-ThreadStarter 1-41
2026-10-07 16:29:50,484 INFO o.a.j.t.JMeterThread: Stopping: GPSVirtuales-ThreadStarter 1-20
2026-10-07 16:29:52,146 INFO o.a.j.e.StandardJMeterEngine: Notifying test listeners of end of test
2026-10-07 16:29:52,146 INFO o.a.j.s.FileServer: Close: /Users/carlos.jimenez/Documents/carga/traccar-gps/datos_positions_user_carlos.csv
2026-10-07 16:29:52,148 INFO o.a.j.g.u.JMeterMenuBar: setRunning(false, *local*)
2026-10-07 16:29:53,961 INFO o.a.j.e.StandardJMeterEngine: Running the test!
2026-10-07 16:29:53,961 INFO o.a.j.s.SampleEvent: List of sample_variables: []
2026-10-07 16:29:53,965 WARN o.a.j.r.ResultCollector: Error creating directories for /Users/familia/Documents/IT4ALL/Test/WARENA/Referencia
2026-10-07 16:29:53,966 WARN o.a.j.r.ResultCollector: Error creating directories for /Users/familia/Documents/IT4ALL/Test/WARENA/Referencia
2026-10-07 16:29:53,966 INFO o.a.j.g.u.JMeterMenuBar: setRunning(true, *local*)
2026-10-07 16:29:54,004 INFO o.a.j.e.StandardJMeterEngine: Starting ThreadGroup: 1 : GPSVirtuales
2026-10-07 16:29:54,005 INFO o.a.j.e.StandardJMeterEngine: Starting 50 threads for group GPSVirtuales.
2026-10-07 16:29:54,005 INFO o.a.j.e.StandardJMeterEngine: Thread will continue on error
2026-10-07 16:29:54,005 INFO o.a.j.e.StandardJMeterEngine: All thread groups have been started
2026-10-07 16:29:54,005 INFO c.b.j.t.c.ConcurrencyThreadStarter: Start supplying threads
2026-10-07 16:29:54,006 INFO o.a.j.t.JMeterThread: Thread started: GPSVirtuales-ThreadStarter 1-2
2026-10-07 16:29:54,006 INFO o.a.j.t.JMeterThread: Thread started: GPSVirtuales-ThreadStarter 1-1
2026-10-07 16:29:54,006 INFO o.a.j.t.JMeterThread: Thread started: GPSVirtuales-ThreadStarter 1-3
2026-10-07 16:29:54,006 INFO o.a.j.s.FileServer: Stored: /Users/carlos.jimenez/Documents/carga/traccar-gps/datos_positions_user_carlos.csv
2026-10-07 16:29:54,006 INFO o.a.j.t.JMeterThread: Thread started: GPSVirtuales-ThreadStarter 1-4
2026-10-07 16:29:54,006 INFO o.a.j.t.JMeterThread: Thread started: GPSVirtuales-ThreadStarter 1-5
2026-10-07 16:29:54,006 INFO o.a.j.t.JMeterThread: Thread started: GPSVirtuales-ThreadStarter 1-6
2026-10-07 16:29:54,006 INFO o.a.j.t.JMeterThread: Thread started: GPSVirtuales-ThreadStarter 1-7
2026-10-07 16:29:54,006 INFO o.a.j.t.JMeterThread: Thread started: GPSVirtuales-ThreadStarter 1-8
2026-10-07 16:29:54,006 INFO o.a.j.t.JMeterThread: Thread started: GPSVirtuales-ThreadStarter 1-9
2026-10-07 16:29:54,006 INFO o.a.j.t.JMeterThread: Thread started: GPSVirtuales-ThreadStarter 1-10
2026-10-07 16:29:54,007 INFO o.a.j.t.JMeterThread: Thread started: GPSVirtuales-ThreadStarter 1-11
2026-10-07 16:29:54,007 INFO o.a.j.t.JMeterThread: Thread started: GPSVirtuales-ThreadStarter 1-12
2026-10-07 16:29:54,007 INFO o.a.j.t.JMeterThread: Thread started: GPSVirtuales-ThreadStarter 1-14
2026-10-07 16:29:54,007 INFO o.a.j.t.JMeterThread: Thread started: GPSVirtuales-ThreadStarter 1-13
2026-10-07 16:29:54,008 INFO o.a.j.t.JMeterThread: Thread started: GPSVirtuales-ThreadStarter 1-15
2026-10-07 16:29:54,008 INFO o.a.j.t.JMeterThread: Thread started: GPSVirtuales-ThreadStarter 1-16
2026-10-07 16:29:54,008 INFO o.a.j.t.JMeterThread: Thread started: GPSVirtuales-ThreadStarter 1-17
2026-10-07 16:29:54,008 INFO o.a.j.t.JMeterThread: Thread started: GPSVirtuales-ThreadStarter 1-18
2026-10-07 16:29:54,008 INFO o.a.j.t.JMeterThread: Thread started: GPSVirtuales-ThreadStarter 1-19
2026-10-07 16:29:54,008 INFO o.a.j.t.JMeterThread: Thread started: GPSVirtuales-ThreadStarter 1-20
2026-10-07 16:29:54,009 INFO o.a.j.t.JMeterThread: Thread started: GPSVirtuales-ThreadStarter 1-21
2026-10-07 16:29:54,009 INFO o.a.j.t.JMeterThread: Thread started: GPSVirtuales-ThreadStarter 1-22
2026-10-07 16:29:54,009 INFO o.a.j.t.JMeterThread: Thread started: GPSVirtuales-ThreadStarter 1-23
2026-10-07 16:29:54,009 INFO o.a.j.t.JMeterThread: Thread started: GPSVirtuales-ThreadStarter 1-27
2026-10-07 16:29:54,009 INFO o.a.j.t.JMeterThread: Thread started: GPSVirtuales-ThreadStarter 1-26
2026-10-07 16:29:54,009 INFO o.a.j.t.JMeterThread: Thread started: GPSVirtuales-ThreadStarter 1-25
2026-10-07 16:29:54,009 INFO o.a.j.t.JMeterThread: Thread started: GPSVirtuales-ThreadStarter 1-24
2026-10-07 16:29:54,010 INFO o.a.j.t.JMeterThread: Thread started: GPSVirtuales-ThreadStarter 1-28
2026-10-07 16:29:54,010 INFO o.a.j.t.JMeterThread: Thread started: GPSVirtuales-ThreadStarter 1-29
2026-10-07 16:29:54,010 INFO o.a.j.t.JMeterThread: Thread started: GPSVirtuales-ThreadStarter 1-30
2026-10-07 16:29:54,010 INFO o.a.j.t.JMeterThread: Thread started: GPSVirtuales-ThreadStarter 1-31
2026-10-07 16:29:54,011 INFO o.a.j.t.JMeterThread: Thread started: GPSVirtuales-ThreadStarter 1-32
2026-10-07 16:29:54,011 INFO o.a.j.t.JMeterThread: Thread started: GPSVirtuales-ThreadStarter 1-33
2026-10-07 16:29:54,011 INFO o.a.j.t.JMeterThread: Thread started: GPSVirtuales-ThreadStarter 1-34
2026-10-07 16:29:54,011 INFO o.a.j.t.JMeterThread: Thread started: GPSVirtuales-ThreadStarter 1-35
2026-10-07 16:29:54,011 INFO o.a.j.t.JMeterThread: Thread started: GPSVirtuales-ThreadStarter 1-36
2026-10-07 16:29:54,011 INFO o.a.j.t.JMeterThread: Thread started: GPSVirtuales-ThreadStarter 1-37
2026-10-07 16:29:54,011 INFO o.a.j.t.JMeterThread: Thread started: GPSVirtuales-ThreadStarter 1-38
2026-10-07 16:29:54,012 INFO o.a.j.t.JMeterThread: Thread started: GPSVirtuales-ThreadStarter 1-39
2026-10-07 16:29:54,012 INFO o.a.j.t.JMeterThread: Thread started: GPSVirtuales-ThreadStarter 1-40
2026-10-07 16:29:54,012 INFO o.a.j.t.JMeterThread: Thread started: GPSVirtuales-ThreadStarter 1-41
2026-10-07 16:29:54,012 INFO o.a.j.t.JMeterThread: Thread started: GPSVirtuales-ThreadStarter 1-42
2026-10-07 16:29:54,012 INFO o.a.j.t.JMeterThread: Thread started: GPSVirtuales-ThreadStarter 1-43
2026-10-07 16:29:54,012 INFO o.a.j.t.JMeterThread: Thread started: GPSVirtuales-ThreadStarter 1-44
2026-10-07 16:29:54,012 INFO o.a.j.t.JMeterThread: Thread started: GPSVirtuales-ThreadStarter 1-45
2026-10-07 16:29:54,013 INFO o.a.j.t.JMeterThread: Thread started: GPSVirtuales-ThreadStarter 1-46
2026-10-07 16:29:54,013 INFO o.a.j.t.JMeterThread: Thread started: GPSVirtuales-ThreadStarter 1-47
2026-10-07 16:29:54,013 INFO o.a.j.t.JMeterThread: Thread started: GPSVirtuales-ThreadStarter 1-48
2026-10-07 16:29:54,013 INFO o.a.j.t.JMeterThread: Thread started: GPSVirtuales-ThreadStarter 1-49
2026-10-07 16:29:54,013 INFO o.a.j.t.JMeterThread: Thread started: GPSVirtuales-ThreadStarter 1-50
2026-10-07 16:29:54,018 WARN k.a.j.t.VariableThroughputTimer: No free threads available in current Thread Group GPSVirtuales, made 0 samples/s for expected rps 25.0 samples/s, increase your number of threads
2026-10-07 16:29:55,994 INFO o.a.j.t.JMeterThread: Stopping: GPSVirtuales-ThreadStarter 1-17
2026-10-07 16:29:55,995 INFO o.a.j.t.JMeterThread: Thread is done: GPSVirtuales-ThreadStarter 1-17
2026-10-07 16:29:55,995 INFO o.a.j.t.JMeterThread: Thread finished: GPSVirtuales-ThreadStarter 1-17
2026-10-07 16:30:00,996 INFO o.a.j.t.JMeterThread: Stopping: GPSVirtuales-ThreadStarter 1-38
2026-10-07 16:30:00,997 INFO o.a.j.t.JMeterThread: Thread is done: GPSVirtuales-ThreadStarter 1-38
2026-10-07 16:30:00,997 INFO o.a.j.t.JMeterThread: Thread finished: GPSVirtuales-ThreadStarter 1-38
2026-10-07 16:30:05,998 INFO o.a.j.t.JMeterThread: Stopping: GPSVirtuales-ThreadStarter 1-45
2026-10-07 16:30:05,999 INFO o.a.j.t.JMeterThread: Thread is done: GPSVirtuales-ThreadStarter 1-45
2026-10-07 16:30:05,999 INFO o.a.j.t.JMeterThread: Thread finished: GPSVirtuales-ThreadStarter 1-45
2026-10-07 16:30:11,003 INFO o.a.j.t.JMeterThread: Stopping: GPSVirtuales-ThreadStarter 1-13
2026-10-07 16:30:11,003 INFO o.a.j.t.JMeterThread: Thread is done: GPSVirtuales-ThreadStarter 1-13
2026-10-07 16:30:11,004 INFO o.a.j.t.JMeterThread: Thread finished: GPSVirtuales-ThreadStarter 1-13
2026-10-07 16:30:16,004 INFO o.a.j.t.JMeterThread: Stopping: GPSVirtuales-ThreadStarter 1-7
2026-10-07 16:30:16,005 INFO o.a.j.t.JMeterThread: Thread is done: GPSVirtuales-ThreadStarter 1-7
2026-10-07 16:30:16,005 INFO o.a.j.t.JMeterThread: Thread finished: GPSVirtuales-ThreadStarter 1-7
2026-10-07 16:30:21,005 INFO o.a.j.t.JMeterThread: Stopping: GPSVirtuales-ThreadStarter 1-3
2026-10-07 16:30:21,005 INFO o.a.j.t.JMeterThread: Thread is done: GPSVirtuales-ThreadStarter 1-3
2026-10-07 16:30:21,005 INFO o.a.j.t.JMeterThread: Thread finished: GPSVirtuales-ThreadStarter 1-3
2026-10-07 16:30:26,010 INFO o.a.j.t.JMeterThread: Stopping: GPSVirtuales-ThreadStarter 1-19
2026-10-07 16:30:26,011 INFO k.a.j.t.VariableThroughputTimer: No further RPS schedule, asking threads to stop...
2026-10-07 16:30:26,011 INFO k.a.j.t.VariableThroughputTimer: Stopping gracefuly threads of Thread Group : GPSVirtuales
2026-10-07 16:30:26,012 INFO o.a.j.t.JMeterThread: Thread is done: GPSVirtuales-ThreadStarter 1-19
2026-10-07 16:30:26,012 INFO o.a.j.t.JMeterThread: Thread finished: GPSVirtuales-ThreadStarter 1-19
2026-10-07 16:30:27,000 INFO k.a.j.t.VariableThroughputTimer: No further RPS schedule, asking threads to stop...
2026-10-07 16:30:27,000 INFO k.a.j.t.VariableThroughputTimer: Stopping gracefuly threads of Thread Group : GPSVirtuales
2026-10-07 16:30:27,000 INFO o.a.j.t.JMeterThread: Thread is done: GPSVirtuales-ThreadStarter 1-20
2026-10-07 16:30:27,000 INFO o.a.j.t.JMeterThread: Thread finished: GPSVirtuales-ThreadStarter 1-20
2026-10-07 16:30:28,000 INFO k.a.j.t.VariableThroughputTimer: No further RPS schedule, asking threads to stop...
2026-10-07 16:30:28,000 INFO k.a.j.t.VariableThroughputTimer: Stopping gracefuly threads of Thread Group : GPSVirtuales
2026-10-07 16:30:28,000 INFO o.a.j.t.JMeterThread: Thread is done: GPSVirtuales-ThreadStarter 1-41
2026-10-07 16:30:28,000 INFO o.a.j.t.JMeterThread: Thread finished: GPSVirtuales-ThreadStarter 1-41
2026-10-07 16:30:29,000 INFO k.a.j.t.VariableThroughputTimer: No further RPS schedule, asking threads to stop...
2026-10-07 16:30:29,000 INFO k.a.j.t.VariableThroughputTimer: Tries more than 3, hard stopping threads of Thread Group : GPSVirtuales
2026-10-07 16:30:29,000 INFO o.a.j.t.JMeterThread: Stopping: GPSVirtuales-ThreadStarter 1-22
2026-10-07 16:30:29,000 INFO o.a.j.t.JMeterThread: Stopping: GPSVirtuales-ThreadStarter 1-1
2026-10-07 16:30:29,000 INFO o.a.j.t.JMeterThread: Stopping: GPSVirtuales-ThreadStarter 1-33
2026-10-07 16:30:29,000 INFO o.a.j.t.JMeterThread: Stopping: GPSVirtuales-ThreadStarter 1-46
2026-10-07 16:30:29,000 INFO o.a.j.t.JMeterThread: Stopping: GPSVirtuales-ThreadStarter 1-34
2026-10-07 16:30:29,000 INFO o.a.j.t.JMeterThread: Stopping: GPSVirtuales-ThreadStarter 1-10
2026-10-07 16:30:29,000 INFO o.a.j.t.JMeterThread: Stopping: GPSVirtuales-ThreadStarter 1-4
2026-10-07 16:30:29,000 INFO o.a.j.t.JMeterThread: Stopping: GPSVirtuales-ThreadStarter 1-12
2026-10-07 16:30:29,000 INFO o.a.j.t.JMeterThread: Stopping: GPSVirtuales-ThreadStarter 1-43
2026-10-07 16:30:29,000 INFO o.a.j.t.JMeterThread: Stopping: GPSVirtuales-ThreadStarter 1-2
2026-10-07 16:30:29,000 INFO o.a.j.t.JMeterThread: Stopping: GPSVirtuales-ThreadStarter 1-27
2026-10-07 16:30:29,000 INFO o.a.j.t.JMeterThread: Stopping: GPSVirtuales-ThreadStarter 1-48
2026-10-07 16:30:29,000 INFO o.a.j.t.JMeterThread: Stopping: GPSVirtuales-ThreadStarter 1-15
2026-10-07 16:30:29,000 INFO o.a.j.t.JMeterThread: Stopping: GPSVirtuales-ThreadStarter 1-14
2026-10-07 16:30:29,000 INFO o.a.j.t.JMeterThread: Stopping: GPSVirtuales-ThreadStarter 1-39
2026-10-07 16:30:29,000 INFO o.a.j.t.JMeterThread: Stopping: GPSVirtuales-ThreadStarter 1-30
2026-10-07 16:30:29,000 INFO o.a.j.t.JMeterThread: Stopping: GPSVirtuales-ThreadStarter 1-18
2026-10-07 16:30:29,000 INFO o.a.j.t.JMeterThread: Stopping: GPSVirtuales-ThreadStarter 1-8
2026-10-07 16:30:29,000 INFO o.a.j.t.JMeterThread: Stopping: GPSVirtuales-ThreadStarter 1-9
2026-10-07 16:30:29,000 INFO o.a.j.t.JMeterThread: Stopping: GPSVirtuales-ThreadStarter 1-21
2026-10-07 16:30:29,000 INFO o.a.j.t.JMeterThread: Stopping: GPSVirtuales-ThreadStarter 1-26
2026-10-07 16:30:29,000 INFO o.a.j.t.JMeterThread: Stopping: GPSVirtuales-ThreadStarter 1-29
2026-10-07 16:30:29,000 INFO o.a.j.t.JMeterThread: Stopping: GPSVirtuales-ThreadStarter 1-28
2026-10-07 16:30:29,000 INFO o.a.j.t.JMeterThread: Stopping: GPSVirtuales-ThreadStarter 1-35
2026-10-07 16:30:29,000 INFO o.a.j.t.JMeterThread: Stopping: GPSVirtuales-ThreadStarter 1-44
2026-10-07 16:30:29,000 INFO o.a.j.t.JMeterThread: Stopping: GPSVirtuales-ThreadStarter 1-50
2026-10-07 16:30:29,000 INFO o.a.j.t.JMeterThread: Stopping: GPSVirtuales-ThreadStarter 1-6
2026-10-07 16:30:29,000 INFO o.a.j.t.JMeterThread: Stopping: GPSVirtuales-ThreadStarter 1-16
2026-10-07 16:30:29,000 INFO o.a.j.t.JMeterThread: Stopping: GPSVirtuales-ThreadStarter 1-23
2026-10-07 16:30:29,000 INFO o.a.j.t.JMeterThread: Stopping: GPSVirtuales-ThreadStarter 1-36
2026-10-07 16:30:29,000 INFO o.a.j.t.JMeterThread: Stopping: GPSVirtuales-ThreadStarter 1-31
2026-10-07 16:30:29,000 INFO o.a.j.t.JMeterThread: Stopping: GPSVirtuales-ThreadStarter 1-37
2026-10-07 16:30:29,000 INFO o.a.j.t.JMeterThread: Stopping: GPSVirtuales-ThreadStarter 1-40
2026-10-07 16:30:29,000 INFO o.a.j.t.JMeterThread: Stopping: GPSVirtuales-ThreadStarter 1-49
2026-10-07 16:30:29,000 INFO o.a.j.t.JMeterThread: Stopping: GPSVirtuales-ThreadStarter 1-32
2026-10-07 16:30:29,000 INFO o.a.j.t.JMeterThread: Stopping: GPSVirtuales-ThreadStarter 1-5
2026-10-07 16:30:29,000 INFO o.a.j.t.JMeterThread: Stopping: GPSVirtuales-ThreadStarter 1-25
2026-10-07 16:30:29,000 INFO o.a.j.t.JMeterThread: Stopping: GPSVirtuales-ThreadStarter 1-47
2026-10-07 16:30:29,000 INFO o.a.j.t.JMeterThread: Stopping: GPSVirtuales-ThreadStarter 1-11
2026-10-07 16:30:29,000 INFO o.a.j.t.JMeterThread: Stopping: GPSVirtuales-ThreadStarter 1-24
2026-10-07 16:30:29,000 INFO o.a.j.t.JMeterThread: Stopping: GPSVirtuales-ThreadStarter 1-42
2026-10-07 16:30:29,000 INFO o.a.j.t.JMeterThread: Thread is done: GPSVirtuales-ThreadStarter 1-24
2026-10-07 16:30:29,000 INFO o.a.j.t.JMeterThread: Thread finished: GPSVirtuales-ThreadStarter 1-24
2026-10-07 16:30:30,000 INFO k.a.j.t.VariableThroughputTimer: No further RPS schedule, asking threads to stop...
2026-10-07 16:30:30,001 INFO k.a.j.t.VariableThroughputTimer: Tries more than 3, hard stopping threads of Thread Group : GPSVirtuales
2026-10-07 16:30:30,001 INFO o.a.j.t.JMeterThread: Stopping: GPSVirtuales-ThreadStarter 1-22
2026-10-07 16:30:30,001 INFO o.a.j.t.JMeterThread: Stopping: GPSVirtuales-ThreadStarter 1-1
2026-10-07 16:30:30,001 INFO o.a.j.t.JMeterThread: Stopping: GPSVirtuales-ThreadStarter 1-33
2026-10-07 16:30:30,001 INFO o.a.j.t.JMeterThread: Stopping: GPSVirtuales-ThreadStarter 1-46
2026-10-07 16:30:30,001 INFO o.a.j.t.JMeterThread: Stopping: GPSVirtuales-ThreadStarter 1-34
2026-10-07 16:30:30,001 INFO o.a.j.t.JMeterThread: Stopping: GPSVirtuales-ThreadStarter 1-10
2026-10-07 16:30:30,001 INFO o.a.j.t.JMeterThread: Stopping: GPSVirtuales-ThreadStarter 1-4
2026-10-07 16:30:30,001 INFO o.a.j.t.JMeterThread: Stopping: GPSVirtuales-ThreadStarter 1-12
2026-10-07 16:30:30,001 INFO o.a.j.t.JMeterThread: Stopping: GPSVirtuales-ThreadStarter 1-43
2026-10-07 16:30:30,001 INFO o.a.j.t.JMeterThread: Stopping: GPSVirtuales-ThreadStarter 1-2
2026-10-07 16:30:30,001 INFO o.a.j.t.JMeterThread: Stopping: GPSVirtuales-ThreadStarter 1-27
2026-10-07 16:30:30,001 INFO o.a.j.t.JMeterThread: Stopping: GPSVirtuales-ThreadStarter 1-48
2026-10-07 16:30:30,001 INFO o.a.j.t.JMeterThread: Stopping: GPSVirtuales-ThreadStarter 1-15
2026-10-07 16:30:30,001 INFO o.a.j.t.JMeterThread: Stopping: GPSVirtuales-ThreadStarter 1-14
2026-10-07 16:30:30,001 INFO o.a.j.t.JMeterThread: Stopping: GPSVirtuales-ThreadStarter 1-39
2026-10-07 16:30:30,001 INFO o.a.j.t.JMeterThread: Stopping: GPSVirtuales-ThreadStarter 1-30
2026-10-07 16:30:30,001 INFO o.a.j.t.JMeterThread: Stopping: GPSVirtuales-ThreadStarter 1-18
2026-10-07 16:30:30,001 INFO o.a.j.t.JMeterThread: Stopping: GPSVirtuales-ThreadStarter 1-8
2026-10-07 16:30:30,001 INFO o.a.j.t.JMeterThread: Stopping: GPSVirtuales-ThreadStarter 1-9
2026-10-07 16:30:30,001 INFO o.a.j.t.JMeterThread: Stopping: GPSVirtuales-ThreadStarter 1-21
2026-10-07 16:30:30,001 INFO o.a.j.t.JMeterThread: Stopping: GPSVirtuales-ThreadStarter 1-26
2026-10-07 16:30:30,001 INFO o.a.j.t.JMeterThread: Stopping: GPSVirtuales-ThreadStarter 1-29
2026-10-07 16:30:30,001 INFO o.a.j.t.JMeterThread: Stopping: GPSVirtuales-ThreadStarter 1-28
2026-10-07 16:30:30,001 INFO o.a.j.t.JMeterThread: Stopping: GPSVirtuales-ThreadStarter 1-35
2026-10-07 16:30:30,001 INFO o.a.j.t.JMeterThread: Stopping: GPSVirtuales-ThreadStarter 1-44
2026-10-07 16:30:30,001 INFO o.a.j.t.JMeterThread: Stopping: GPSVirtuales-ThreadStarter 1-50
2026-10-07 16:30:30,001 INFO o.a.j.t.JMeterThread: Stopping: GPSVirtuales-ThreadStarter 1-6
2026-10-07 16:30:30,001 INFO o.a.j.t.JMeterThread: Stopping: GPSVirtuales-ThreadStarter 1-16
2026-10-07 16:30:30,001 INFO o.a.j.t.JMeterThread: Stopping: GPSVirtuales-ThreadStarter 1-23
2026-10-07 16:30:30,001 INFO o.a.j.t.JMeterThread: Stopping: GPSVirtuales-ThreadStarter 1-36
2026-10-07 16:30:30,001 INFO o.a.j.t.JMeterThread: Stopping: GPSVirtuales-ThreadStarter 1-31
2026-10-07 16:30:30,001 INFO o.a.j.t.JMeterThread: Stopping: GPSVirtuales-ThreadStarter 1-37
2026-10-07 16:30:30,001 INFO o.a.j.t.JMeterThread: Stopping: GPSVirtuales-ThreadStarter 1-40
2026-10-07 16:30:30,001 INFO o.a.j.t.JMeterThread: Stopping: GPSVirtuales-ThreadStarter 1-49
2026-10-07 16:30:30,001 INFO o.a.j.t.JMeterThread: Stopping: GPSVirtuales-ThreadStarter 1-32
2026-10-07 16:30:30,001 INFO o.a.j.t.JMeterThread: Stopping: GPSVirtuales-ThreadStarter 1-5
2026-10-07 16:30:30,001 INFO o.a.j.t.JMeterThread: Stopping: GPSVirtuales-ThreadStarter 1-25
2026-10-07 16:30:30,001 INFO o.a.j.t.JMeterThread: Stopping: GPSVirtuales-ThreadStarter 1-47
2026-10-07 16:30:30,001 INFO o.a.j.t.JMeterThread: Stopping: GPSVirtuales-ThreadStarter 1-11
2026-10-07 16:30:30,001 INFO o.a.j.t.JMeterThread: Stopping: GPSVirtuales-ThreadStarter 1-42
2026-10-07 16:30:30,002 INFO o.a.j.t.JMeterThread: Thread is done: GPSVirtuales-ThreadStarter 1-42
2026-10-07 16:30:30,002 INFO o.a.j.t.JMeterThread: Thread finished: GPSVirtuales-ThreadStarter 1-42
2026-10-07 16:30:31,000 INFO k.a.j.t.VariableThroughputTimer: No further RPS schedule, asking threads to stop...
2026-10-07 16:30:31,000 INFO k.a.j.t.VariableThroughputTimer: Tries more than 5, shutting down engine!
2026-10-07 16:30:31,000 INFO o.a.j.t.JMeterThread: Thread is done: GPSVirtuales-ThreadStarter 1-11
2026-10-07 16:30:31,000 INFO o.a.j.t.JMeterThread: Thread finished: GPSVirtuales-ThreadStarter 1-11
2026-10-07 16:30:31,000 INFO c.b.j.t.c.ConcurrencyThreadStarter: Done supplying threads
2026-10-07 16:30:31,000 WARN o.a.j.t.JMeterThread: Interrupting: GPSVirtuales-ThreadStarter 1-48 sampler: Set Positions
2026-10-07 16:30:31,001 WARN o.a.j.t.JMeterThread: Interrupting: GPSVirtuales-ThreadStarter 1-7 sampler: Set Positions
2026-10-07 16:30:31,001 WARN o.a.j.t.JMeterThread: Interrupting: GPSVirtuales-ThreadStarter 1-44 sampler: Set Positions
2026-10-07 16:30:31,002 INFO o.a.j.t.JMeterThread: Thread is done: GPSVirtuales-ThreadStarter 1-44
2026-10-07 16:30:31,002 INFO o.a.j.t.JMeterThread: Thread finished: GPSVirtuales-ThreadStarter 1-44
2026-10-07 16:30:31,002 INFO o.a.j.t.JMeterThread: Thread is done: GPSVirtuales-ThreadStarter 1-7
2026-10-07 16:30:31,002 INFO o.a.j.t.JMeterThread: Thread is done: GPSVirtuales-ThreadStarter 1-48
2026-10-07 16:30:31,002 INFO o.a.j.t.JMeterThread: Thread finished: GPSVirtuales-ThreadStarter 1-7
2026-10-07 16:30:31,002 INFO o.a.j.t.JMeterThread: Thread finished: GPSVirtuales-ThreadStarter 1-48
2026-10-07 16:30:31,012 INFO o.a.j.t.JMeterThread: Stopping: GPSVirtuales-ThreadStarter 1-22
2026-10-07 16:30:31,115 INFO o.a.j.t.JMeterThread: Thread is done: GPSVirtuales-ThreadStarter 1-33
2026-10-07 16:30:31,115 INFO o.a.j.t.JMeterThread: Thread finished: GPSVirtuales-ThreadStarter 1-33
2026-10-07 16:30:31,115 INFO o.a.j.e.StandardJMeterEngine: Notifying test listeners of end of test
2026-10-07 16:30:31,115 INFO o.a.j.s.FileServer: Close: /Users/carlos.jimenez/Documents/carga/traccar-gps/datos_positions_user_carlos.csv
2026-10-07 16:30:31,116 INFO o.a.j.g.u.JMeterMenuBar: setRunning(false, *local*)
2026-10-07 16:30:31,187 INFO o.a.j.t.JMeterThread: Thread is done: GPSVirtuales-ThreadStarter 1-37
2026-10-07 16:30:31,187 INFO o.a.j.t.JMeterThread: Thread finished: GPSVirtuales-ThreadStarter 1-37
2026-10-07 16:30:31,193 INFO o.a.j.t.JMeterThread: Thread is done: GPSVirtuales-ThreadStarter 1-18
2026-10-07 16:30:31,193 INFO o.a.j.t.JMeterThread: Thread finished: GPSVirtuales-ThreadStarter 1-18
2026-10-07 16:30:31,276 INFO o.a.j.t.JMeterThread: Thread is done: GPSVirtuales-ThreadStarter 1-13
2026-10-07 16:30:31,276 INFO o.a.j.t.JMeterThread: Thread finished: GPSVirtuales-ThreadStarter 1-13
2026-10-07 16:30:31,281 INFO o.a.j.t.JMeterThread: Thread is done: GPSVirtuales-ThreadStarter 1-12
2026-10-07 16:30:31,281 INFO o.a.j.t.JMeterThread: Thread finished: GPSVirtuales-ThreadStarter 1-12
2026-10-07 16:30:31,369 INFO o.a.j.t.JMeterThread: Thread is done: GPSVirtuales-ThreadStarter 1-15
2026-10-07 16:30:31,369 INFO o.a.j.t.JMeterThread: Thread finished: GPSVirtuales-ThreadStarter 1-15
2026-10-07 16:30:31,370 INFO o.a.j.t.JMeterThread: Thread is done: GPSVirtuales-ThreadStarter 1-28
2026-10-07 16:30:31,370 INFO o.a.j.t.JMeterThread: Thread finished: GPSVirtuales-ThreadStarter 1-28
2026-10-07 16:30:31,410 INFO o.a.j.t.JMeterThread: Thread is done: GPSVirtuales-ThreadStarter 1-22
2026-10-07 16:30:31,410 INFO o.a.j.t.JMeterThread: Thread finished: GPSVirtuales-ThreadStarter 1-22
2026-10-07 16:30:31,486 INFO o.a.j.t.JMeterThread: Thread is done: GPSVirtuales-ThreadStarter 1-17
2026-10-07 16:30:31,486 INFO o.a.j.t.JMeterThread: Thread finished: GPSVirtuales-ThreadStarter 1-17
2026-10-07 16:30:31,487 INFO o.a.j.t.JMeterThread: Thread is done: GPSVirtuales-ThreadStarter 1-25
2026-10-07 16:30:31,487 INFO o.a.j.t.JMeterThread: Thread finished: GPSVirtuales-ThreadStarter 1-25
2026-10-07 16:30:31,522 INFO o.a.j.t.JMeterThread: Thread is done: GPSVirtuales-ThreadStarter 1-34
2026-10-07 16:30:31,522 INFO o.a.j.t.JMeterThread: Thread finished: GPSVirtuales-ThreadStarter 1-34
2026-10-07 16:30:31,590 INFO o.a.j.t.JMeterThread: Thread is done: GPSVirtuales-ThreadStarter 1-31
2026-10-07 16:30:31,590 INFO o.a.j.t.JMeterThread: Thread finished: GPSVirtuales-ThreadStarter 1-31
2026-10-07 16:30:31,592 INFO o.a.j.t.JMeterThread: Thread is done: GPSVirtuales-ThreadStarter 1-42
2026-10-07 16:30:31,592 INFO o.a.j.t.JMeterThread: Thread finished: GPSVirtuales-ThreadStarter 1-42
2026-10-07 16:30:31,633 INFO o.a.j.t.JMeterThread: Thread is done: GPSVirtuales-ThreadStarter 1-3
2026-10-07 16:30:31,633 INFO o.a.j.t.JMeterThread: Thread finished: GPSVirtuales-ThreadStarter 1-3
2026-10-07 16:30:31,699 INFO o.a.j.t.JMeterThread: Thread is done: GPSVirtuales-ThreadStarter 1-30
2026-10-07 16:30:31,699 INFO o.a.j.t.JMeterThread: Thread finished: GPSVirtuales-ThreadStarter 1-30
2026-10-07 16:30:31,720 INFO o.a.j.t.JMeterThread: Thread is done: GPSVirtuales-ThreadStarter 1-43
2026-10-07 16:30:31,720 INFO o.a.j.t.JMeterThread: Thread finished: GPSVirtuales-ThreadStarter 1-43
2026-10-07 16:30:31,763 INFO o.a.j.t.JMeterThread: Thread is done: GPSVirtuales-ThreadStarter 1-39
2026-10-07 16:30:31,763 INFO o.a.j.t.JMeterThread: Thread finished: GPSVirtuales-ThreadStarter 1-39
2026-10-07 16:30:31,811 INFO o.a.j.t.JMeterThread: Thread is done: GPSVirtuales-ThreadStarter 1-9
2026-10-07 16:30:31,811 INFO o.a.j.t.JMeterThread: Thread finished: GPSVirtuales-ThreadStarter 1-9
2026-10-07 16:30:31,866 INFO o.a.j.t.JMeterThread: Thread is done: GPSVirtuales-ThreadStarter 1-19
2026-10-07 16:30:31,866 INFO o.a.j.t.JMeterThread: Thread finished: GPSVirtuales-ThreadStarter 1-19
2026-10-07 16:30:31,870 INFO o.a.j.t.JMeterThread: Thread is done: GPSVirtuales-ThreadStarter 1-26
2026-10-07 16:30:31,870 INFO o.a.j.t.JMeterThread: Thread finished: GPSVirtuales-ThreadStarter 1-26
2026-10-07 16:30:31,943 INFO o.a.j.t.JMeterThread: Thread is done: GPSVirtuales-ThreadStarter 1-27
2026-10-07 16:30:31,943 INFO o.a.j.t.JMeterThread: Thread finished: GPSVirtuales-ThreadStarter 1-27
2026-10-07 16:30:31,978 INFO o.a.j.t.JMeterThread: Thread is done: GPSVirtuales-ThreadStarter 1-41
2026-10-07 16:30:31,978 INFO o.a.j.t.JMeterThread: Thread finished: GPSVirtuales-ThreadStarter 1-41
2026-10-07 16:30:31,999 INFO o.a.j.t.JMeterThread: Thread is done: GPSVirtuales-ThreadStarter 1-23
2026-10-07 16:30:32,000 INFO o.a.j.t.JMeterThread: Thread finished: GPSVirtuales-ThreadStarter 1-23
2026-10-07 16:30:32,000 INFO k.a.j.t.VariableThroughputTimer: No further RPS schedule, asking threads to stop...
2026-10-07 16:30:32,000 INFO k.a.j.t.VariableThroughputTimer: Tries more than 5, shutting down engine!
2026-10-07 16:30:32,000 INFO o.a.j.t.JMeterThread: Thread is done: GPSVirtuales-ThreadStarter 1-47
2026-10-07 16:30:32,000 INFO o.a.j.t.JMeterThread: Thread finished: GPSVirtuales-ThreadStarter 1-47
2026-10-07 16:30:32,091 INFO o.a.j.t.JMeterThread: Thread is done: GPSVirtuales-ThreadStarter 1-45
2026-10-07 16:30:32,091 INFO o.a.j.t.JMeterThread: Thread finished: GPSVirtuales-ThreadStarter 1-45
2026-10-07 16:30:32,092 INFO o.a.j.t.JMeterThread: Thread is done: GPSVirtuales-ThreadStarter 1-21
2026-10-07 16:30:32,092 INFO o.a.j.t.JMeterThread: Thread finished: GPSVirtuales-ThreadStarter 1-21
2026-10-07 16:30:32,250 INFO o.a.j.t.JMeterThread: Thread is done: GPSVirtuales-ThreadStarter 1-50
2026-10-07 16:30:32,250 INFO o.a.j.t.JMeterThread: Thread is done: GPSVirtuales-ThreadStarter 1-16
2026-10-07 16:30:32,250 INFO o.a.j.t.JMeterThread: Thread finished: GPSVirtuales-ThreadStarter 1-50
2026-10-07 16:30:32,250 INFO o.a.j.t.JMeterThread: Thread is done: GPSVirtuales-ThreadStarter 1-36
2026-10-07 16:30:32,250 INFO o.a.j.t.JMeterThread: Thread finished: GPSVirtuales-ThreadStarter 1-16
2026-10-07 16:30:32,250 INFO o.a.j.t.JMeterThread: Thread finished: GPSVirtuales-ThreadStarter 1-36
2026-10-07 16:30:32,447 INFO o.a.j.t.JMeterThread: Thread is done: GPSVirtuales-ThreadStarter 1-5
2026-10-07 16:30:32,447 INFO o.a.j.t.JMeterThread: Thread finished: GPSVirtuales-ThreadStarter 1-5
2026-10-07 16:30:32,447 INFO o.a.j.t.JMeterThread: Thread is done: GPSVirtuales-ThreadStarter 1-24
2026-10-07 16:30:32,447 INFO o.a.j.t.JMeterThread: Thread is done: GPSVirtuales-ThreadStarter 1-46
2026-10-07 16:30:32,447 INFO o.a.j.t.JMeterThread: Thread is done: GPSVirtuales-ThreadStarter 1-4
2026-10-07 16:30:32,447 INFO o.a.j.t.JMeterThread: Thread finished: GPSVirtuales-ThreadStarter 1-24
2026-10-07 16:30:32,447 INFO o.a.j.t.JMeterThread: Thread finished: GPSVirtuales-ThreadStarter 1-46
2026-10-07 16:30:32,447 INFO o.a.j.t.JMeterThread: Thread finished: GPSVirtuales-ThreadStarter 1-4
2026-10-07 16:30:32,511 INFO o.a.j.t.JMeterThread: Thread is done: GPSVirtuales-ThreadStarter 1-47
2026-10-07 16:30:32,511 INFO o.a.j.t.JMeterThread: Thread finished: GPSVirtuales-ThreadStarter 1-47
2026-10-07 16:30:32,511 INFO o.a.j.t.JMeterThread: Thread is done: GPSVirtuales-ThreadStarter 1-10
2026-10-07 16:30:32,511 INFO o.a.j.t.JMeterThread: Thread finished: GPSVirtuales-ThreadStarter 1-10
2026-10-07 16:30:32,511 INFO o.a.j.t.JMeterThread: Thread is done: GPSVirtuales-ThreadStarter 1-11
2026-10-07 16:30:32,511 INFO o.a.j.t.JMeterThread: Thread finished: GPSVirtuales-ThreadStarter 1-11
2026-10-07 16:30:32,515 INFO o.a.j.t.JMeterThread: Thread is done: GPSVirtuales-ThreadStarter 1-38
2026-10-07 16:30:32,515 INFO o.a.j.t.JMeterThread: Thread finished: GPSVirtuales-ThreadStarter 1-38
2026-10-07 16:30:32,565 INFO o.a.j.t.JMeterThread: Thread is done: GPSVirtuales-ThreadStarter 1-20
2026-10-07 16:30:32,565 INFO o.a.j.t.JMeterThread: Thread finished: GPSVirtuales-ThreadStarter 1-20
2026-10-07 16:30:32,606 INFO o.a.j.t.JMeterThread: Thread is done: GPSVirtuales-ThreadStarter 1-6
2026-10-07 16:30:32,606 INFO o.a.j.t.JMeterThread: Thread finished: GPSVirtuales-ThreadStarter 1-6
2026-10-07 16:30:32,652 INFO o.a.j.t.JMeterThread: Thread is done: GPSVirtuales-ThreadStarter 1-40
2026-10-07 16:30:32,652 INFO o.a.j.t.JMeterThread: Thread finished: GPSVirtuales-ThreadStarter 1-40
2026-10-07 16:30:32,671 INFO o.a.j.t.JMeterThread: Thread is done: GPSVirtuales-ThreadStarter 1-49
2026-10-07 16:30:32,671 INFO o.a.j.t.JMeterThread: Thread finished: GPSVirtuales-ThreadStarter 1-49
2026-10-07 16:30:32,714 INFO o.a.j.t.JMeterThread: Thread is done: GPSVirtuales-ThreadStarter 1-32
2026-10-07 16:30:32,714 INFO o.a.j.t.JMeterThread: Thread finished: GPSVirtuales-ThreadStarter 1-32
2026-10-07 16:30:32,761 INFO o.a.j.t.JMeterThread: Thread is done: GPSVirtuales-ThreadStarter 1-35
2026-10-07 16:30:32,761 INFO o.a.j.t.JMeterThread: Thread finished: GPSVirtuales-ThreadStarter 1-35
2026-10-07 16:30:32,828 INFO o.a.j.t.JMeterThread: Thread is done: GPSVirtuales-ThreadStarter 1-2
2026-10-07 16:30:32,828 INFO o.a.j.t.JMeterThread: Thread finished: GPSVirtuales-ThreadStarter 1-2
2026-10-07 16:30:32,839 INFO o.a.j.t.JMeterThread: Thread is done: GPSVirtuales-ThreadStarter 1-8
2026-10-07 16:30:32,839 INFO o.a.j.t.JMeterThread: Thread finished: GPSVirtuales-ThreadStarter 1-8
2026-10-07 16:30:32,880 INFO o.a.j.t.JMeterThread: Thread is done: GPSVirtuales-ThreadStarter 1-14
2026-10-07 16:30:32,880 INFO o.a.j.t.JMeterThread: Thread finished: GPSVirtuales-ThreadStarter 1-14
2026-10-07 16:30:33,000 INFO k.a.j.t.VariableThroughputTimer: No further RPS schedule, asking threads to stop...
2026-10-07 16:30:33,000 INFO k.a.j.t.VariableThroughputTimer: Tries more than 5, shutting down engine!
2026-10-07 16:30:33,000 INFO o.a.j.t.JMeterThread: Thread is done: GPSVirtuales-ThreadStarter 1-25
2026-10-07 16:30:33,000 INFO o.a.j.t.JMeterThread: Thread finished: GPSVirtuales-ThreadStarter 1-25
2026-10-07 16:30:33,100 INFO o.a.j.t.JMeterThread: Thread is done: GPSVirtuales-ThreadStarter 1-29
2026-10-07 16:30:33,100 INFO o.a.j.t.JMeterThread: Thread is done: GPSVirtuales-ThreadStarter 1-1
2026-10-07 16:30:33,100 INFO o.a.j.t.JMeterThread: Thread finished: GPSVirtuales-ThreadStarter 1-1
2026-10-07 16:30:33,100 INFO o.a.j.t.JMeterThread: Thread finished: GPSVirtuales-ThreadStarter 1-29
2026-10-07 16:30:34,000 INFO k.a.j.t.VariableThroughputTimer: No further RPS schedule, asking threads to stop...
2026-10-07 16:30:34,000 INFO k.a.j.t.VariableThroughputTimer: Tries more than 5, shutting down engine!
2026-10-07 16:30:34,000 INFO o.a.j.t.JMeterThread: Thread is done: GPSVirtuales-ThreadStarter 1-5
2026-10-07 16:30:34,000 INFO o.a.j.t.JMeterThread: Thread finished: GPSVirtuales-ThreadStarter 1-5
2026-10-07 16:30:35,000 INFO k.a.j.t.VariableThroughputTimer: No further RPS schedule, asking threads to stop...
2026-10-07 16:30:35,000 INFO k.a.j.t.VariableThroughputTimer: Tries more than 5, shutting down engine!
2026-10-07 16:30:35,000 INFO o.a.j.t.JMeterThread: Thread is done: GPSVirtuales-ThreadStarter 1-32
2026-10-07 16:30:35,000 INFO o.a.j.t.JMeterThread: Thread finished: GPSVirtuales-ThreadStarter 1-32
2026-10-07 16:30:36,000 INFO k.a.j.t.VariableThroughputTimer: No further RPS schedule, asking threads to stop...
2026-10-07 16:30:36,000 INFO k.a.j.t.VariableThroughputTimer: Tries more than 10, stopping engine NOW!
2026-10-07 16:30:36,000 INFO o.a.j.t.JMeterThread: Thread is done: GPSVirtuales-ThreadStarter 1-49
2026-10-07 16:30:36,000 INFO o.a.j.t.JMeterThread: Thread finished: GPSVirtuales-ThreadStarter 1-49
2026-10-07 16:30:36,012 INFO o.a.j.t.JMeterThread: Stopping: GPSVirtuales-ThreadStarter 1-1
2026-10-07 16:30:37,000 INFO k.a.j.t.VariableThroughputTimer: No further RPS schedule, asking threads to stop...
2026-10-07 16:30:37,000 INFO k.a.j.t.VariableThroughputTimer: Tries more than 10, stopping engine NOW!
2026-10-07 16:30:37,000 INFO o.a.j.t.JMeterThread: Thread is done: GPSVirtuales-ThreadStarter 1-40
2026-10-07 16:30:37,000 INFO o.a.j.t.JMeterThread: Thread finished: GPSVirtuales-ThreadStarter 1-40
2026-10-07 16:30:37,500 INFO o.a.j.t.JMeterThread: Thread is done: GPSVirtuales-ThreadStarter 1-37
2026-10-07 16:30:37,500 INFO o.a.j.t.JMeterThread: Thread finished: GPSVirtuales-ThreadStarter 1-37
2026-10-07 16:30:38,000 INFO k.a.j.t.VariableThroughputTimer: No further RPS schedule, asking threads to stop...
2026-10-07 16:30:38,000 INFO k.a.j.t.VariableThroughputTimer: Tries more than 10, stopping engine NOW!
2026-10-07 16:30:38,000 INFO o.a.j.t.JMeterThread: Thread is done: GPSVirtuales-ThreadStarter 1-31
2026-10-07 16:30:38,000 INFO o.a.j.t.JMeterThread: Thread finished: GPSVirtuales-ThreadStarter 1-31
2026-10-07 16:30:38,250 INFO o.a.j.t.JMeterThread: Thread is done: GPSVirtuales-ThreadStarter 1-36
2026-10-07 16:30:38,250 INFO o.a.j.t.JMeterThread: Thread finished: GPSVirtuales-ThreadStarter 1-36
2026-10-07 16:30:38,500 INFO o.a.j.t.JMeterThread: Thread is done: GPSVirtuales-ThreadStarter 1-23
2026-10-07 16:30:38,500 INFO o.a.j.t.JMeterThread: Thread finished: GPSVirtuales-ThreadStarter 1-23
2026-10-07 16:30:38,750 INFO o.a.j.t.JMeterThread: Thread is done: GPSVirtuales-ThreadStarter 1-16
2026-10-07 16:30:38,750 INFO o.a.j.t.JMeterThread: Thread finished: GPSVirtuales-ThreadStarter 1-16
2026-10-07 16:30:39,000 INFO k.a.j.t.VariableThroughputTimer: No further RPS schedule, asking threads to stop...
2026-10-07 16:30:39,000 INFO k.a.j.t.VariableThroughputTimer: Tries more than 10, stopping engine NOW!
2026-10-07 16:30:39,000 INFO o.a.j.t.JMeterThread: Thread is done: GPSVirtuales-ThreadStarter 1-6
2026-10-07 16:30:39,000 INFO o.a.j.t.JMeterThread: Thread finished: GPSVirtuales-ThreadStarter 1-6
2026-10-07 16:30:39,125 INFO o.a.j.t.JMeterThread: Thread is done: GPSVirtuales-ThreadStarter 1-50
2026-10-07 16:30:39,125 INFO o.a.j.t.JMeterThread: Thread finished: GPSVirtuales-ThreadStarter 1-50
2026-10-07 16:30:39,250 INFO o.a.j.t.JMeterThread: Thread is done: GPSVirtuales-ThreadStarter 1-44
2026-10-07 16:30:39,250 INFO o.a.j.t.JMeterThread: Thread finished: GPSVirtuales-ThreadStarter 1-44
2026-10-07 16:30:39,375 INFO o.a.j.t.JMeterThread: Thread is done: GPSVirtuales-ThreadStarter 1-35
2026-10-07 16:30:39,375 INFO o.a.j.t.JMeterThread: Thread finished: GPSVirtuales-ThreadStarter 1-35
2026-10-07 16:30:39,500 INFO o.a.j.t.JMeterThread: Thread is done: GPSVirtuales-ThreadStarter 1-28
2026-10-07 16:30:39,500 INFO o.a.j.t.JMeterThread: Thread finished: GPSVirtuales-ThreadStarter 1-28
2026-10-07 16:30:39,625 INFO o.a.j.t.JMeterThread: Thread is done: GPSVirtuales-ThreadStarter 1-29
2026-10-07 16:30:39,625 INFO o.a.j.t.JMeterThread: Thread finished: GPSVirtuales-ThreadStarter 1-29
2026-10-07 16:30:39,750 INFO o.a.j.t.JMeterThread: Thread is done: GPSVirtuales-ThreadStarter 1-26
2026-10-07 16:30:39,750 INFO o.a.j.t.JMeterThread: Thread finished: GPSVirtuales-ThreadStarter 1-26
2026-10-07 16:30:39,875 INFO o.a.j.t.JMeterThread: Thread is done: GPSVirtuales-ThreadStarter 1-21
2026-10-07 16:30:39,875 INFO o.a.j.t.JMeterThread: Thread finished: GPSVirtuales-ThreadStarter 1-21
2026-10-07 16:30:40,000 INFO k.a.j.t.VariableThroughputTimer: No further RPS schedule, asking threads to stop...
2026-10-07 16:30:40,000 INFO k.a.j.t.VariableThroughputTimer: Tries more than 10, stopping engine NOW!
2026-10-07 16:30:40,000 INFO o.a.j.t.JMeterThread: Thread is done: GPSVirtuales-ThreadStarter 1-9
2026-10-07 16:30:40,000 INFO o.a.j.t.JMeterThread: Thread finished: GPSVirtuales-ThreadStarter 1-9
2026-10-07 16:30:40,063 INFO o.a.j.t.JMeterThread: Thread is done: GPSVirtuales-ThreadStarter 1-8
2026-10-07 16:30:40,063 INFO o.a.j.t.JMeterThread: Thread finished: GPSVirtuales-ThreadStarter 1-8
2026-10-07 16:30:40,125 INFO o.a.j.t.JMeterThread: Thread is done: GPSVirtuales-ThreadStarter 1-18
2026-10-07 16:30:40,125 INFO o.a.j.t.JMeterThread: Thread finished: GPSVirtuales-ThreadStarter 1-18
2026-10-07 16:30:40,188 INFO o.a.j.t.JMeterThread: Thread is done: GPSVirtuales-ThreadStarter 1-30
2026-10-07 16:30:40,188 INFO o.a.j.t.JMeterThread: Thread finished: GPSVirtuales-ThreadStarter 1-30
2026-10-07 16:30:40,250 INFO o.a.j.t.JMeterThread: Thread is done: GPSVirtuales-ThreadStarter 1-39
2026-10-07 16:30:40,250 INFO o.a.j.t.JMeterThread: Thread finished: GPSVirtuales-ThreadStarter 1-39
2026-10-07 16:30:40,313 INFO o.a.j.t.JMeterThread: Thread is done: GPSVirtuales-ThreadStarter 1-14
2026-10-07 16:30:40,313 INFO o.a.j.t.JMeterThread: Thread finished: GPSVirtuales-ThreadStarter 1-14
2026-10-07 16:30:40,375 INFO o.a.j.t.JMeterThread: Thread is done: GPSVirtuales-ThreadStarter 1-15
2026-10-07 16:30:40,375 INFO o.a.j.t.JMeterThread: Thread finished: GPSVirtuales-ThreadStarter 1-15
2026-10-07 16:30:40,438 INFO o.a.j.t.JMeterThread: Thread is done: GPSVirtuales-ThreadStarter 1-48
2026-10-07 16:30:40,438 INFO o.a.j.t.JMeterThread: Thread finished: GPSVirtuales-ThreadStarter 1-48
2026-10-07 16:30:40,500 INFO o.a.j.t.JMeterThread: Thread is done: GPSVirtuales-ThreadStarter 1-27
2026-10-07 16:30:40,500 INFO o.a.j.t.JMeterThread: Thread finished: GPSVirtuales-ThreadStarter 1-27
2026-10-07 16:30:40,563 INFO o.a.j.t.JMeterThread: Thread is done: GPSVirtuales-ThreadStarter 1-2
2026-10-07 16:30:40,563 INFO o.a.j.t.JMeterThread: Thread finished: GPSVirtuales-ThreadStarter 1-2
2026-10-07 16:30:40,625 INFO o.a.j.t.JMeterThread: Thread is done: GPSVirtuales-ThreadStarter 1-43
2026-10-07 16:30:40,625 INFO o.a.j.t.JMeterThread: Thread finished: GPSVirtuales-ThreadStarter 1-43
2026-10-07 16:30:40,688 INFO o.a.j.t.JMeterThread: Thread is done: GPSVirtuales-ThreadStarter 1-12
2026-10-07 16:30:40,688 INFO o.a.j.t.JMeterThread: Thread finished: GPSVirtuales-ThreadStarter 1-12
2026-10-07 16:30:40,750 INFO o.a.j.t.JMeterThread: Thread is done: GPSVirtuales-ThreadStarter 1-4
2026-10-07 16:30:40,750 INFO o.a.j.t.JMeterThread: Thread finished: GPSVirtuales-ThreadStarter 1-4
2026-10-07 16:30:40,813 INFO o.a.j.t.JMeterThread: Thread is done: GPSVirtuales-ThreadStarter 1-10
2026-10-07 16:30:40,813 INFO o.a.j.t.JMeterThread: Thread finished: GPSVirtuales-ThreadStarter 1-10
2026-10-07 16:30:40,875 INFO o.a.j.t.JMeterThread: Thread is done: GPSVirtuales-ThreadStarter 1-34
2026-10-07 16:30:40,875 INFO o.a.j.t.JMeterThread: Thread finished: GPSVirtuales-ThreadStarter 1-34
2026-10-07 16:30:40,938 INFO o.a.j.t.JMeterThread: Thread is done: GPSVirtuales-ThreadStarter 1-46
2026-10-07 16:30:40,938 INFO o.a.j.t.JMeterThread: Thread finished: GPSVirtuales-ThreadStarter 1-46
2026-10-07 16:30:41,000 INFO k.a.j.t.VariableThroughputTimer: No further RPS schedule, asking threads to stop...
2026-10-07 16:30:41,000 INFO k.a.j.t.VariableThroughputTimer: Tries more than 10, stopping engine NOW!
2026-10-07 16:30:41,000 INFO o.a.j.t.JMeterThread: Thread is done: GPSVirtuales-ThreadStarter 1-33
2026-10-07 16:30:41,000 INFO o.a.j.t.JMeterThread: Thread finished: GPSVirtuales-ThreadStarter 1-33
2026-10-07 16:30:41,000 ERROR o.a.j.u.JMeterUtils: One or more test threads won't exit; see log file.
2026-10-07 16:30:41,032 INFO o.a.j.t.JMeterThread: Thread is done: GPSVirtuales-ThreadStarter 1-1
2026-10-07 16:30:41,032 INFO o.a.j.t.JMeterThread: Thread finished: GPSVirtuales-ThreadStarter 1-1
2026-10-07 16:30:41,063 INFO o.a.j.t.JMeterThread: Thread is done: GPSVirtuales-ThreadStarter 1-22
2026-10-07 16:30:41,063 INFO o.a.j.t.JMeterThread: Thread finished: GPSVirtuales-ThreadStarter 1-22
2026-10-07 16:31:53,744 INFO o.a.j.e.StandardJMeterEngine: Running the test!
2026-10-07 16:31:53,745 INFO o.a.j.s.SampleEvent: List of sample_variables: []
2026-10-07 16:31:53,747 WARN o.a.j.r.ResultCollector: Error creating directories for /Users/familia/Documents/IT4ALL/Test/WARENA/Referencia
2026-10-07 16:31:53,749 WARN o.a.j.r.ResultCollector: Error creating directories for /Users/familia/Documents/IT4ALL/Test/WARENA/Referencia
2026-10-07 16:31:53,749 INFO o.a.j.g.u.JMeterMenuBar: setRunning(true, *local*)
2026-10-07 16:31:53,784 INFO o.a.j.e.StandardJMeterEngine: Starting ThreadGroup: 1 : GPSVirtuales
2026-10-07 16:31:53,784 INFO o.a.j.e.StandardJMeterEngine: Starting 50 threads for group GPSVirtuales.
2026-10-07 16:31:53,784 INFO o.a.j.e.StandardJMeterEngine: Thread will continue on error
2026-10-07 16:31:53,784 INFO o.a.j.e.StandardJMeterEngine: All thread groups have been started
2026-10-07 16:31:53,785 INFO c.b.j.t.c.ConcurrencyThreadStarter: Start supplying threads
2026-10-07 16:31:53,785 INFO o.a.j.t.JMeterThread: Thread started: GPSVirtuales-ThreadStarter 1-1
2026-10-07 16:31:53,785 INFO o.a.j.s.FileServer: Stored: /Users/carlos.jimenez/Documents/carga/traccar-gps/datos_positions_user_carlos.csv
2026-10-07 16:31:53,786 INFO o.a.j.t.JMeterThread: Thread started: GPSVirtuales-ThreadStarter 1-3
2026-10-07 16:31:53,786 INFO o.a.j.t.JMeterThread: Thread started: GPSVirtuales-ThreadStarter 1-2
2026-10-07 16:31:53,786 INFO o.a.j.t.JMeterThread: Thread started: GPSVirtuales-ThreadStarter 1-8
2026-10-07 16:31:53,786 INFO o.a.j.t.JMeterThread: Thread started: GPSVirtuales-ThreadStarter 1-4
2026-10-07 16:31:53,786 INFO o.a.j.t.JMeterThread: Thread started: GPSVirtuales-ThreadStarter 1-7
2026-10-07 16:31:53,786 INFO o.a.j.t.JMeterThread: Thread started: GPSVirtuales-ThreadStarter 1-5
2026-10-07 16:31:53,786 INFO o.a.j.t.JMeterThread: Thread started: GPSVirtuales-ThreadStarter 1-6
2026-10-07 16:31:53,786 INFO o.a.j.t.JMeterThread: Thread started: GPSVirtuales-ThreadStarter 1-9
2026-10-07 16:31:53,786 INFO o.a.j.t.JMeterThread: Thread started: GPSVirtuales-ThreadStarter 1-10
2026-10-07 16:31:53,787 INFO o.a.j.t.JMeterThread: Thread started: GPSVirtuales-ThreadStarter 1-11
2026-10-07 16:31:53,787 INFO o.a.j.t.JMeterThread: Thread started: GPSVirtuales-ThreadStarter 1-12
2026-10-07 16:31:53,787 INFO o.a.j.t.JMeterThread: Thread started: GPSVirtuales-ThreadStarter 1-13
2026-10-07 16:31:53,787 INFO o.a.j.t.JMeterThread: Thread started: GPSVirtuales-ThreadStarter 1-14
2026-10-07 16:31:53,787 INFO o.a.j.t.JMeterThread: Thread started: GPSVirtuales-ThreadStarter 1-16
2026-10-07 16:31:53,787 INFO o.a.j.t.JMeterThread: Thread started: GPSVirtuales-ThreadStarter 1-15
2026-10-07 16:31:53,787 INFO o.a.j.t.JMeterThread: Thread started: GPSVirtuales-ThreadStarter 1-17
2026-10-07 16:31:53,787 INFO o.a.j.t.JMeterThread: Thread started: GPSVirtuales-ThreadStarter 1-18
2026-10-07 16:31:53,788 INFO o.a.j.t.JMeterThread: Thread started: GPSVirtuales-ThreadStarter 1-19
2026-10-07 16:31:53,788 INFO o.a.j.t.JMeterThread: Thread started: GPSVirtuales-ThreadStarter 1-20
2026-10-07 16:31:53,788 INFO o.a.j.t.JMeterThread: Thread started: GPSVirtuales-ThreadStarter 1-21
2026-10-07 16:31:53,789 INFO o.a.j.t.JMeterThread: Thread started: GPSVirtuales-ThreadStarter 1-22
2026-10-07 16:31:53,789 INFO o.a.j.t.JMeterThread: Thread started: GPSVirtuales-ThreadStarter 1-23
2026-10-07 16:31:53,789 INFO o.a.j.t.JMeterThread: Thread started: GPSVirtuales-ThreadStarter 1-24
2026-10-07 16:31:53,789 INFO o.a.j.t.JMeterThread: Thread started: GPSVirtuales-ThreadStarter 1-25
2026-10-07 16:31:53,790 INFO o.a.j.t.JMeterThread: Thread started: GPSVirtuales-ThreadStarter 1-26
2026-10-07 16:31:53,790 INFO o.a.j.t.JMeterThread: Thread started: GPSVirtuales-ThreadStarter 1-27
2026-10-07 16:31:53,790 INFO o.a.j.t.JMeterThread: Thread started: GPSVirtuales-ThreadStarter 1-28
2026-10-07 16:31:53,790 INFO o.a.j.t.JMeterThread: Thread started: GPSVirtuales-ThreadStarter 1-29
2026-10-07 16:31:53,791 INFO o.a.j.t.JMeterThread: Thread started: GPSVirtuales-ThreadStarter 1-30
2026-10-07 16:31:53,791 INFO o.a.j.t.JMeterThread: Thread started: GPSVirtuales-ThreadStarter 1-31
2026-10-07 16:31:53,791 INFO o.a.j.t.JMeterThread: Thread started: GPSVirtuales-ThreadStarter 1-32
2026-10-07 16:31:53,792 INFO o.a.j.t.JMeterThread: Thread started: GPSVirtuales-ThreadStarter 1-33
2026-10-07 16:31:53,792 INFO o.a.j.t.JMeterThread: Thread started: GPSVirtuales-ThreadStarter 1-34
2026-10-07 16:31:53,792 INFO o.a.j.t.JMeterThread: Thread started: GPSVirtuales-ThreadStarter 1-35
2026-10-07 16:31:53,792 INFO o.a.j.t.JMeterThread: Thread started: GPSVirtuales-ThreadStarter 1-36
2026-10-07 16:31:53,792 INFO o.a.j.t.JMeterThread: Thread started: GPSVirtuales-ThreadStarter 1-37
2026-10-07 16:31:53,792 INFO o.a.j.t.JMeterThread: Thread started: GPSVirtuales-ThreadStarter 1-38
2026-10-07 16:31:53,793 INFO o.a.j.t.JMeterThread: Thread started: GPSVirtuales-ThreadStarter 1-39
2026-10-07 16:31:53,793 INFO o.a.j.t.JMeterThread: Thread started: GPSVirtuales-ThreadStarter 1-40
2026-10-07 16:31:53,793 INFO o.a.j.t.JMeterThread: Thread started: GPSVirtuales-ThreadStarter 1-41
2026-10-07 16:31:53,794 INFO o.a.j.t.JMeterThread: Thread started: GPSVirtuales-ThreadStarter 1-42
2026-10-07 16:31:53,794 INFO o.a.j.t.JMeterThread: Thread started: GPSVirtuales-ThreadStarter 1-43
2026-10-07 16:31:53,794 INFO o.a.j.t.JMeterThread: Thread started: GPSVirtuales-ThreadStarter 1-44
2026-10-07 16:31:53,794 INFO o.a.j.t.JMeterThread: Thread started: GPSVirtuales-ThreadStarter 1-45
2026-10-07 16:31:53,794 INFO o.a.j.t.JMeterThread: Thread started: GPSVirtuales-ThreadStarter 1-46
2026-10-07 16:31:53,794 INFO o.a.j.t.JMeterThread: Thread started: GPSVirtuales-ThreadStarter 1-47
2026-10-07 16:31:53,795 INFO o.a.j.t.JMeterThread: Thread started: GPSVirtuales-ThreadStarter 1-48
2026-10-07 16:31:53,795 INFO o.a.j.t.JMeterThread: Thread started: GPSVirtuales-ThreadStarter 1-49
2026-10-07 16:31:53,795 INFO o.a.j.t.JMeterThread: Thread started: GPSVirtuales-ThreadStarter 1-50
2026-10-07 16:31:53,799 WARN k.a.j.t.VariableThroughputTimer: No free threads available in current Thread Group GPSVirtuales, made 0 samples/s for expected rps 5.0 samples/s, increase your number of threads
2026-10-07 16:56:53,826 INFO c.b.j.t.c.ConcurrencyThreadStarter: Done supplying threads
2026-10-07 17:51:32,491 INFO o.a.j.g.a.Start: Stopping test
2026-10-07 17:51:32,508 INFO o.a.j.t.JMeterThread: Stopping: GPSVirtuales-ThreadStarter 1-29
2026-10-07 17:51:32,509 INFO o.a.j.t.JMeterThread: Stopping: GPSVirtuales-ThreadStarter 1-40
2026-10-07 17:51:32,509 INFO o.a.j.t.JMeterThread: Stopping: GPSVirtuales-ThreadStarter 1-22
2026-10-07 17:51:32,509 INFO o.a.j.t.JMeterThread: Stopping: GPSVirtuales-ThreadStarter 1-34
2026-10-07 17:51:32,509 INFO o.a.j.t.JMeterThread: Stopping: GPSVirtuales-ThreadStarter 1-43
2026-10-07 17:51:32,509 INFO o.a.j.t.JMeterThread: Stopping: GPSVirtuales-ThreadStarter 1-48
2026-10-07 17:51:32,509 INFO o.a.j.t.JMeterThread: Stopping: GPSVirtuales-ThreadStarter 1-41
2026-10-07 17:51:32,509 INFO o.a.j.t.JMeterThread: Stopping: GPSVirtuales-ThreadStarter 1-21
2026-10-07 17:51:32,509 INFO o.a.j.t.JMeterThread: Stopping: GPSVirtuales-ThreadStarter 1-30
2026-10-07 17:51:32,509 INFO o.a.j.t.JMeterThread: Stopping: GPSVirtuales-ThreadStarter 1-15
2026-10-07 17:51:32,509 INFO o.a.j.t.JMeterThread: Stopping: GPSVirtuales-ThreadStarter 1-32
2026-10-07 17:51:32,509 INFO o.a.j.t.JMeterThread: Stopping: GPSVirtuales-ThreadStarter 1-9
2026-10-07 17:51:32,509 INFO o.a.j.t.JMeterThread: Stopping: GPSVirtuales-ThreadStarter 1-45
2026-10-07 17:51:32,509 INFO o.a.j.t.JMeterThread: Stopping: GPSVirtuales-ThreadStarter 1-47
2026-10-07 17:51:32,509 INFO o.a.j.t.JMeterThread: Stopping: GPSVirtuales-ThreadStarter 1-37
2026-10-07 17:51:32,509 INFO o.a.j.t.JMeterThread: Stopping: GPSVirtuales-ThreadStarter 1-3
2026-10-07 17:51:32,509 INFO o.a.j.t.JMeterThread: Stopping: GPSVirtuales-ThreadStarter 1-28
2026-10-07 17:51:32,509 INFO o.a.j.t.JMeterThread: Stopping: GPSVirtuales-ThreadStarter 1-42
2026-10-07 17:51:32,509 INFO o.a.j.t.JMeterThread: Stopping: GPSVirtuales-ThreadStarter 1-26
2026-10-07 17:51:32,509 INFO o.a.j.t.JMeterThread: Stopping: GPSVirtuales-ThreadStarter 1-33
2026-10-07 17:51:32,509 INFO o.a.j.t.JMeterThread: Stopping: GPSVirtuales-ThreadStarter 1-39
2026-10-07 17:51:32,509 INFO o.a.j.t.JMeterThread: Stopping: GPSVirtuales-ThreadStarter 1-4
2026-10-07 17:51:32,509 INFO o.a.j.t.JMeterThread: Stopping: GPSVirtuales-ThreadStarter 1-10
2026-10-07 17:51:32,509 INFO o.a.j.t.JMeterThread: Stopping: GPSVirtuales-ThreadStarter 1-16
2026-10-07 17:51:32,509 INFO o.a.j.t.JMeterThread: Stopping: GPSVirtuales-ThreadStarter 1-11
2026-10-07 17:51:32,509 INFO o.a.j.t.JMeterThread: Stopping: GPSVirtuales-ThreadStarter 1-19
2026-10-07 17:51:32,509 INFO o.a.j.t.JMeterThread: Stopping: GPSVirtuales-ThreadStarter 1-20
2026-10-07 17:51:32,509 INFO o.a.j.t.JMeterThread: Stopping: GPSVirtuales-ThreadStarter 1-38
2026-10-07 17:51:32,509 INFO o.a.j.t.JMeterThread: Stopping: GPSVirtuales-ThreadStarter 1-5
2026-10-07 17:51:32,509 INFO o.a.j.t.JMeterThread: Stopping: GPSVirtuales-ThreadStarter 1-13
2026-10-07 17:51:32,509 INFO o.a.j.t.JMeterThread: Stopping: GPSVirtuales-ThreadStarter 1-17
2026-10-07 17:51:32,509 INFO o.a.j.t.JMeterThread: Stopping: GPSVirtuales-ThreadStarter 1-35
2026-10-07 17:51:32,509 INFO o.a.j.t.JMeterThread: Stopping: GPSVirtuales-ThreadStarter 1-36
2026-10-07 17:51:32,509 INFO o.a.j.t.JMeterThread: Stopping: GPSVirtuales-ThreadStarter 1-27
2026-10-07 17:51:32,509 INFO o.a.j.t.JMeterThread: Stopping: GPSVirtuales-ThreadStarter 1-44
2026-10-07 17:51:32,509 INFO o.a.j.t.JMeterThread: Stopping: GPSVirtuales-ThreadStarter 1-49
2026-10-07 17:51:32,509 INFO o.a.j.t.JMeterThread: Stopping: GPSVirtuales-ThreadStarter 1-50
2026-10-07 17:51:32,509 INFO o.a.j.t.JMeterThread: Stopping: GPSVirtuales-ThreadStarter 1-46
2026-10-07 17:51:32,509 INFO o.a.j.t.JMeterThread: Stopping: GPSVirtuales-ThreadStarter 1-1
2026-10-07 17:51:32,509 INFO o.a.j.t.JMeterThread: Stopping: GPSVirtuales-ThreadStarter 1-25
2026-10-07 17:51:32,509 INFO o.a.j.t.JMeterThread: Stopping: GPSVirtuales-ThreadStarter 1-23
2026-10-07 17:51:32,509 INFO o.a.j.t.JMeterThread: Stopping: GPSVirtuales-ThreadStarter 1-24
2026-10-07 17:51:32,509 INFO o.a.j.t.JMeterThread: Stopping: GPSVirtuales-ThreadStarter 1-12
2026-10-07 17:51:32,509 INFO o.a.j.t.JMeterThread: Stopping: GPSVirtuales-ThreadStarter 1-2
2026-10-07 17:51:32,509 INFO o.a.j.t.JMeterThread: Stopping: GPSVirtuales-ThreadStarter 1-14
2026-10-07 17:51:32,509 INFO o.a.j.t.JMeterThread: Stopping: GPSVirtuales-ThreadStarter 1-7
2026-10-07 17:51:32,510 INFO o.a.j.t.JMeterThread: Stopping: GPSVirtuales-ThreadStarter 1-18
2026-10-07 17:51:32,510 INFO o.a.j.t.JMeterThread: Stopping: GPSVirtuales-ThreadStarter 1-6
2026-10-07 17:51:32,510 INFO o.a.j.t.JMeterThread: Stopping: GPSVirtuales-ThreadStarter 1-8
2026-10-07 17:51:32,510 INFO o.a.j.t.JMeterThread: Stopping: GPSVirtuales-ThreadStarter 1-31
2026-10-07 17:51:37,308 INFO o.a.j.e.StandardJMeterEngine: Notifying test listeners of end of test
2026-10-07 17:51:37,308 INFO o.a.j.s.FileServer: Close: /Users/carlos.jimenez/Documents/carga/traccar-gps/datos_positions_user_carlos.csv
2026-10-07 17:51:37,311 INFO o.a.j.g.u.JMeterMenuBar: setRunning(false, *local*)
2026-10-07 17:51:38,015 INFO o.a.j.t.JMeterThread: Stopping: GPSVirtuales-ThreadStarter 1-29
2026-10-07 17:51:38,016 INFO k.a.j.t.VariableThroughputTimer: No further RPS schedule, asking threads to stop...
2026-10-07 17:51:38,016 INFO k.a.j.t.VariableThroughputTimer: Stopping gracefuly threads of Thread Group : GPSVirtuales
2026-10-07 17:51:38,017 INFO o.a.j.t.JMeterThread: Thread is done: GPSVirtuales-ThreadStarter 1-29
2026-10-07 17:51:38,017 INFO o.a.j.t.JMeterThread: Thread finished: GPSVirtuales-ThreadStarter 1-29
2026-10-07 17:51:39,000 INFO k.a.j.t.VariableThroughputTimer: No further RPS schedule, asking threads to stop...
2026-10-07 17:51:39,000 INFO k.a.j.t.VariableThroughputTimer: Stopping gracefuly threads of Thread Group : GPSVirtuales
2026-10-07 17:51:39,000 INFO o.a.j.t.JMeterThread: Thread is done: GPSVirtuales-ThreadStarter 1-24
2026-10-07 17:51:39,000 INFO o.a.j.t.JMeterThread: Thread finished: GPSVirtuales-ThreadStarter 1-24
2026-10-07 17:51:40,000 INFO k.a.j.t.VariableThroughputTimer: No further RPS schedule, asking threads to stop...
2026-10-07 17:51:40,000 INFO k.a.j.t.VariableThroughputTimer: Stopping gracefuly threads of Thread Group : GPSVirtuales
2026-10-07 17:51:40,000 INFO o.a.j.t.JMeterThread: Thread is done: GPSVirtuales-ThreadStarter 1-18
2026-10-07 17:51:40,000 INFO o.a.j.t.JMeterThread: Thread finished: GPSVirtuales-ThreadStarter 1-18
