"id","name","uniqueid","lastupdate","positionid","groupid","attributes","phone","model","contact","category","disabled","status","expirationtime","motionstate","motiontime","motiondistance","overspeedstate","overspeedtime","overspeedgeofenceid","motionstreak","calendarid","motionpositionid"
58236,QYL705,"749823138508495",2026-10-06 17:19:51.586,511085091,584,{},,,,,false,unknown ,,true,,0.0,false,,0,true,,
114389,NNO188,"869671070334956",2026-10-06 17:19:52.917,511085098,,{},,,,,false,unknown ,,true,,0.0,false,,0,true,,
114396,RKN186,"869671075632776",2026-10-06 17:19:53.000,511085100,,{},,,,,false,unknown ,,true,,0.0,false,,0,true,,
114393,LRK550,"863238070903846",2026-10-06 17:19:53.314,511085101,,{},,,,,false,unknown ,,true,,0.0,false,,0,true,,
114397,ZZO835,"869671075938124",2026-10-06 17:20:02.956,511085143,,{},,,,,false,unknown ,,true,,0.0,false,,0,true,,
56380,CTM596,"365390137431817",2026-10-06 17:20:34.814,511085294,565,{},,,,,false,unknown ,,true,,0.0,false,,0,true,,
58230,PBL943,"191087483744070",2026-10-06 17:20:35.217,511085295,584,{},,,,,false,unknown ,,true,,0.0,false,,0,true,,
55918,YYK873,"879385987780767",2026-10-06 17:20:35.376,511085297,561,{},,,,,false,unknown ,,true,,0.0,false,,0,true,,
114392,LOY824,"863238070903929",2026-10-06 17:20:36.144,511085301,,{},,,,,false,unknown ,,true,,0.0,false,,0,true,,
114387,JWY658,"869671070334683",2026-10-06 17:20:36.797,511085299,,{},,,,,false,unknown ,,true,,0.0,false,,0,true,,
114399,HKY296,"869671075605046",2026-10-06 17:20:37.115,511085304,,{},,,,,false,unknown ,,true,,0.0,false,,0,true,,
114403,GVM101,"865413057627001",2026-10-06 17:20:37.685,511085307,,{},,,,,false,unknown ,,true,,0.0,false,,0,true,,
114385,RHR691,"863238070957685",2026-10-06 17:20:43.406,511085329,,{},,,,,false,unknown ,,true,,0.0,false,,0,true,,
11705,GDQ634,"578011048639347",2026-10-06 17:20:00.138,511085133,118,{},,,,,false,unknown ,,true,,0.0,false,,0,true,,
114515,EFU181,"863238073769871",2026-10-06 17:20:37.397,511085306,,{},,,,,false,unknown ,,true,2026-10-06 17:18:43.656,0.0,false,,0,false,,511084777
19671,PQQ371,"076213242279519",2026-10-06 17:19:58.639,511085127,197,{},,,,,false,unknown ,,true,,0.0,false,,0,true,,
114496,JSQ053,"869671074463736",2026-10-06 17:20:08.888,511085170,,{},,,,,false,unknown ,,true,2026-10-06 17:18:00.764,0.0,false,,0,false,,511084571
11726,DLZ474,"359206435532825",2026-10-06 17:19:58.796,511085128,118,{},,,,,false,unknown ,,true,,0.0,false,,0,true,,
114501,DWP399,"869671075521680",2026-10-06 17:20:10.616,511085177,,{},,,,,false,unknown ,,true,,0.0,false,,0,true,,
114491,NSM777,"865413056004392",2026-10-06 17:20:07.527,511085162,,{},,,,,false,unknown ,,true,,0.0,false,,0,true,,
114487,GPQ605,"865413055976418",2026-10-06 17:20:06.308,511085158,,{},,,,,false,unknown ,,true,,0.0,false,,0,true,,
114482,PFW730,"869671075873388",2026-10-06 17:20:23.466,511085240,,{},,,,,false,unknown ,,true,,0.0,false,,0,true,,
25798,XLY492,"430975607380857",2026-10-06 17:20:47.798,511085333,258,{},,,,,false,unknown ,,true,,0.0,false,,0,true,,
19689,LJM487,"839929100047676",2026-10-06 17:20:40.718,511085321,197,{},,,,,false,unknown ,,true,,0.0,false,,0,true,,
114432,JDV174,"869671075961738",2026-10-06 17:20:39.428,511085316,,{},,,,,false,unknown ,,true,,0.0,false,,0,true,,
114498,KOW726,"869671074364025",2026-10-06 17:20:35.532,511085296,,{},,,,,false,unknown ,,true,,0.0,false,,0,true,,
114500,NXW264,"869671074397611",2026-10-06 17:20:26.517,511085254,,{},,,,,false,unknown ,,true,,0.0,false,,0,true,,
43830,XKV064,"051930209901004",2026-10-06 17:20:08.283,511085166,440,{},,,,,false,unknown ,,true,,0.0,false,,0,true,,
114466,KWW186,"869671077219036",2026-10-06 17:19:18.682,511084936,,{},,,,,false,unknown ,,true,,0.0,false,,0,true,,
11757,HLG415,"568085899946185",2026-10-06 17:19:54.766,511085108,118,{},,,,,false,unknown ,,true,,0.0,false,,0,true,,
45383,DXZ716,"984861303284041",2026-10-06 17:19:20.285,511084948,455,{},,,,,false,unknown ,,true,,0.0,false,,0,true,,
114469,UEK470,"869671075530483",2026-10-06 17:20:01.869,511085139,,{},,,,,false,unknown ,,true,,0.0,false,,0,true,,
114457,EFK549,"863238070972536",2026-10-06 17:20:26.400,511085253,,{},,,,,false,unknown ,,true,,0.0,false,,0,true,,
114493,JDR323,"865413055987662",2026-10-06 17:20:08.573,511085168,,{},,,,,false,unknown ,,true,2026-10-06 17:18:24.144,0.0,false,,0,false,,511084682
114474,JSX470,"863238073712244",2026-10-06 17:20:03.738,511085149,,{},,,,,false,unknown ,,true,,0.0,false,,0,true,,
114499,HDW495,"869671074601939",2026-10-06 17:20:09.063,511085171,,{},,,,,false,unknown ,,true,,0.0,false,,0,true,,
114495,LSW506,"865413056578049",2026-10-06 17:20:36.904,511085302,,{},,,,,false,unknown ,,true,,0.0,false,,0,true,,
13773,KNX832,"248678807559211",2026-10-06 17:20:05.181,511085153,138,{},,,,,false,unknown ,,true,,0.0,false,,0,true,,
114522,FWY924,"869671077241741",2026-10-06 17:20:11.620,511085182,,{},,,,,false,unknown ,,true,2026-10-06 17:18:12.013,0.0,false,,0,false,,511084623
31769,MRF261,"749673198181109",2026-10-06 17:20:04.637,511085152,319,{},,,,,false,unknown ,,true,,0.0,false,,0,true,,
114489,KZY637,"865413056049231",2026-10-06 17:20:07.658,511085163,,{},,,,,false,unknown ,,true,,0.0,false,,0,true,,
44139,DKL613,"838509128573233",2026-10-06 17:20:04.147,511085150,443,{},,,,,false,unknown ,,true,,0.0,false,,0,true,,
19732,HTR300,"166862661543994",2026-10-06 17:20:39.808,511085318,198,{},,,,,false,unknown ,,true,,0.0,false,,0,true,,
51683,VTD788,"200320317319986",2026-10-06 17:20:40.318,511085322,518,{},,,,,false,unknown ,,true,,0.0,false,,0,true,,
114438,JXL992,"869671075631521",2026-10-06 17:20:41.528,511085325,,{},,,,,false,unknown ,,true,,0.0,false,,0,true,,
114472,INV587,"869671075967164",2026-10-06 17:20:03.159,511085144,,{},,,,,false,unknown ,,true,,0.0,false,,0,true,,
45305,MWW836,"201491152611073",2026-10-06 17:20:01.336,511085136,455,{},,,,,false,unknown ,,true,,0.0,false,,0,true,,
58766,PDN693,"773578203707419",2026-10-06 17:19:57.317,511085120,589,{},,,,,false,unknown ,,true,,0.0,false,,0,true,,
114428,URT726,"869671073346239",2026-10-06 17:19:56.729,511085118,,{},,,,,false,unknown ,,true,,0.0,false,,0,true,,
114494,EFL714,"869671074440056",2026-10-06 17:20:25.455,511085249,,{},,,,,false,unknown ,,true,,0.0,false,,0,true,,
114486,LTU811,"865413056004210",2026-10-06 17:20:07.366,511085161,,{},,,,,false,unknown ,,true,,0.0,false,,0,true,,
114488,MAY842,"869671074450808",2026-10-06 17:20:07.803,511085164,,{},,,,,false,unknown ,,true,,0.0,false,,0,true,,
114458,ZZR344,"869671077200341",2026-10-06 17:19:59.236,511085130,,{},,,,,false,unknown ,,true,,0.0,false,,0,true,,
114439,DWN846,"865413055977457",2026-10-06 17:19:17.065,511084929,,{},,,,,false,unknown ,,true,,0.0,false,,0,true,,
114517,LOQ520,"869671075545028",2026-10-06 17:20:11.050,511085179,,{},,,,,false,unknown ,,true,2026-10-06 17:18:04.539,0.0,false,,0,false,,511084587
114477,GMX952,"865413057657305",2026-10-06 17:20:03.519,511085147,,{},,,,,false,unknown ,,true,,0.0,false,,0,true,,
45594,VYY973,"456008518947595",2026-10-06 17:20:10.978,511085178,458,{},,,,,false,unknown ,,true,,0.0,false,,0,true,,
114461,FZX344,"863238073396311",2026-10-06 17:19:59.402,511085131,,{},,,,,false,unknown ,,true,,0.0,false,,0,true,,
43020,CXZ959,"107096693986952",2026-10-06 17:20:09.986,511085174,432,{},,,,,false,unknown ,,true,,0.0,false,,0,true,,
11693,TGQ416,"596134979127625",2026-10-06 17:20:02.796,511085142,117,{},,,,,false,unknown ,,true,,0.0,false,,0,true,,
114445,LTU106,"869671073319863",2026-10-06 17:19:58.975,511085129,,{},,,,,false,unknown ,,true,,0.0,false,,0,true,,
43386,NFT505,"014392863429549",2026-10-06 17:20:05.665,511085154,435,{},,,,,false,unknown ,,true,,0.0,false,,0,true,,
114434,KCX418,"869671073384164",2026-10-06 17:20:40.864,511085323,,{},,,,,false,unknown ,,true,,0.0,false,,0,true,,
114478,RHL819,"869671075671048",2026-10-06 17:20:13.646,511085195,,{},,,,,false,unknown ,,true,,0.0,false,,0,true,,
19660,MPR523,"894166688435773",2026-10-06 17:20:13.388,511085192,197,{},,,,,false,unknown ,,true,,0.0,false,,0,true,,
114506,IFU362,"869671074620533",2026-10-06 17:20:27.164,511085257,,{},,,,,false,unknown ,,true,2026-10-06 17:18:02.274,0.0,false,,0,false,,511084577
114527,LRO555,"863238070740875",2026-10-06 17:20:11.882,511085185,,{},,,,,false,unknown ,,true,2026-10-06 17:18:03.014,0.0,false,,0,false,,511084580
114421,FUP130,"869671075942779",2026-10-06 17:20:38.562,511085313,,{},,,,,false,unknown ,,true,,0.0,false,,0,true,,
17720,KVJ999,"367844629586585",2026-10-06 17:20:39.279,511085315,178,{},,,,,false,unknown ,,true,,0.0,false,,0,true,,
11772,ZFW121,"613995170018907",2026-10-06 17:20:46.942,511085332,118,{},,,,,false,unknown ,,true,,0.0,false,,0,true,,
114505,FZW854,"865413057079211",2026-10-06 17:20:11.228,511085180,,{},,,,,false,unknown ,,true,2026-10-06 17:18:03.313,0.0,false,,0,false,,511084582
8138,YKG478,"085826809568716",2026-05-09 02:04:31.789,510749499,82,{},,,,,false,offline ,,false,,0.0,false,,0,false,,
41076,VJL201,"155722886841818",2026-04-01 21:35:18.268,355238388,412,{},,,,,false,offline ,,true,,0.0,false,,0,true,,
11768,BSG900,"883181557719135",2026-04-08 23:49:24.410,506197251,118,{},,,,,false,offline ,,true,,0.0,false,,0,true,,
50667,VNW737,"040171425166890",2026-04-01 20:40:42.729,354882471,508,{},,,,,false,offline ,,true,,0.0,false,,0,true,,
47490,SZN960,"056849811344103",2026-04-01 21:36:01.896,355244852,476,{},,,,,false,offline ,,true,,0.0,false,,0,true,,
26018,THL214,"018287564643107",2026-04-08 23:49:08.427,506173447,261,{},,,,,false,offline ,,true,,0.0,false,,0,true,,
8180,GTH935,"645875198393312",2026-05-09 02:04:34.080,510749587,82,{},,,,,false,offline ,,false,,0.0,false,,0,false,,
40943,WWZ117,"857684185144693",2026-04-01 21:34:56.830,355231685,411,{},,,,,false,offline ,,true,,0.0,false,,0,true,,
114733,JLX143,"863238070974110",,,,{},,,,,false,,,false,,0.0,false,,0,false,,
38022,XMV697,"755633796796980",2026-04-08 23:49:08.004,506172351,382,{},,,,,false,offline ,,true,,0.0,false,,0,true,,
44600,HCG971,"477349786503131",2026-04-01 21:35:41.748,355242434,448,{},,,,,false,offline ,,true,,0.0,false,,0,true,,
44763,HZK176,"279327009513780",2026-04-01 21:35:42.677,355242559,449,{},,,,,false,offline ,,true,,0.0,false,,0,true,,
114734,IOP078,"865413054786685",,,,{},,,,,false,,,false,,0.0,false,,0,false,,
41527,RNC164,"400231650806711",2026-04-01 21:35:01.234,355233047,417,{},,,,,false,offline ,,true,,0.0,false,,0,true,,
45277,YVX954,"882458639082455",2026-04-01 21:35:46.334,355243048,454,{},,,,,false,offline ,,true,,0.0,false,,0,true,,
114738,EOS234,"863238070749439",,,,{},,,,,false,,,false,,0.0,false,,0,false,,
114745,DSQ406,"865413055641475",,,,{},,,,,false,,,false,,0.0,false,,0,false,,
50635,WZL567,"758170527476225",2026-04-01 20:39:16.779,354796695,508,{},,,,,false,offline ,,true,,0.0,false,,0,true,,
114770,LRU885,"869671075950988",,,,{},,,,,false,,,false,,0.0,false,,0,false,,
46865,MBY967,"047607949081266",2026-04-01 21:36:02.874,355244918,470,{},,,,,false,offline ,,true,,0.0,false,,0,true,,
114783,TSR940,"864035050870261",,,,{},,,,,false,,,false,,0.0,false,,0,false,,
114818,DQX070,"869671075660389",,,,{},,,,,false,,,false,,0.0,false,,0,false,,
114824,IMX032,"869671075884286",,,,{},,,,,false,,,false,,0.0,false,,0,false,,
114825,FRS362,"863238070855764",,,,{},,,,,false,,,false,,0.0,false,,0,false,,
114826,EJM292,"869671075959856",,,,{},,,,,false,,,false,,0.0,false,,0,false,,
114833,ZNO254,"869671075521896",,,,{},,,,,false,,,false,,0.0,false,,0,false,,
114846,LXN534,"868018077151374",,,,{},,,,,false,,,false,,0.0,false,,0,false,,
114848,JGN184,"868018076254278",,,,{},,,,,false,,,false,,0.0,false,,0,false,,
11648,ZVH036,"353842121405532",2026-10-06 17:20:14.381,511085200,117,{},,,,,false,unknown ,,true,,0.0,false,,0,true,,
114596,NCM672,"869671074414226",2026-10-06 17:20:13.854,511085197,,{},,,,,false,unknown ,,true,2026-10-06 17:18:06.339,0.0,false,,0,false,,511084596
114540,ELQ691,"869671077183497",2026-10-06 17:19:40.042,511085034,,{},,,,,false,unknown ,,true,2026-10-06 17:18:16.264,0.0,false,,0,false,,511084639
38007,HLN330,"326830650885517",2026-10-06 17:20:22.001,511085232,382,{},,,,,false,unknown ,,true,,0.0,false,,0,true,,
114531,LVX207,"869671075520096",2026-10-06 17:20:11.737,511085184,,{},,,,,false,unknown ,,true,2026-10-06 17:18:05.564,0.0,false,,0,false,,511084590
11787,NBG616,"624686442509305",2026-10-06 17:20:12.496,511085189,118,{},,,,,false,unknown ,,true,,0.0,false,,0,true,,
114609,LMP838,"865413056012700",2026-10-06 17:20:33.078,511085288,,{},,,,,false,unknown ,,true,2026-10-06 17:18:07.020,0.0,false,,0,false,,511084602
114626,EPL942,"869671077210662",2026-10-06 17:20:34.158,511085292,,{},,,,,false,unknown ,,true,2026-10-06 17:18:07.187,0.0,false,,0,false,,511084600
114725,JST718,"863238070764669",2026-10-06 17:20:36.904,511085303,,{},,,,,false,unknown ,,true,2026-10-06 17:18:14.893,0.0,false,,0,false,,511084635
37937,JHK651,"118797044285062",2026-10-06 17:20:15.279,511085204,381,{},,,,,false,unknown ,,true,,0.0,false,,0,true,,
11699,RGL084,"232555838823394",2026-10-06 17:20:17.924,511085218,117,{},,,,,false,unknown ,,true,,0.0,false,,0,true,,
114648,IGO571,"865413057651381",2026-10-06 17:20:16.601,511085210,,{},,,,,false,unknown ,,true,2026-10-06 17:19:02.662,0.0,false,,0,false,,511084858
114551,KWV384,"863238070899739",2026-10-06 17:20:03.350,511085146,,{},,,,,false,unknown ,,true,2026-10-06 17:18:05.368,0.0,false,,0,false,,511084591
114628,KNY876,"869671075587848",2026-10-06 17:20:14.759,511085202,,{},,,,,false,unknown ,,true,2026-10-06 17:18:07.613,0.0,false,,0,false,,511084605
8162,NSZ514,"780786853744910",2026-10-06 17:20:21.405,511085228,82,{},,,,,false,unknown ,,true,2026-10-06 17:18:28.265,0.0,false,,0,false,,511084705
114691,RMW577,"863238077152306",2026-10-06 17:20:37.296,511085305,,{},,,,,false,unknown ,,true,2026-10-06 17:18:10.755,0.0,false,,0,false,,511084619
11709,CXB295,"881067939469352",2026-10-06 17:20:17.801,511085217,118,{},,,,,false,unknown ,,true,,0.0,false,,0,true,,
114686,PSX449,"863238077112201",2026-10-06 17:20:17.671,511085216,,{},,,,,false,unknown ,,true,2026-10-06 17:18:13.633,0.0,false,,0,false,,511084630
114578,JNN308,"869671077211694",2026-10-06 17:20:49.454,511085335,,{},,,,,false,unknown ,,true,2026-10-06 17:18:06.609,0.0,false,,0,false,,511084598
14079,RFB433,"773586879240623",2026-10-06 17:20:20.614,511085225,141,{},,,,,false,unknown ,,true,,0.0,false,,0,true,,
17690,NCY238,"847674752070028",2026-10-06 17:20:17.144,511085212,177,{},,,,,false,unknown ,,true,,0.0,false,,0,true,,
114647,FJO241,"869671070390644",2026-10-06 17:20:16.709,511085211,,{},,,,,false,unknown ,,true,2026-10-06 17:18:09.075,0.0,false,,0,false,,511084610
114584,ZZW721,"869671075554525",2026-10-06 17:20:23.290,511085239,,{},,,,,false,unknown ,,true,2026-10-06 17:18:07.483,0.0,false,,0,false,,511084604
26052,HHW336,"208973584661233",2026-10-06 17:20:00.682,511085134,261,{},,,,,false,unknown ,,true,,0.0,false,,0,true,,
11763,CWB202,"524964121675510",2026-10-06 17:20:12.353,511085188,118,{},,,,,false,unknown ,,true,,0.0,false,,0,true,,
114597,NJZ273,"869671072804824",2026-10-06 17:20:14.082,511085198,,{},,,,,false,unknown ,,true,2026-10-06 17:18:15.628,0.0,false,,0,false,,511084638
114644,LCZ891,"863238073611420",2026-10-06 17:20:16.473,511085209,,{},,,,,false,unknown ,,true,2026-10-06 17:18:08.232,0.0,false,,0,false,,511084606
52724,JKN701,"181968007984288",2026-10-06 17:20:21.248,511085227,529,{},,,,,false,unknown ,,true,,0.0,false,,0,true,,
114530,KZP524,"863238070971348",2026-10-06 17:20:20.797,511085226,,{},,,,,false,unknown ,,true,,0.0,false,,0,true,,
114554,LOX554,"869671075553147",2026-10-06 17:20:12.753,511085191,,{},,,,,false,unknown ,,true,2026-10-06 17:18:37.540,0.0,false,,0,false,,511084748
114570,MJY502,"869671073335919",2026-10-06 17:20:12.909,511085193,,{},,,,,false,unknown ,,true,2026-10-06 17:15:20.479,0.0,false,,0,false,,511084471
114730,PMT347,"869671075520856",2026-10-06 17:20:19.166,511085223,,{},,,,,false,unknown ,,true,2026-10-06 17:18:36.400,0.0,false,,0,false,,511084742
11653,JTB547,"560615753760641",2026-10-06 17:20:14.516,511085201,117,{},,,,,false,unknown ,,true,,0.0,false,,0,true,,
114653,TL4235,"863238077143420",2026-10-06 17:20:17.306,511085213,,{},,,,,false,unknown ,,true,2026-10-06 17:18:12.210,0.0,false,,0,false,,511084626
114995,FPO516,"863238070753779",,,,{},,,,,false,,,false,,0.0,false,,0,false,,
115014,LLU596,"869671075881316",,,,{},,,,,false,,,false,,0.0,false,,0,false,,
115087,WGX924,"865413056091845",,,,{},,,,,false,,,false,,0.0,false,,0,false,,
115272,JMW815,"869671075626414",,,,{},,,,,false,,,false,,0.0,false,,0,false,,
115273,FYX985,"869671075594281",,,,{},,,,,false,,,false,,0.0,false,,0,false,,
62796,carro jader,VHY065,,,31,{},"31247871924",susuki,"34523553325",ship,false,,,false,,0.0,false,,0,false,2,
115274,JMO992,"869671074455930",,,,{},,,,,false,,,false,,0.0,false,,0,false,,
115276,ZXZ605,"869671075901296",,,,{},,,,,false,,,false,,0.0,false,,0,false,,
115278,KYV147,"869671075642486",,,,{},,,,,false,,,false,,0.0,false,,0,false,,
11737,PFX155,"878911745881083",2026-04-08 23:49:24.406,506197235,118,{},,,,,false,offline ,,true,,0.0,false,,0,true,,
115279,JLT559,"869671074616861",,,,{},,,,,false,,,false,,0.0,false,,0,false,,
2022,YMB055,"779085766934178",2026-05-09 02:08:48.952,510752106,21,{},,,,,false,offline ,,true,2026-05-09 02:08:04.000,547492269.996194,false,,0,false,,510752106
115282,FKN518,"869671075960813",,,,{},,,,,false,,,false,,0.0,false,,0,false,,
115285,JWU666,"863238070750346",,,,{},,,,,false,,,false,,0.0,false,,0,false,,
11752,KVZ418,"515421363805868",2026-04-08 23:49:24.409,506197246,118,{},,,,,false,offline ,,true,,0.0,false,,0,true,,
115286,GIQ262,"869671075618452",,,,{},,,,,false,,,false,,0.0,false,,0,false,,
38046,WQX602,"157797914113552",2026-04-08 23:49:08.016,506172409,382,{},,,,,false,offline ,,true,,0.0,false,,0,true,,
40632,YVD643,"812089084496232",2026-04-01 21:35:01.096,355232999,408,{},,,,,false,offline ,,true,,0.0,false,,0,true,,
115291,DOT361,"863238070834934",,,,{},,,,,false,,,false,,0.0,false,,0,false,,
115292,ZYZ120,"869671075629319",,,,{},,,,,false,,,false,,0.0,false,,0,false,,
115293,FPW046,"869671075904233",,,,{},,,,,false,,,false,,0.0,false,,0,false,,
46420,TKB958,"959241180537525",2026-04-01 21:35:43.839,355242715,466,{},,,,,false,offline ,,true,,0.0,false,,0,true,,
115295,NJQ468,"865413056604845",,,,{},,,,,false,,,false,,0.0,false,,0,false,,
115296,GJN049,"869671075659464",,,,{},,,,,false,,,false,,0.0,false,,0,false,,
115299,LTQ738,"865413056037202",,,,{},,,,,false,,,false,,0.0,false,,0,false,,
14061,KFM665,"222307697823293",2026-04-08 23:49:08.337,506173078,141,{},,,,,false,offline ,,true,,0.0,false,,0,true,,
115303,DUL697,"865413052783866",,,,{},,,,,false,,,false,,0.0,false,,0,false,,
115305,HIT471,"869671074435775",,,,{},,,,,false,,,false,,0.0,false,,0,false,,
115309,LYT554,"865413057087180",,,,{},,,,,false,,,false,,0.0,false,,0,false,,
8181,TKV707,"739167838803257",2026-05-09 02:04:34.275,510749595,82,{},,,,,false,offline ,,false,,0.0,false,,0,false,,
11638,VQD550,"293461087905691",2026-04-08 23:49:24.395,506197181,117,{},,,,,false,offline ,,true,,0.0,false,,0,true,,
115311,DAW839,"869671075658813",,,,{},,,,,false,,,false,,0.0,false,,0,false,,
8113,DYF326,"910144358573504",2026-05-09 02:04:31.330,510749481,82,{},,,,,false,offline ,,false,,0.0,false,,0,false,,
115312,JSW572,"869671074578962",,,,{},,,,,false,,,false,,0.0,false,,0,false,,
115319,MIL858,"869671074414069",,,,{},,,,,false,,,false,,0.0,false,,0,false,,
11664,JWW598,"590281874475009",2026-04-08 23:49:24.397,506197198,117,{},,,,,false,offline ,,true,,0.0,false,,0,true,,
115320,JDN390,"869671072480278",,,,{},,,,,false,,,false,,0.0,false,,0,false,,
17683,PVK696,"245325150596308",2026-04-08 23:49:24.417,506197284,177,{},,,,,false,offline ,,true,,0.0,false,,0,true,,
46426,NNT979,"937841410087972",2026-04-01 21:35:55.977,355244318,466,{},,,,,false,offline ,,true,,0.0,false,,0,true,,
51686,VTG718,"803338982554324",2026-04-01 20:41:02.656,354900076,518,{},,,,,false,offline ,,true,,0.0,false,,0,true,,
115322,GZS495,"869671075931244",,,,{},,,,,false,,,false,,0.0,false,,0,false,,
115323,KZT372,"869671075905057",,,,{},,,,,false,,,false,,0.0,false,,0,false,,
115324,KZS200,"869671075880078",,,,{},,,,,false,,,false,,0.0,false,,0,false,,
47308,YJR147,"376763504017103",2026-04-01 21:36:02.870,355244917,475,{},,,,,false,offline ,,true,,0.0,false,,0,true,,
115326,DNL405,"865413056562035",,,,{},,,,,false,,,false,,0.0,false,,0,false,,
14036,DGY172,"379826444972450",2026-04-08 23:49:08.335,506173063,141,{},,,,,false,offline ,,true,,0.0,false,,0,true,,
11710,WHB344,"167851515029580",2026-04-08 23:49:24.404,506197223,118,{},,,,,false,offline ,,true,,0.0,false,,0,true,,
115327,FOW156,"869671075951358",,,,{},,,,,false,,,false,,0.0,false,,0,false,,
8126,JVY413,"092388590584445",2026-05-09 02:04:32.996,510749547,82,{},,,,,false,offline ,,false,,0.0,false,,0,false,,
41251,VFX732,"811701548238726",2026-04-01 21:35:17.683,355238255,414,{},,,,,false,offline ,,true,,0.0,false,,0,true,,
115329,FNT703,"869671074448240",,,,{},,,,,false,,,false,,0.0,false,,0,false,,
115331,ZXU697,"869671075662641",,,,{},,,,,false,,,false,,0.0,false,,0,false,,
51706,RTP420,"680670699740020",2026-04-01 20:40:54.137,354894227,519,{},,,,,false,offline ,,true,,0.0,false,,0,true,,
11675,SGY245,"791432360936072",2026-04-08 23:49:24.401,506197212,117,{},,,,,false,offline ,,true,,0.0,false,,0,true,,
14095,DVQ918,"929186115799053",2026-04-08 23:49:08.333,506173058,141,{},,,,,false,offline ,,true,,0.0,false,,0,true,,
115332,LTX975,"863238070834025",,,,{},,,,,false,,,false,,0.0,false,,0,false,,
115333,DOX682,"869671074629047",,,,{},,,,,false,,,false,,0.0,false,,0,false,,
14042,QLS008,"558200965956180",2026-04-08 23:49:08.331,506173049,141,{},,,,,false,offline ,,true,,0.0,false,,0,true,,
42725,JQG385,"678958200262657",2026-04-01 21:35:28.358,355240429,429,{},,,,,false,offline ,,true,,0.0,false,,0,true,,
38077,JVL530,"376689825984491",2026-04-08 23:49:08.014,506172399,382,{},,,,,false,offline ,,true,,0.0,false,,0,true,,
115335,MSU393,"863238073591507",,,,{},,,,,false,,,false,,0.0,false,,0,false,,
56368,FQX165,"972627151512351",2026-04-01 20:41:43.746,354922595,565,{},,,,,false,offline ,,true,,0.0,false,,0,true,,
41180,GZF870,"179522443910565",2026-04-01 21:35:04.799,355234528,413,{},,,,,false,offline ,,true,,0.0,false,,0,true,,
115337,NQP253,"869671076019114",,,,{},,,,,false,,,false,,0.0,false,,0,false,,
11760,JQJ791,"436354343971060",2026-04-08 23:49:24.412,506197259,118,{},,,,,false,offline ,,true,,0.0,false,,0,true,,
46398,MXL099,"979705929397660",2026-04-01 21:35:30.527,355240770,466,{},,,,,false,offline ,,true,,0.0,false,,0,true,,
44755,TDZ679,"052125280105653",2026-04-01 21:35:33.696,355241361,449,{},,,,,false,offline ,,true,,0.0,false,,0,true,,
115338,UCM677,"863238070838240",,,,{},,,,,false,,,false,,0.0,false,,0,false,,
115339,POM609,"863238070750221",,,,{},,,,,false,,,false,,0.0,false,,0,false,,
115344,LFK727,"863238070727484",,,,{},,,,,false,,,false,,0.0,false,,0,false,,
115347,HDR424,"865413057195553",,,,{},,,,,false,,,false,,0.0,false,,0,false,,
115349,KZP966,"869671075588614",,,,{},,,,,false,,,false,,0.0,false,,0,false,,
51721,GJX847,"838804817256533",2026-04-01 20:40:56.090,354895833,519,{},,,,,false,offline ,,true,,0.0,false,,0,true,,
115351,PRU186,"869671075532414",,,,{},,,,,false,,,false,,0.0,false,,0,false,,
115355,GEZ513,"869671075636561",,,,{},,,,,false,,,false,,0.0,false,,0,false,,
115356,GSM633,"869671073373233",,,,{},,,,,false,,,false,,0.0,false,,0,false,,
115358,JVP986,"869671075967792",,,,{},,,,,false,,,false,,0.0,false,,0,false,,
115359,MPY540,"869671075647642",,,,{},,,,,false,,,false,,0.0,false,,0,false,,
115365,UGU016,"869671073374421",,,,{},,,,,false,,,false,,0.0,false,,0,false,,
115366,HHQ126,"863238070836905",,,,{},,,,,false,,,false,,0.0,false,,0,false,,
115367,JMK216,"869671074381300",,,,{},,,,,false,,,false,,0.0,false,,0,false,,
115368,LQW024,"869671074515196",,,,{},,,,,false,,,false,,0.0,false,,0,false,,
115369,GZV118,"863238073772768",,,,{},,,,,false,,,false,,0.0,false,,0,false,,
115371,EML734,"863238073691174",,,,{},,,,,false,,,false,,0.0,false,,0,false,,
31684,LZJ196,"170634012245627",2026-04-08 23:49:08.078,506172686,318,{},,,,,false,offline ,,true,,0.0,false,,0,true,,
115372,JPN162,"869671072773839",,,,{},,,,,false,,,false,,0.0,false,,0,false,,
13916,HNY309,"760672001961172",2026-04-08 23:49:08.378,506173255,140,{},,,,,false,offline ,,true,,0.0,false,,0,true,,
115374,FZW605,"869671075940971",,,,{},,,,,false,,,false,,0.0,false,,0,false,,
115376,KWP074,"869671075660959",,,,{},,,,,false,,,false,,0.0,false,,0,false,,
1884,WNZ031,"864117570619863",2026-05-09 02:08:44.438,510751914,19,{},,,,,false,offline ,,true,2026-05-09 02:08:03.000,468483827.5886585,false,,0,false,,510751914
115378,LLK717,"869671073322917",,,,{},,,,,false,,,false,,0.0,false,,0,false,,
13867,XDS399,"657651763921281",2026-04-08 23:49:08.370,506173232,139,{},,,,,false,offline ,,true,,0.0,false,,0,true,,
115380,GDP534,"863238070831872",,,,{},,,,,false,,,false,,0.0,false,,0,false,,
44721,JJX108,"290259222393648",2026-04-01 21:35:31.080,355240924,449,{},,,,,false,offline ,,true,,0.0,false,,0,true,,
115381,EIL062,"869671077243481",,,,{},,,,,false,,,false,,0.0,false,,0,false,,
31792,XZT582,"023219042368240",2026-04-08 23:49:08.089,506172723,320,{},,,,,false,offline ,,true,,0.0,false,,0,true,,
115383,LNX969,"863238070919479",,,,{},,,,,false,,,false,,0.0,false,,0,false,,
41408,GBW688,"716777520161439",2026-04-01 21:35:18.582,355238449,416,{},,,,,false,offline ,,true,,0.0,false,,0,true,,
1860,DFM024,"742014260020676",2026-05-09 02:08:44.562,510751919,19,{},,,,,false,offline ,,true,2026-05-09 02:08:03.000,402158327.297613,false,,0,false,,510751919
115384,EHO234,"869671070334477",,,,{},,,,,false,,,false,,0.0,false,,0,false,,
115385,KTZ809,"865413057080029",,,,{},,,,,false,,,false,,0.0,false,,0,false,,
31782,HWZ901,"524991985182150",2026-04-08 23:49:08.084,506172707,319,{},,,,,false,offline ,,true,,0.0,false,,0,true,,
115386,JVN151,"869671070334014",,,,{},,,,,false,,,false,,0.0,false,,0,false,,
1940,SMF460,"847312021160193",2026-05-09 02:08:46.828,510752016,20,{},,,,,false,offline ,,true,2026-05-09 02:08:04.000,227648321.88955772,false,,0,false,,510752016
115389,JVT611,"869671073312058",,,,{},,,,,false,,,false,,0.0,false,,0,false,,
115391,HYZ538,"869671075564300",,,,{},,,,,false,,,false,,0.0,false,,0,false,,
115392,NLR393,"869671075574713",,,,{},,,,,false,,,false,,0.0,false,,0,false,,
31832,CNL546,"045264241173078",2026-04-08 23:49:08.097,506172739,320,{},,,,,false,offline ,,true,,0.0,false,,0,true,,
42613,CKF108,"804733798478156",2026-04-01 21:35:07.090,355235662,428,{},,,,,false,offline ,,true,,0.0,false,,0,true,,
115400,GRN052,"869671075623205",,,,{},,,,,false,,,false,,0.0,false,,0,false,,
115407,NMR632,"865413056037251",,,,{},,,,,false,,,false,,0.0,false,,0,false,,
115408,GIQ667,"869671073359018",,,,{},,,,,false,,,false,,0.0,false,,0,false,,
45602,MHQ008,"134909909878820",2026-04-01 21:35:25.769,355240010,458,{},,,,,false,offline ,,true,,0.0,false,,0,true,,
115413,NQN855,"869671075536746",,,,{},,,,,false,,,false,,0.0,false,,0,false,,
115419,HXU326,"865413055796436",,,,{},,,,,false,,,false,,0.0,false,,0,false,,
115420,IUW125,"869671074365790",,,,{},,,,,false,,,false,,0.0,false,,0,false,,
115421,MSW447,"865413055652415",,,,{},,,,,false,,,false,,0.0,false,,0,false,,
42491,PFN952,"560214374865433",2026-04-01 21:35:05.351,355234803,426,{},,,,,false,offline ,,true,,0.0,false,,0,true,,
115432,HDW798,"865413056593147",,,,{},,,,,false,,,false,,0.0,false,,0,false,,
115434,RMK672,"865413055977580",,,,{},,,,,false,,,false,,0.0,false,,0,false,,
115435,GMU232,"869671072787961",,,,{},,,,,false,,,false,,0.0,false,,0,false,,
115439,KJW821,"865413053514450",,,,{},,,,,false,,,false,,0.0,false,,0,false,,
40687,BQQ768,"225943487435448",2026-04-01 21:35:13.493,355237317,408,{},,,,,false,offline ,,true,,0.0,false,,0,true,,
115451,JDR488,"869671074387059",,,,{},,,,,false,,,false,,0.0,false,,0,false,,
115467,EFS024,"869671074584986",,,,{},,,,,false,,,false,,0.0,false,,0,false,,
115474,NTS582,"865413052217501",,,,{},,,,,false,,,false,,0.0,false,,0,false,,
115508,ELW361,"869671074543719",,,,{},,,,,false,,,false,,0.0,false,,0,false,,
115518,LXL610,"865413056544637",,,,{},,,,,false,,,false,,0.0,false,,0,false,,
115527,DOQ052,"865413056159246",,,,{},,,,,false,,,false,,0.0,false,,0,false,,
115540,KPZ500,"865413054827745",,,,{},,,,,false,,,false,,0.0,false,,0,false,,
115580,FJT184,"865413056011074",,,,{},,,,,false,,,false,,0.0,false,,0,false,,
115597,EJW237,"869671073378174",,,,{},,,,,false,,,false,,0.0,false,,0,false,,
115602,LPK976,"864035051964931",,,,{},,,,,false,,,false,,0.0,false,,0,false,,
115608,NSV920,"865413056574162",,,,{},,,,,false,,,false,,0.0,false,,0,false,,
115627,JJY313,"863238070983269",,,,{},,,,,false,,,false,,0.0,false,,0,false,,
115628,FIY364,"869671075641553",,,,{},,,,,false,,,false,,0.0,false,,0,false,,
115643,JCU728,"869671074629351",,,,{},,,,,false,,,false,,0.0,false,,0,false,,
115658,NHV729,"864035051830280",,,,{},,,,,false,,,false,,0.0,false,,0,false,,
115662,JBS060,"865413055219363",,,,{},,,,,false,,,false,,0.0,false,,0,false,,
115665,FYN777,"869671075659167",,,,{},,,,,false,,,false,,0.0,false,,0,false,,
115673,HVW983,"869671075931368",,,,{},,,,,false,,,false,,0.0,false,,0,false,,
115681,KPS222,"865413055531585",,,,{},,,,,false,,,false,,0.0,false,,0,false,,
115689,LKT448,"869671072797085",,,,{},,,,,false,,,false,,0.0,false,,0,false,,
115692,EOS465,"869671074646710",,,,{},,,,,false,,,false,,0.0,false,,0,false,,
115694,JMO122,"865413055203524",,,,{},,,,,false,,,false,,0.0,false,,0,false,,
115702,LEX815,"869671075960128",,,,{},,,,,false,,,false,,0.0,false,,0,false,,
115716,JIZ527,"865413056128472",,,,{},,,,,false,,,false,,0.0,false,,0,false,,
115718,IKS354,"863238070913860",,,,{},,,,,false,,,false,,0.0,false,,0,false,,
115724,HXW405,"865413053345350",,,,{},,,,,false,,,false,,0.0,false,,0,false,,
115763,HKK317,"865413054850010",,,,{},,,,,false,,,false,,0.0,false,,0,false,,
115832,LIP027,"868307060143344",,,,{},,,,,false,,,false,,0.0,false,,0,false,,
115839,DOS433,"865413053503909",,,,{},,,,,false,,,false,,0.0,false,,0,false,,
115863,HZP088,"869671075670016",,,,{},,,,,false,,,false,,0.0,false,,0,false,,
48202,ZLN839,"672494970440543",2026-04-01 20:40:17.244,354846456,484,{},,,,,false,offline ,,true,,0.0,false,,0,true,,
115920,KGW113,"864035050768952",,,,{},,,,,false,,,false,,0.0,false,,0,false,,
115932,LEV078,"865413055987688",,,,{},,,,,false,,,false,,0.0,false,,0,false,,
115934,UCW056,"868307060181567",,,,{},,,,,false,,,false,,0.0,false,,0,false,,
115961,USY683,"869671075543296",,,,{},,,,,false,,,false,,0.0,false,,0,false,,
116242,ETL345,"868307060143526",,,,{},,,,,false,,,false,,0.0,false,,0,false,,
114342,TSS969,"869671075644599",,,,{},,,,,false,,,false,,0.0,false,,0,false,,
114343,FOT275,"869671075952885",,,,{},,,,,false,,,false,,0.0,false,,0,false,,
114344,PXL584,"869671077107587",,,,{},,,,,false,,,false,,0.0,false,,0,false,,
114345,LMQ243,"869671075952927",,,,{},,,,,false,,,false,,0.0,false,,0,false,,
114347,MYW893,"869671075646792",,,,{},,,,,false,,,false,,0.0,false,,0,false,,
114348,QJY028,"869671077384806",,,,{},,,,,false,,,false,,0.0,false,,0,false,,
114353,LQK519,"869671075629863",,,,{},,,,,false,,,false,,0.0,false,,0,false,,
114356,LZN521,"869671075597805",,,,{},,,,,false,,,false,,0.0,false,,0,false,,
11779,CPB232,"133895509087089",2026-04-08 23:49:24.400,506197204,118,{},,,,,false,offline ,,true,,0.0,false,,0,true,,
114357,JEO200,"869671075606986",,,,{},,,,,false,,,false,,0.0,false,,0,false,,
2102,HWN010,"814541320039547",2026-05-09 02:08:50.713,510752180,22,{},,,,,false,offline ,,true,2026-05-09 02:08:04.000,514893442.35381514,false,,0,false,,510752180
114358,POV842,"869671075878734",,,,{},,,,,false,,,false,,0.0,false,,0,false,,
2065,FYM156,"093715175673715",2026-05-09 02:08:49.610,510752134,21,{},,,,,false,offline ,,true,2026-05-09 02:08:04.000,349690057.31194437,false,,0,false,,510752134
42420,MWW211,"590328116740219",2026-04-01 21:35:27.194,355240248,426,{},,,,,false,offline ,,true,,0.0,false,,0,true,,
11795,BFB680,"585345143330258",2026-04-08 23:49:24.404,506197224,118,{},,,,,false,offline ,,true,,0.0,false,,0,true,,
114360,PGS448,"869671075605129",,,,{},,,,,false,,,false,,0.0,false,,0,false,,
2188,PZT376,"202417107819791",2026-05-09 02:08:52.673,510752259,22,{},,,,,false,offline ,,true,2026-05-09 02:08:04.000,445449882.17062736,false,,0,false,,510752259
43853,VMD213,"678513636478995",2026-04-01 21:35:36.658,355241753,440,{},,,,,false,offline ,,true,,0.0,false,,0,true,,
2153,FPD481,"890916147726103",2026-05-09 02:08:50.787,510752181,22,{},,,,,false,offline ,,true,2026-05-09 02:08:04.000,370934287.7240494,false,,0,false,,510752181
2176,SZK726,"874721139926079",2026-05-09 02:08:51.268,510752201,22,{},,,,,false,offline ,,true,2026-05-09 02:08:04.000,366069947.0929901,false,,0,false,,510752201
58888,DGZ961,"099375193842562",2026-04-01 20:42:07.747,354935929,590,{},,,,,false,offline ,,true,,0.0,false,,0,true,,
2180,FZH450,"039547825026821",2026-05-09 02:08:51.668,510752217,22,{},,,,,false,offline ,,true,2026-05-09 02:08:04.000,311294146.7345639,false,,0,false,,510752217
11634,CMN887,"897872219845060",2026-04-08 23:49:24.392,506197166,117,{},,,,,false,offline ,,true,,0.0,false,,0,true,,
114364,LUN407,"869671075629913",,,,{},,,,,false,,,false,,0.0,false,,0,false,,
114365,NZK003,"869671075618585",,,,{},,,,,false,,,false,,0.0,false,,0,false,,
114367,LFQ777,"869671073377507",,,,{},,,,,false,,,false,,0.0,false,,0,false,,
114368,DOU290,"863238070991684",,,,{},,,,,false,,,false,,0.0,false,,0,false,,
20013,SSK435,"648796232912890",2026-04-08 23:49:08.383,506173276,201,{},,,,,false,offline ,,true,,0.0,false,,0,true,,
114369,QJX719,"869671077184578",,,,{},,,,,false,,,false,,0.0,false,,0,false,,
114370,EPP429,"863238070991585",,,,{},,,,,false,,,false,,0.0,false,,0,false,,
114373,EIW501,"869671075934982",,,,{},,,,,false,,,false,,0.0,false,,0,false,,
114376,PPK171,"869671075650141",,,,{},,,,,false,,,false,,0.0,false,,0,false,,
114377,PSX475,"869671070450760",,,,{},,,,,false,,,false,,0.0,false,,0,false,,
11719,NJZ340,"598337731277160",2026-04-08 23:49:24.396,506197182,118,{},,,,,false,offline ,,true,,0.0,false,,0,true,,
114383,JSL448,"869671073386516",,,,{},,,,,false,,,false,,0.0,false,,0,false,,
114386,LZU464,"869671077108031",,,,{},,,,,false,,,false,,0.0,false,,0,false,,
114388,DZZ950,"865413057032129",,,,{},,,,,false,,,false,,0.0,false,,0,false,,
114390,HXV862,"869671075943074",,,,{},,,,,false,,,false,,0.0,false,,0,false,,
11708,HPL862,"013086469899243",2026-04-08 23:49:24.398,506197195,118,{},,,,,false,offline ,,true,,0.0,false,,0,true,,
114391,PCM551,"869671075632792",,,,{},,,,,false,,,false,,0.0,false,,0,false,,
11684,XZC533,"798153664371708",2026-04-08 23:49:24.394,506197178,117,{},,,,,false,offline ,,true,,0.0,false,,0,true,,
114394,POO327,"869671077347472",,,,{},,,,,false,,,false,,0.0,false,,0,false,,
114398,KZT191,"869671073321760",,,,{},,,,,false,,,false,,0.0,false,,0,false,,
114400,LQP304,"869671070292337",,,,{},,,,,false,,,false,,0.0,false,,0,false,,
114401,PXZ638,"865413057651738",,,,{},,,,,false,,,false,,0.0,false,,0,false,,
114402,PPK302,"869671070335474",,,,{},,,,,false,,,false,,0.0,false,,0,false,,
114404,LUW637,"869671070231079",,,,{},,,,,false,,,false,,0.0,false,,0,false,,
114405,KPZ900,"869671070355860",,,,{},,,,,false,,,false,,0.0,false,,0,false,,
114406,FNZ258,"865413057597238",,,,{},,,,,false,,,false,,0.0,false,,0,false,,
11766,VFV206,"816097986334977",2026-04-08 23:49:24.403,506197214,118,{},,,,,false,offline ,,true,,0.0,false,,0,true,,
20163,ZDL676,"485574993275484",2026-04-08 23:49:08.391,506173299,202,{},,,,,false,offline ,,true,,0.0,false,,0,true,,
20167,JXP740,"581396065658972",2026-04-08 23:49:08.386,506173287,202,{},,,,,false,offline ,,true,,0.0,false,,0,true,,
114407,LPY701,"865413057597204",,,,{},,,,,false,,,false,,0.0,false,,0,false,,
114410,UEA02G,"869671075948891",,,,{},,,,,false,,,false,,0.0,false,,0,false,,
114411,FJT839,"869671075622405",,,,{},,,,,false,,,false,,0.0,false,,0,false,,
20177,TFR190,"039420306907978",2026-04-08 23:49:08.393,506173311,202,{},,,,,false,offline ,,true,,0.0,false,,0,true,,
114414,PTU836,"863238070788239",,,,{},,,,,false,,,false,,0.0,false,,0,false,,
62028,GZP322,"764758221467243",2026-04-01 20:42:33.564,354946203,622,{},,,,,false,offline ,,true,,0.0,false,,0,true,,
52419,FHZ549,"102010886694633",2026-04-01 20:41:03.788,354900714,526,{},,,,,false,offline ,,true,,0.0,false,,0,true,,
114416,NHT972,"869671075663169",,,,{},,,,,false,,,false,,0.0,false,,0,false,,
114417,DQM231,"863238071005138",,,,{},,,,,false,,,false,,0.0,false,,0,false,,
114420,PPK368,"863238070755923",,,,{},,,,,false,,,false,,0.0,false,,0,false,,
114422,LQP991,"869671075637817",,,,{},,,,,false,,,false,,0.0,false,,0,false,,
114423,PUK899,"863238073694079",,,,{},,,,,false,,,false,,0.0,false,,0,false,,
114424,QJS730,"863238073470546",,,,{},,,,,false,,,false,,0.0,false,,0,false,,
53741,WSK920,"329370525245057",2026-04-01 20:39:48.418,354819087,539,{},,,,,false,offline ,,true,,0.0,false,,0,true,,
114425,PUN258,"869671075656213",,,,{},,,,,false,,,false,,0.0,false,,0,false,,
114427,PTS315,"869671075590933",,,,{},,,,,false,,,false,,0.0,false,,0,false,,
114429,KNO873,"869671075671410",,,,{},,,,,false,,,false,,0.0,false,,0,false,,
114430,LSO256,"869671073346338",,,,{},,,,,false,,,false,,0.0,false,,0,false,,
57001,PZL292,"483920196785153",2026-04-01 20:41:51.280,354928678,572,{},,,,,false,offline ,,true,,0.0,false,,0,true,,
114431,JEQ186,"863238070890498",,,,{},,,,,false,,,false,,0.0,false,,0,false,,
54045,BNJ348,"061120864250792",2026-04-01 20:39:51.265,354820999,542,{},,,,,false,offline ,,true,,0.0,false,,0,true,,
114435,LJT407,"865413055242324",,,,{},,,,,false,,,false,,0.0,false,,0,false,,
114436,LLP624,"863238070775509",,,,{},,,,,false,,,false,,0.0,false,,0,false,,
49514,GBH382,"044316633803018",2026-04-01 20:40:38.521,354876917,497,{},,,,,false,offline ,,true,,0.0,false,,0,true,,
114440,PIM978,"869671075565497",,,,{},,,,,false,,,false,,0.0,false,,0,false,,
114441,LLO631,"865413053516257",,,,{},,,,,false,,,false,,0.0,false,,0,false,,
42053,QJS392,"118820001319201",2026-04-01 21:35:16.175,355237924,422,{},,,,,false,offline ,,true,,0.0,false,,0,true,,
114442,LUL618,"865413053517099",,,,{},,,,,false,,,false,,0.0,false,,0,false,,
50660,BFB371,"729991110967924",2026-04-01 20:40:47.998,354888326,508,{},,,,,false,offline ,,true,,0.0,false,,0,true,,
114443,QIV777,"869671070341266",,,,{},,,,,false,,,false,,0.0,false,,0,false,,
114444,GHM152,"869671070231020",,,,{},,,,,false,,,false,,0.0,false,,0,false,,
114446,LPM268,"869671077385423",,,,{},,,,,false,,,false,,0.0,false,,0,false,,
11745,DFR853,"271830259850297",2026-04-08 23:49:24.417,506197283,118,{},,,,,false,offline ,,true,,0.0,false,,0,true,,
11767,QFF193,"911878971642118",2026-04-08 23:49:24.421,506197305,118,{},,,,,false,offline ,,true,,0.0,false,,0,true,,
114447,DUP858,"869671077384889",,,,{},,,,,false,,,false,,0.0,false,,0,false,,
114448,QJQ083,"865413057269556",,,,{},,,,,false,,,false,,0.0,false,,0,false,,
114449,MYR649,"869671070314396",,,,{},,,,,false,,,false,,0.0,false,,0,false,,
114450,JWZ280,"869671073380709",,,,{},,,,,false,,,false,,0.0,false,,0,false,,
114451,PVQ733,"869671077086658",,,,{},,,,,false,,,false,,0.0,false,,0,false,,
114452,PXX952,"869671077389631",,,,{},,,,,false,,,false,,0.0,false,,0,false,,
114453,LUN512,"869671077320164",,,,{},,,,,false,,,false,,0.0,false,,0,false,,
114454,NYQ333,"869671077034419",,,,{},,,,,false,,,false,,0.0,false,,0,false,,
114455,QJK842,"869671073343178",,,,{},,,,,false,,,false,,0.0,false,,0,false,,
114456,KXV684,"869671072475252",,,,{},,,,,false,,,false,,0.0,false,,0,false,,
114460,PXV206,"869671070289721",,,,{},,,,,false,,,false,,0.0,false,,0,false,,
114464,JUX835,"869671077345047",,,,{},,,,,false,,,false,,0.0,false,,0,false,,
42394,QQF181,"312636710175955",2026-04-01 21:35:18.997,355238544,426,{},,,,,false,offline ,,true,,0.0,false,,0,true,,
114465,PVT263,"869671077345187",,,,{},,,,,false,,,false,,0.0,false,,0,false,,
114467,PVT127,"869671077406476",,,,{},,,,,false,,,false,,0.0,false,,0,false,,
11651,ZYT368,"159281379899292",2026-04-08 23:49:24.404,506197225,117,{},,,,,false,offline ,,true,,0.0,false,,0,true,,
45270,XCX413,"229026730375920",2026-04-01 21:35:38.012,355241933,454,{},,,,,false,offline ,,true,,0.0,false,,0,true,,
114470,NYU637,"869671075562239",,,,{},,,,,false,,,false,,0.0,false,,0,false,,
114471,PSX494,"869671074623578",,,,{},,,,,false,,,false,,0.0,false,,0,false,,
8066,PSD665,"841901368746659",2026-05-09 02:04:30.297,510749440,81,{},,,,,false,offline ,,false,,0.0,false,,0,false,,
14082,ZHV754,"662023029782134",2026-04-08 23:49:08.334,506173061,141,{},,,,,false,offline ,,true,,0.0,false,,0,true,,
114475,NOL583,"869671075650729",,,,{},,,,,false,,,false,,0.0,false,,0,false,,
8085,WXJ165,"726817872956842",2026-05-09 02:04:30.668,510749455,81,{},,,,,false,offline ,,false,,0.0,false,,0,false,,
114476,LSO399,"863238070872769",,,,{},,,,,false,,,false,,0.0,false,,0,false,,
8169,CPL365,"337961368171689",2026-05-09 02:04:32.010,510749508,82,{},,,,,false,offline ,,false,,0.0,false,,0,false,,
14040,PXQ274,"735992536270226",2026-04-08 23:49:08.332,506173055,141,{},,,,,false,offline ,,true,,0.0,false,,0,true,,
46855,DSR823,"609922419412218",2026-04-01 21:35:48.363,355243320,470,{},,,,,false,offline ,,true,,0.0,false,,0,true,,
114479,LTX523,"869671074385244",,,,{},,,,,false,,,false,,0.0,false,,0,false,,
11718,XWY151,"340823465715328",2026-04-08 23:49:24.415,506197272,118,{},,,,,false,offline ,,true,,0.0,false,,0,true,,
114481,GCY760,"869671077340907",,,,{},,,,,false,,,false,,0.0,false,,0,false,,
114483,NGR184,"865413053308226",,,,{},,,,,false,,,false,,0.0,false,,0,false,,
114484,LQQ353,"869671075523736",,,,{},,,,,false,,,false,,0.0,false,,0,false,,
114485,GJU323,"869671076011434",,,,{},,,,,false,,,false,,0.0,false,,0,false,,
114503,LWS646,"863238073548812",,,,{},,,,,false,,,false,,0.0,false,,0,false,,
114504,LXS704,"869671075600302",,,,{},,,,,false,,,false,,0.0,false,,0,false,,
114507,POO348,"863238070764362",,,,{},,,,,false,,,false,,0.0,false,,0,false,,
114510,QJY673,"869671073336370",,,,{},,,,,false,,,false,,0.0,false,,0,false,,
114511,NWX580,"865413057597592",,,,{},,,,,false,,,false,,0.0,false,,0,false,,
114513,QJI68H,"869671075916211",,,,{},,,,,false,,,false,,0.0,false,,0,false,,
11683,TSM606,"237096412369012",2026-04-08 23:49:24.402,506197213,117,{},,,,,false,offline ,,true,,0.0,false,,0,true,,
11690,TWM934,"100517980684379",2026-04-08 23:49:24.411,506197258,117,{},,,,,false,offline ,,true,,0.0,false,,0,true,,
42385,HMC285,"277200926490352",2026-04-01 21:35:29.340,355240567,425,{},,,,,false,offline ,,true,,0.0,false,,0,true,,
114514,FPW620,"869671077132312",,,,{},,,,,false,,,false,,0.0,false,,0,false,,
114516,PYP702,"869671075520641",,,,{},,,,,false,,,false,,0.0,false,,0,false,,
114518,QJX965,"869671075911212",,,,{},,,,,false,,,false,,0.0,false,,0,false,,
114519,FPM673,"863238070787421",,,,{},,,,,false,,,false,,0.0,false,,0,false,,
114520,QJX375,"869671074372473",,,,{},,,,,false,,,false,,0.0,false,,0,false,,
11756,YTL488,"230997657293550",2026-04-08 23:49:24.419,506197295,118,{},,,,,false,offline ,,true,,0.0,false,,0,true,,
11746,SFP246,"113764137314543",2026-04-08 23:49:24.409,506197244,118,{},,,,,false,offline ,,true,,0.0,false,,0,true,,
50685,GYX375,"087538296765287",2026-04-01 20:39:57.936,354825697,508,{},,,,,false,offline ,,true,,0.0,false,,0,true,,
114521,LUM640,"869671075623908",,,,{},,,,,false,,,false,,0.0,false,,0,false,,
114523,QJX359,"869671077425831",,,,{},,,,,false,,,false,,0.0,false,,0,false,,
61289,YQK924,"707158156464507",2026-04-01 20:42:37.844,354948028,614,{},,,,,false,offline ,,true,,0.0,false,,0,true,,
61306,SPC253,"902942692131883",2026-04-01 20:42:35.273,354947063,615,{},,,,,false,offline ,,true,,0.0,false,,0,true,,
114524,NTW422,"869671077042636",,,,{},,,,,false,,,false,,0.0,false,,0,false,,
114525,PWK730,"869671075662591",,,,{},,,,,false,,,false,,0.0,false,,0,false,,
53060,FKB291,"537195277896833",2026-04-01 20:41:09.696,354904060,532,{},,,,,false,offline ,,true,,0.0,false,,0,true,,
114526,QJK929,"869671075553709",,,,{},,,,,false,,,false,,0.0,false,,0,false,,
114528,QJX147,"869671075552776",,,,{},,,,,false,,,false,,0.0,false,,0,false,,
114529,QJX998,"869671075939312",,,,{},,,,,false,,,false,,0.0,false,,0,false,,
114532,PAT317,"869671074371780",,,,{},,,,,false,,,false,,0.0,false,,0,false,,
50679,ZWV970,"815222520158911",2026-04-01 20:40:39.034,354877651,508,{},,,,,false,offline ,,true,,0.0,false,,0,true,,
114533,QIO170,"865413057080219",,,,{},,,,,false,,,false,,0.0,false,,0,false,,
114535,PWM091,"865413057645888",,,,{},,,,,false,,,false,,0.0,false,,0,false,,
114536,PMX463,"869671073670323",,,,{},,,,,false,,,false,,0.0,false,,0,false,,
114537,ELQ757,"863238070806163",,,,{},,,,,false,,,false,,0.0,false,,0,false,,
114539,LZM497,"869671072489071",,,,{},,,,,false,,,false,,0.0,false,,0,false,,
114541,DRW741,"869671077184479",,,,{},,,,,false,,,false,,0.0,false,,0,false,,
114542,HWY016,"869671077092334",,,,{},,,,,false,,,false,,0.0,false,,0,false,,
60181,XTJ808,"333255014755142",2026-04-01 20:42:21.197,354941219,603,{},,,,,false,offline ,,true,,0.0,false,,0,true,,
114543,FIY289,"869671077409074",,,,{},,,,,false,,,false,,0.0,false,,0,false,,
114545,UCX473,"869671073336248",,,,{},,,,,false,,,false,,0.0,false,,0,false,,
114546,PZM852,"869671077233557",,,,{},,,,,false,,,false,,0.0,false,,0,false,,
114547,LUX086,"868307060186558",,,,{},,,,,false,,,false,,0.0,false,,0,false,,
114548,QJX220,"869671077130100",,,,{},,,,,false,,,false,,0.0,false,,0,false,,
114549,NXZ661,"869671075985315",,,,{},,,,,false,,,false,,0.0,false,,0,false,,
114550,WSM47H,"869671077131686",,,,{},,,,,false,,,false,,0.0,false,,0,false,,
114552,PZK280,"869671075890242",,,,{},,,,,false,,,false,,0.0,false,,0,false,,
11739,TWS839,"203737685485981",2026-04-08 23:49:24.420,506197298,118,{},,,,,false,offline ,,true,,0.0,false,,0,true,,
114553,LKQ670,"869671077346391",,,,{},,,,,false,,,false,,0.0,false,,0,false,,
114555,PVQ670,"869671075589406",,,,{},,,,,false,,,false,,0.0,false,,0,false,,
114556,PWR263,"869671075560365",,,,{},,,,,false,,,false,,0.0,false,,0,false,,
114557,PJR47H,"869671077043667",,,,{},,,,,false,,,false,,0.0,false,,0,false,,
114558,QKN776,"869671077384665",,,,{},,,,,false,,,false,,0.0,false,,0,false,,
114559,HGR859,"868166051468650",,,,{},,,,,false,,,false,,0.0,false,,0,false,,
25744,KMY134,"006990647744313",2026-04-08 23:49:08.070,506172659,258,{},,,,,false,offline ,,true,,0.0,false,,0,true,,
25756,JGH914,"735680393714648",2026-04-08 23:49:08.108,506172756,258,{},,,,,false,offline ,,true,,0.0,false,,0,true,,
40978,FDR244,"437300330144186",2026-04-01 21:35:17.460,355238200,411,{},,,,,false,offline ,,true,,0.0,false,,0,true,,
114560,PYT295,"869671077184636",,,,{},,,,,false,,,false,,0.0,false,,0,false,,
25759,ZVQ948,"660492751955915",2026-04-08 23:49:08.125,506172779,258,{},,,,,false,offline ,,true,,0.0,false,,0,true,,
114561,KZL405,"869671075926608",,,,{},,,,,false,,,false,,0.0,false,,0,false,,
42451,PWK167,"681676579025142",2026-04-01 21:35:25.534,355239956,426,{},,,,,false,offline ,,true,,0.0,false,,0,true,,
114562,LUM522,"868166050586221",,,,{},,,,,false,,,false,,0.0,false,,0,false,,
11650,BQY831,"790814264868348",2026-04-08 23:49:24.411,506197257,117,{},,,,,false,offline ,,true,,0.0,false,,0,true,,
114563,LOP072,"868166050285527",,,,{},,,,,false,,,false,,0.0,false,,0,false,,
19791,YKV524,"852297148013098",2026-04-08 23:49:08.059,506172610,198,{},,,,,false,offline ,,true,,0.0,false,,0,true,,
114564,NIR530,"869671075903458",,,,{},,,,,false,,,false,,0.0,false,,0,false,,
11729,ZTL814,"469753878859691",2026-04-08 23:49:24.416,506197275,118,{},,,,,false,offline ,,true,,0.0,false,,0,true,,
114565,JTY758,"868166051686970",,,,{},,,,,false,,,false,,0.0,false,,0,false,,
11725,VGX963,"897337926813686",2026-04-08 23:49:24.418,506197286,118,{},,,,,false,offline ,,true,,0.0,false,,0,true,,
114566,ZVL774,"869671077184297",,,,{},,,,,false,,,false,,0.0,false,,0,false,,
11720,PJY582,"447229590003030",2026-04-08 23:49:24.414,506197267,118,{},,,,,false,offline ,,true,,0.0,false,,0,true,,
114567,JYY696,"869671075552602",,,,{},,,,,false,,,false,,0.0,false,,0,false,,
114571,JYW330,"869671075520757",,,,{},,,,,false,,,false,,0.0,false,,0,false,,
114572,LUN293,"864035050827451",,,,{},,,,,false,,,false,,0.0,false,,0,false,,
114573,LRP919,"869671075998912",,,,{},,,,,false,,,false,,0.0,false,,0,false,,
11676,FFL885,"450896193098213",2026-04-08 23:49:24.409,506197242,117,{},,,,,false,offline ,,true,,0.0,false,,0,true,,
114574,ESU129,"868166051939189",,,,{},,,,,false,,,false,,0.0,false,,0,false,,
114576,QJT974,"863238070733656",,,,{},,,,,false,,,false,,0.0,false,,0,false,,
25629,VRT611,"829345654390663",2026-04-08 23:49:08.118,506172771,257,{},,,,,false,offline ,,true,,0.0,false,,0,true,,
114577,LKM490,"865413053515945",,,,{},,,,,false,,,false,,0.0,false,,0,false,,
114579,ETL197,"864035051769728",,,,{},,,,,false,,,false,,0.0,false,,0,false,,
25652,JNF839,"732840578261228",2026-04-08 23:49:08.091,506172727,257,{},,,,,false,offline ,,true,,0.0,false,,0,true,,
114580,LLR142,"864035051633668",,,,{},,,,,false,,,false,,0.0,false,,0,false,,
114582,LIY680,"864035050762484",,,,{},,,,,false,,,false,,0.0,false,,0,false,,
11755,CJD526,"416769112815939",2026-04-08 23:49:24.422,506197309,118,{},,,,,false,offline ,,true,,0.0,false,,0,true,,
114583,NSX685,"869671075960979",,,,{},,,,,false,,,false,,0.0,false,,0,false,,
114585,DVZ151,"869671074490416",,,,{},,,,,false,,,false,,0.0,false,,0,false,,
114586,QJX573,"869671077414777",,,,{},,,,,false,,,false,,0.0,false,,0,false,,
114587,FVQ197,"869671074558386",,,,{},,,,,false,,,false,,0.0,false,,0,false,,
25669,HVQ225,"726931534957377",2026-04-08 23:49:08.080,506172696,257,{},,,,,false,offline ,,true,,0.0,false,,0,true,,
114588,LPY450,"868166051653459",,,,{},,,,,false,,,false,,0.0,false,,0,false,,
114589,LPZ694,"868166051659902",,,,{},,,,,false,,,false,,0.0,false,,0,false,,
25702,QHP084,"123241430682239",2026-04-08 23:49:08.075,506172678,258,{},,,,,false,offline ,,true,,0.0,false,,0,true,,
49560,RLY976,"736102958272077",2026-04-01 20:39:51.444,354821110,497,{},,,,,false,offline ,,true,,0.0,false,,0,true,,
114590,IKU491,"868166050465442",,,,{},,,,,false,,,false,,0.0,false,,0,false,,
44304,XTS823,"036979072099040",2026-04-01 21:35:16.537,355238012,445,{},,,,,false,offline ,,true,,0.0,false,,0,true,,
25694,XZD444,"676710742745000",2026-04-08 23:49:08.102,506172747,257,{},,,,,false,offline ,,true,,0.0,false,,0,true,,
114592,QJT259,"869671075574325",,,,{},,,,,false,,,false,,0.0,false,,0,false,,
25655,VCP490,"097261678601438",2026-04-08 23:49:08.086,506172711,257,{},,,,,false,offline ,,true,,0.0,false,,0,true,,
114593,HET078,"869671074414135",,,,{},,,,,false,,,false,,0.0,false,,0,false,,
114594,IDO612,"865413054713093",,,,{},,,,,false,,,false,,0.0,false,,0,false,,
114595,JJO894,"865413055363401",,,,{},,,,,false,,,false,,0.0,false,,0,false,,
114598,NOS522,"865413053320114",,,,{},,,,,false,,,false,,0.0,false,,0,false,,
114599,NOX397,"865413054700165",,,,{},,,,,false,,,false,,0.0,false,,0,false,,
114600,ZYM201,"865413052037396",,,,{},,,,,false,,,false,,0.0,false,,0,false,,
114601,NQM743,"869671075549715",,,,{},,,,,false,,,false,,0.0,false,,0,false,,
114602,DUR564,"869671072775263",,,,{},,,,,false,,,false,,0.0,false,,0,false,,
114603,EDY414,"865413056111668",,,,{},,,,,false,,,false,,0.0,false,,0,false,,
55017,ZLD720,"444995587102612",2026-04-01 20:41:38.452,354919596,552,{},,,,,false,offline ,,true,,0.0,false,,0,true,,
114604,EIV686,"865413054699474",,,,{},,,,,false,,,false,,0.0,false,,0,false,,
114605,GCN229,"865413056562993",,,,{},,,,,false,,,false,,0.0,false,,0,false,,
114606,GLR468,"869671072774357",,,,{},,,,,false,,,false,,0.0,false,,0,false,,
114607,JTZ060,"865413056111742",,,,{},,,,,false,,,false,,0.0,false,,0,false,,
114608,JYX809,"865413057122813",,,,{},,,,,false,,,false,,0.0,false,,0,false,,
44330,CBG920,"666517798718647",2026-04-01 21:35:39.471,355242129,445,{},,,,,false,offline ,,true,,0.0,false,,0,true,,
114610,NGR089,"865413052793725",,,,{},,,,,false,,,false,,0.0,false,,0,false,,
44317,QRX540,"140204094089462",2026-04-01 21:35:39.861,355242186,445,{},,,,,false,offline ,,true,,0.0,false,,0,true,,
114611,NHR060,"865413055989577",,,,{},,,,,false,,,false,,0.0,false,,0,false,,
114614,NMS648,"865413054835482",,,,{},,,,,false,,,false,,0.0,false,,0,false,,
114615,JVK178,"868166051080398",,,,{},,,,,false,,,false,,0.0,false,,0,false,,
114616,NOX515,"865413054326599",,,,{},,,,,false,,,false,,0.0,false,,0,false,,
114617,NOX516,"865413054301592",,,,{},,,,,false,,,false,,0.0,false,,0,false,,
114618,PKK973,"865413056041477",,,,{},,,,,false,,,false,,0.0,false,,0,false,,
114619,IGV084,"864035051765007",,,,{},,,,,false,,,false,,0.0,false,,0,false,,
114620,PMV062,"865413055985989",,,,{},,,,,false,,,false,,0.0,false,,0,false,,
114621,PMV236,"865413057204199",,,,{},,,,,false,,,false,,0.0,false,,0,false,,
114622,ZNO176,"865413056563587",,,,{},,,,,false,,,false,,0.0,false,,0,false,,
114623,PYY253,"863238070930716",,,,{},,,,,false,,,false,,0.0,false,,0,false,,
11784,BBB894,"380200991228228",2026-04-08 23:49:24.416,506197280,118,{},,,,,false,offline ,,true,,0.0,false,,0,true,,
114624,ZFM50H,"869671077209821",,,,{},,,,,false,,,false,,0.0,false,,0,false,,
114625,LCO027,"868166050284264",,,,{},,,,,false,,,false,,0.0,false,,0,false,,
114627,LQQ609,"869671073371104",,,,{},,,,,false,,,false,,0.0,false,,0,false,,
114629,NIS256,"865413056609125",,,,{},,,,,false,,,false,,0.0,false,,0,false,,
114630,NZQ772,"869671075645059",,,,{},,,,,false,,,false,,0.0,false,,0,false,,
114631,GRT299,"869671075584068",,,,{},,,,,false,,,false,,0.0,false,,0,false,,
114632,FQU64H,"869671070452220",,,,{},,,,,false,,,false,,0.0,false,,0,false,,
114634,HRL591,"868166051940534",,,,{},,,,,false,,,false,,0.0,false,,0,false,,
114635,LWZ575,"868166051165702",,,,{},,,,,false,,,false,,0.0,false,,0,false,,
114636,DRY810,"868307060180973",,,,{},,,,,false,,,false,,0.0,false,,0,false,,
114637,PVW794,"869671072453325",,,,{},,,,,false,,,false,,0.0,false,,0,false,,
114639,QJL419,"869671075660900",,,,{},,,,,false,,,false,,0.0,false,,0,false,,
114640,QLO616,"869671073343889",,,,{},,,,,false,,,false,,0.0,false,,0,false,,
17643,QFM644,"668141889255217",2026-04-08 23:49:24.421,506197304,177,{},,,,,false,offline ,,true,,0.0,false,,0,true,,
114641,PZR763,"863238073591432",,,,{},,,,,false,,,false,,0.0,false,,0,false,,
114642,QJY834,"869671070340227",,,,{},,,,,false,,,false,,0.0,false,,0,false,,
114643,NTS963,"865413057657313",,,,{},,,,,false,,,false,,0.0,false,,0,false,,
114645,PZL090,"869671077221230",,,,{},,,,,false,,,false,,0.0,false,,0,false,,
114646,QIS753,"869671070378367",,,,{},,,,,false,,,false,,0.0,false,,0,false,,
114649,QLQ840,"869671070479348",,,,{},,,,,false,,,false,,0.0,false,,0,false,,
114650,UDQ553,"869671070299902",,,,{},,,,,false,,,false,,0.0,false,,0,false,,
114651,ZFM57H,"865413057518523",,,,{},,,,,false,,,false,,0.0,false,,0,false,,
17731,DDC475,"746935901988853",2026-04-08 23:49:24.431,506197356,178,{},,,,,false,offline ,,true,,0.0,false,,0,true,,
114652,LGT423,"864035051766252",,,,{},,,,,false,,,false,,0.0,false,,0,false,,
17617,NTT188,"921812689427213",2026-04-08 23:49:24.425,506197320,177,{},,,,,false,offline ,,true,,0.0,false,,0,true,,
114654,KSQ412,"868166050724616",,,,{},,,,,false,,,false,,0.0,false,,0,false,,
114655,QNT788,"863238077179572",,,,{},,,,,false,,,false,,0.0,false,,0,false,,
114656,EGV268,"863238074104540",,,,{},,,,,false,,,false,,0.0,false,,0,false,,
17615,YGY738,"683298289215034",2026-04-08 23:49:24.428,506197333,177,{},,,,,false,offline ,,true,,0.0,false,,0,true,,
114657,KSU450,"868166051644433",,,,{},,,,,false,,,false,,0.0,false,,0,false,,
17606,WXN939,"107317417811791",2026-04-08 23:49:24.434,506197372,177,{},,,,,false,offline ,,true,,0.0,false,,0,true,,
114658,NYW382,"863238071024121",,,,{},,,,,false,,,false,,0.0,false,,0,false,,
8102,ZNT414,"900087565994983",2026-05-09 02:04:31.367,510749482,82,{},,,,,false,offline ,,false,,0.0,false,,0,false,,
114659,LIK434,"869671070489214",,,,{},,,,,false,,,false,,0.0,false,,0,false,,
8149,KXY591,"777654440496904",2026-05-09 02:04:32.333,510749521,82,{},,,,,false,offline ,,false,,0.0,false,,0,false,,
51668,YSL959,"356241224329763",2026-04-01 20:40:05.058,354832254,518,{},,,,,false,offline ,,true,,0.0,false,,0,true,,
61280,LQR282,"615974711214059",2026-04-01 20:42:28.529,354944048,614,{},,,,,false,offline ,,true,,0.0,false,,0,true,,
62793,ABC124,"1234567890111",,,,{},,,,,false,,,false,,0.0,false,,0,false,,
8032,LVX089,"509833008923922",2026-05-09 02:04:29.079,510749391,81,{},,,,,false,offline ,,false,,0.0,false,,0,false,,
52817,ZXF813,"351816236106849",2026-04-01 20:39:38.414,354812317,530,{},,,,,false,offline ,,true,,0.0,false,,0,true,,
11773,SZH565,"182763230545280",2026-04-08 23:49:24.419,506197294,118,{},,,,,false,offline ,,true,,0.0,false,,0,true,,
8035,ZKS028,"663183526938859",2026-05-09 02:04:29.271,510749399,81,{},,,,,false,offline ,,false,,0.0,false,,0,false,,
114661,WNP308,"863238077289090",,,,{},,,,,false,,,false,,0.0,false,,0,false,,
114662,PWK786,"863238070993326",,,,{},,,,,false,,,false,,0.0,false,,0,false,,
49624,QGN995,"646300246211530",2026-04-01 20:39:01.206,354784951,498,{},,,,,false,offline ,,true,,0.0,false,,0,true,,
55113,NGM321,"713262430851430",2026-04-01 20:41:30.207,354915345,553,{},,,,,false,offline ,,true,,0.0,false,,0,true,,
114663,QNK459,"869671070290026",,,,{},,,,,false,,,false,,0.0,false,,0,false,,
114665,JTW306,"863238078129410",,,,{},,,,,false,,,false,,0.0,false,,0,false,,
48228,MZT677,"662412484825852",2026-04-01 20:39:36.156,354810703,484,{},,,,,false,offline ,,true,,0.0,false,,0,true,,
114666,DWP287,"868166050474642",,,,{},,,,,false,,,false,,0.0,false,,0,false,,
55128,FTK189,"908631844607387",2026-04-01 20:40:02.760,354830015,553,{},,,,,false,offline ,,true,,0.0,false,,0,true,,
114667,KIV264,"868166051633550",,,,{},,,,,false,,,false,,0.0,false,,0,false,,
114668,HCZ660,"864035050825380",,,,{},,,,,false,,,false,,0.0,false,,0,false,,
54693,QSK562,"708726142779938",2026-04-01 20:41:25.077,354912598,549,{},,,,,false,offline ,,true,,0.0,false,,0,true,,
49661,HDF197,"893728724207754",2026-04-01 20:39:48.531,354819163,498,{},,,,,false,offline ,,true,,0.0,false,,0,true,,
43074,NDM066,"341038688171014",2026-04-01 21:35:32.305,355241138,432,{},,,,,false,offline ,,true,,0.0,false,,0,true,,
42679,KYX294,"505841916583666",2026-04-01 21:35:31.163,355240947,428,{},,,,,false,offline ,,true,,0.0,false,,0,true,,
114669,JQL054,"868166050709443",,,,{},,,,,false,,,false,,0.0,false,,0,false,,
44272,BTR778,"190951735624813",2026-04-01 21:35:41.615,355242417,444,{},,,,,false,offline ,,true,,0.0,false,,0,true,,
114670,TER080,"868166050716687",,,,{},,,,,false,,,false,,0.0,false,,0,false,,
42746,RYK165,"400476438321307",2026-04-01 21:35:22.010,355239183,429,{},,,,,false,offline ,,true,,0.0,false,,0,true,,
43105,FNW408,"622380441574138",2026-04-01 21:35:22.457,355239277,433,{},,,,,false,offline ,,true,,0.0,false,,0,true,,
45467,XVF027,"126186318690910",2026-04-01 21:35:51.326,355243713,456,{},,,,,false,offline ,,true,,0.0,false,,0,true,,
54672,CHJ121,"868915138602545",2026-04-01 20:39:48.637,354819228,548,{},,,,,false,offline ,,true,,0.0,false,,0,true,,
114671,JCZ354,"867232052919298",,,,{},,,,,false,,,false,,0.0,false,,0,false,,
114672,GYS204,"868166051148120",,,,{},,,,,false,,,false,,0.0,false,,0,false,,
114673,LUN017,"868166051159184",,,,{},,,,,false,,,false,,0.0,false,,0,false,,
114674,FON584,"868307060179652",,,,{},,,,,false,,,false,,0.0,false,,0,false,,
49650,LJQ763,"034110558029853",2026-04-01 20:40:32.995,354868722,498,{},,,,,false,offline ,,true,,0.0,false,,0,true,,
43060,RBG624,"615968301197435",2026-04-01 21:35:31.191,355240956,432,{},,,,,false,offline ,,true,,0.0,false,,0,true,,
42777,SGW907,"401327134784869",2026-04-01 21:35:31.592,355241047,429,{},,,,,false,offline ,,true,,0.0,false,,0,true,,
114675,TL2031,"865413053531661",,,,{},,,,,false,,,false,,0.0,false,,0,false,,
114676,KSY169,"868166051633238",,,,{},,,,,false,,,false,,0.0,false,,0,false,,
114677,JBP615,"868166051157360",,,,{},,,,,false,,,false,,0.0,false,,0,false,,
14160,TGN208,"263944196508742",2026-04-08 23:49:08.361,506173188,142,{},,,,,false,offline ,,true,,0.0,false,,0,true,,
114678,KYT531,"868166051174183",,,,{},,,,,false,,,false,,0.0,false,,0,false,,
14196,HGP240,"192529217448410",2026-04-08 23:49:08.369,506173218,142,{},,,,,false,offline ,,true,,0.0,false,,0,true,,
114679,LQL236,"868166051640167",,,,{},,,,,false,,,false,,0.0,false,,0,false,,
114680,KQX364,"868166051091882",,,,{},,,,,false,,,false,,0.0,false,,0,false,,
114681,LNZ630,"868166051657930",,,,{},,,,,false,,,false,,0.0,false,,0,false,,
114682,KRM039,"864035051765015",,,,{},,,,,false,,,false,,0.0,false,,0,false,,
114683,HKX564,"865413056626533",,,,{},,,,,false,,,false,,0.0,false,,0,false,,
114684,GLO142,"868166051646974",,,,{},,,,,false,,,false,,0.0,false,,0,false,,
114685,ZGT16H,"863238077104315",,,,{},,,,,false,,,false,,0.0,false,,0,false,,
114687,HRP573,"865413053516729",,,,{},,,,,false,,,false,,0.0,false,,0,false,,
114688,PVY386,"863238077191411",,,,{},,,,,false,,,false,,0.0,false,,0,false,,
114689,NWN987,"863238070872728",,,,{},,,,,false,,,false,,0.0,false,,0,false,,
114690,QNV746,"863238078161926",,,,{},,,,,false,,,false,,0.0,false,,0,false,,
114692,LCM968,"868166051081313",,,,{},,,,,false,,,false,,0.0,false,,0,false,,
114693,FVP443,"868166050465624",,,,{},,,,,false,,,false,,0.0,false,,0,false,,
114694,IMX715,"867232052902187",,,,{},,,,,false,,,false,,0.0,false,,0,false,,
20132,WMC436,"412253360739145",2026-04-08 23:49:08.375,506173239,202,{},,,,,false,offline ,,true,,0.0,false,,0,true,,
114695,LRN625,"864035050824953",,,,{},,,,,false,,,false,,0.0,false,,0,false,,
20118,BLP820,"414653630443683",2026-04-08 23:49:08.372,506173227,202,{},,,,,false,offline ,,true,,0.0,false,,0,true,,
20083,KNC604,"838421196327064",2026-04-08 23:49:08.378,506173250,201,{},,,,,false,offline ,,true,,0.0,false,,0,true,,
14184,NNX086,"702445802922219",2026-04-08 23:49:08.366,506173208,142,{},,,,,false,offline ,,true,,0.0,false,,0,true,,
114696,FSM009,"868166051947448",,,,{},,,,,false,,,false,,0.0,false,,0,false,,
48313,QGY267,"512170113393930",2026-04-01 20:40:18.485,354847962,485,{},,,,,false,offline ,,true,,0.0,false,,0,true,,
49601,FYZ143,"205907737239284",2026-04-01 20:40:32.608,354868127,498,{},,,,,false,offline ,,true,,0.0,false,,0,true,,
114697,JKV300,"863238078126309",,,,{},,,,,false,,,false,,0.0,false,,0,false,,
114698,LZM351,"868166053499133",,,,{},,,,,false,,,false,,0.0,false,,0,false,,
114699,JBN610,"864035050866780",,,,{},,,,,false,,,false,,0.0,false,,0,false,,
114700,PZZ020,"863238078167949",,,,{},,,,,false,,,false,,0.0,false,,0,false,,
53754,MKH994,"755434113428633",2026-04-01 20:41:08.735,354903515,539,{},,,,,false,offline ,,true,,0.0,false,,0,true,,
58473,FNQ272,"136455162139615",2026-04-01 20:42:07.813,354935944,586,{},,,,,false,offline ,,true,,0.0,false,,0,true,,
49678,RJD855,"134417912058026",2026-04-01 20:39:49.015,354819479,498,{},,,,,false,offline ,,true,,0.0,false,,0,true,,
61416,CTZ373,"448549190834263",2026-04-01 20:42:38.803,354948419,616,{},,,,,false,offline ,,true,,0.0,false,,0,true,,
49611,WQQ320,"816979236067277",2026-04-01 20:40:30.901,354865406,498,{},,,,,false,offline ,,true,,0.0,false,,0,true,,
54610,BCD036,"527316897516831",2026-04-01 20:41:28.657,354914515,548,{},,,,,false,offline ,,true,,0.0,false,,0,true,,
114701,JVL499,"868307060145000",,,,{},,,,,false,,,false,,0.0,false,,0,false,,
114702,PXP568,"863238078174655",,,,{},,,,,false,,,false,,0.0,false,,0,false,,
58202,TBC532,"570904901908676",2026-04-01 20:41:51.538,354928901,584,{},,,,,false,offline ,,true,,0.0,false,,0,true,,
55326,ZPX811,"643089589545785",2026-04-01 20:41:35.989,354918348,555,{},,,,,false,offline ,,true,,0.0,false,,0,true,,
58421,YFB709,"045819306514654",2026-04-01 20:41:53.783,354930529,586,{},,,,,false,offline ,,true,,0.0,false,,0,true,,
57560,DLX891,"676895534306176",2026-04-01 20:41:58.780,354932549,577,{},,,,,false,offline ,,true,,0.0,false,,0,true,,
114704,GET059,"864035051770015",,,,{},,,,,false,,,false,,0.0,false,,0,false,,
114707,LIP303,"864035050760173",,,,{},,,,,false,,,false,,0.0,false,,0,false,,
114708,DXO805,"864035050760637",,,,{},,,,,false,,,false,,0.0,false,,0,false,,
114709,NOX560,"863238076251786",,,,{},,,,,false,,,false,,0.0,false,,0,false,,
52135,HZV824,"410815703802319",2026-04-01 20:40:07.413,354834727,523,{},,,,,false,offline ,,true,,0.0,false,,0,true,,
41064,LRF180,"827977327729265",2026-04-01 21:35:17.992,355238322,412,{},,,,,false,offline ,,true,,0.0,false,,0,true,,
114710,NHT391,"864035050760348",,,,{},,,,,false,,,false,,0.0,false,,0,false,,
41102,GBC762,"108344197043352",2026-04-01 21:35:00.296,355232719,413,{},,,,,false,offline ,,true,,0.0,false,,0,true,,
114711,KYQ905,"864035050762732",,,,{},,,,,false,,,false,,0.0,false,,0,false,,
114712,NMP365,"863238076431016",,,,{},,,,,false,,,false,,0.0,false,,0,false,,
44385,ZSF386,"156564364315330",2026-04-01 21:35:16.961,355238103,445,{},,,,,false,offline ,,true,,0.0,false,,0,true,,
42409,YWH758,"100256758444191",2026-04-01 21:35:10.788,355236692,426,{},,,,,false,offline ,,true,,0.0,false,,0,true,,
114713,JQT864,"864035050761692",,,,{},,,,,false,,,false,,0.0,false,,0,false,,
47950,MLK362,"089747168412013",2026-04-01 21:35:42.276,355242510,481,{},,,,,false,offline ,,true,,0.0,false,,0,true,,
47943,VQX578,"489169085699067",2026-04-01 21:35:55.186,355244230,481,{},,,,,false,offline ,,true,,0.0,false,,0,true,,
114714,IPQ678,"864035050763722",,,,{},,,,,false,,,false,,0.0,false,,0,false,,
114715,MVO022,"869671075520773",,,,{},,,,,false,,,false,,0.0,false,,0,false,,
42399,PCL584,"694683500982818",2026-04-01 21:35:27.075,355240235,426,{},,,,,false,offline ,,true,,0.0,false,,0,true,,
114716,NNL613,"865413055600364",,,,{},,,,,false,,,false,,0.0,false,,0,false,,
114718,LSS521,"869671075948404",,,,{},,,,,false,,,false,,0.0,false,,0,false,,
42367,WGX692,"010460984093447",2026-04-01 21:35:29.227,355240552,425,{},,,,,false,offline ,,true,,0.0,false,,0,true,,
46586,QRV468,"511840624395787",2026-04-01 21:35:51.987,355243802,467,{},,,,,false,offline ,,true,,0.0,false,,0,true,,
114719,WOX928,"869671075520930",,,,{},,,,,false,,,false,,0.0,false,,0,false,,
45122,ZBK918,"965380942822056",2026-04-01 21:35:46.109,355243019,453,{},,,,,false,offline ,,true,,0.0,false,,0,true,,
114721,LJO053,"865413053511142",,,,{},,,,,false,,,false,,0.0,false,,0,false,,
114722,NPZ666,"865413053509609",,,,{},,,,,false,,,false,,0.0,false,,0,false,,
47975,DVD219,"961381010476050",2026-04-01 21:35:59.807,355244709,481,{},,,,,false,offline ,,true,,0.0,false,,0,true,,
48468,QGG170,"741558436016241",2026-04-01 20:39:38.600,354812422,486,{},,,,,false,offline ,,true,,0.0,false,,0,true,,
114723,LCN224,"863238070750239",,,,{},,,,,false,,,false,,0.0,false,,0,false,,
114726,PZF15H,"869671073371872",,,,{},,,,,false,,,false,,0.0,false,,0,false,,
114727,LZN601,"865413053301924",,,,{},,,,,false,,,false,,0.0,false,,0,false,,
114728,PRZ567,"863238070922200",,,,{},,,,,false,,,false,,0.0,false,,0,false,,
114729,JXM495,"865413056632150",,,,{},,,,,false,,,false,,0.0,false,,0,false,,
114731,WDU198,"865413053519855",,,,{},,,,,false,,,false,,0.0,false,,0,false,,
1915,ZCM052,"800811086631076",2026-05-09 02:08:45.409,510751955,20,{},,,,,false,offline ,,true,2026-05-09 02:08:04.000,392659610.18977153,false,,0,false,,510751955
114732,NSU343,"865413053530324",,,,{},,,,,false,,,false,,0.0,false,,0,false,,
1918,TDC831,"969411313008151",2026-05-09 02:08:45.581,510751963,20,{},,,,,false,offline ,,true,2026-05-09 02:08:04.000,480978653.2876542,false,,0,false,,510751963
114736,LIR465,"865413053502356",,,,{},,,,,false,,,false,,0.0,false,,0,false,,
114737,GTV075,"865413053506845",,,,{},,,,,false,,,false,,0.0,false,,0,false,,
1891,CLB308,"104459660223531",2026-05-09 02:08:45.441,510751957,19,{},,,,,false,offline ,,true,2026-05-09 02:08:03.000,531400411.01501876,false,,0,false,,510751957
114739,TFX494,"865413054787360",,,,{},,,,,false,,,false,,0.0,false,,0,false,,
25757,LQT645,"946746004695958",2026-04-08 23:49:08.160,506172828,258,{},,,,,false,offline ,,true,,0.0,false,,0,true,,
114740,LWU891,"865413053508726",,,,{},,,,,false,,,false,,0.0,false,,0,false,,
114741,NSV775,"865413055501737",,,,{},,,,,false,,,false,,0.0,false,,0,false,,
25771,YQJ498,"620649722958232",2026-04-08 23:49:08.154,506172820,258,{},,,,,false,offline ,,true,,0.0,false,,0,true,,
114742,EMQ246,"865413055467798",,,,{},,,,,false,,,false,,0.0,false,,0,false,,
1905,XMY070,"928720051935809",2026-05-09 02:08:45.626,510751965,20,{},,,,,false,offline ,,true,2026-05-09 02:08:04.000,672958689.3192093,false,,0,false,,510751965
114743,FUM010,"865413053532965",,,,{},,,,,false,,,false,,0.0,false,,0,false,,
114744,ZZT552,"865413056050817",,,,{},,,,,false,,,false,,0.0,false,,0,false,,
114746,DSV106,"869671070402662",,,,{},,,,,false,,,false,,0.0,false,,0,false,,
114747,GEU912,"865413057178096",,,,{},,,,,false,,,false,,0.0,false,,0,false,,
1990,CDW494,"965695180588022",2026-05-09 02:08:47.993,510752065,20,{},,,,,false,offline ,,true,2026-05-09 02:08:04.000,460928678.684558,false,,0,false,,510752065
31771,KVZ630,"160158949984332",2026-04-08 23:49:08.178,506172852,319,{},,,,,false,offline ,,true,,0.0,false,,0,true,,
50147,RVD162,"085581524718001",2026-04-01 20:39:11.431,354792761,503,{},,,,,false,offline ,,true,,0.0,false,,0,true,,
1945,KVK239,"527490037898290",2026-05-09 02:08:47.023,510752024,20,{},,,,,false,offline ,,true,2026-05-09 02:08:04.000,462020387.4469304,false,,0,false,,510752024
1913,SLQ416,"951996628524637",2026-05-09 02:08:46.412,510751997,20,{},,,,,false,offline ,,true,2026-05-09 02:08:04.000,476845757.91487193,false,,0,false,,510751997
1929,QVK768,"758648318297231",2026-05-09 02:08:46.503,510752002,20,{},,,,,false,offline ,,true,2026-05-09 02:08:04.000,490539760.9165276,false,,0,false,,510752002
114748,EFU483,"865413055530207",,,,{},,,,,false,,,false,,0.0,false,,0,false,,
114749,NON165,"869671075958981",,,,{},,,,,false,,,false,,0.0,false,,0,false,,
114750,HSN651,"865413055676976",,,,{},,,,,false,,,false,,0.0,false,,0,false,,
114751,KMQ685,"869671072797952",,,,{},,,,,false,,,false,,0.0,false,,0,false,,
114752,JFQ163,"869671072812769",,,,{},,,,,false,,,false,,0.0,false,,0,false,,
52113,NXN467,"961649726204036",2026-04-01 20:40:59.850,354898318,523,{},,,,,false,offline ,,true,,0.0,false,,0,true,,
114753,WPK655,"865413057212382",,,,{},,,,,false,,,false,,0.0,false,,0,false,,
114754,GYQ202,"869671074444777",,,,{},,,,,false,,,false,,0.0,false,,0,false,,
114756,FZT920,"865413057047069",,,,{},,,,,false,,,false,,0.0,false,,0,false,,
114757,JVS921,"869671073669564",,,,{},,,,,false,,,false,,0.0,false,,0,false,,
114759,JDP795,"865413053508833",,,,{},,,,,false,,,false,,0.0,false,,0,false,,
114760,FZP978,"865413056579989",,,,{},,,,,false,,,false,,0.0,false,,0,false,,
114761,ZZY855,"865413056613028",,,,{},,,,,false,,,false,,0.0,false,,0,false,,
52389,GJQ320,"050895453828297",2026-04-01 20:40:48.686,354888978,525,{},,,,,false,offline ,,true,,0.0,false,,0,true,,
62046,JTT831,"252479597028340",2026-04-01 20:42:26.346,354943178,622,{},,,,,false,offline ,,true,,0.0,false,,0,true,,
114762,UUP020,"865413057180381",,,,{},,,,,false,,,false,,0.0,false,,0,false,,
114763,FJS619,"864035050766733",,,,{},,,,,false,,,false,,0.0,false,,0,false,,
114764,HST030,"864035050825653",,,,{},,,,,false,,,false,,0.0,false,,0,false,,
114766,ETL023,"864035050828319",,,,{},,,,,false,,,false,,0.0,false,,0,false,,
114767,KSU916,"864035050828566",,,,{},,,,,false,,,false,,0.0,false,,0,false,,
114768,LNX924,"864035050827931",,,,{},,,,,false,,,false,,0.0,false,,0,false,,
114769,EBR578,"864035050830190",,,,{},,,,,false,,,false,,0.0,false,,0,false,,
114771,GEU161,"865413054786776",,,,{},,,,,false,,,false,,0.0,false,,0,false,,
114772,GYW162,"864035050861427",,,,{},,,,,false,,,false,,0.0,false,,0,false,,
55032,QPK387,"501805041863586",2026-04-01 20:39:55.023,354823573,552,{},,,,,false,offline ,,true,,0.0,false,,0,true,,
48032,NXB902,"102391816256127",2026-04-01 20:39:36.441,354810892,482,{},,,,,false,offline ,,true,,0.0,false,,0,true,,
114773,LWZ645,"864035050862771",,,,{},,,,,false,,,false,,0.0,false,,0,false,,
114774,LGW464,"864035050862946",,,,{},,,,,false,,,false,,0.0,false,,0,false,,
114775,FPW405,"864035050863605",,,,{},,,,,false,,,false,,0.0,false,,0,false,,
114777,GHY582,"864035050863647",,,,{},,,,,false,,,false,,0.0,false,,0,false,,
114778,DQR466,"864035050863803",,,,{},,,,,false,,,false,,0.0,false,,0,false,,
114779,LUR000,"864035050864082",,,,{},,,,,false,,,false,,0.0,false,,0,false,,
114780,LFQ564,"864035050868513",,,,{},,,,,false,,,false,,0.0,false,,0,false,,
59673,GGT915,"489860564893797",2026-04-01 20:41:18.596,354909060,598,{},,,,,false,offline ,,true,,0.0,false,,0,true,,
53123,BRS620,"237924555672696",2026-04-01 20:41:08.022,354903125,533,{},,,,,false,offline ,,true,,0.0,false,,0,true,,
114781,LUM942,"864035050870378",,,,{},,,,,false,,,false,,0.0,false,,0,false,,
114782,KSV003,"864035050870451",,,,{},,,,,false,,,false,,0.0,false,,0,false,,
114784,RNU981,"864035050870857",,,,{},,,,,false,,,false,,0.0,false,,0,false,,
56704,TBW298,"743793720542770",2026-04-01 20:41:28.708,354914531,569,{},,,,,false,offline ,,true,,0.0,false,,0,true,,
1858,WRY342,"435938805534068",2026-05-09 02:08:44.489,510751917,19,{},,,,,false,offline ,,true,2026-05-09 02:08:03.000,529330302.9176237,false,,0,false,,510751917
114785,KYV046,"864035050871962",,,,{},,,,,false,,,false,,0.0,false,,0,false,,
114786,LUY294,"864035050872531",,,,{},,,,,false,,,false,,0.0,false,,0,false,,
114787,MBT877,"864035050872473",,,,{},,,,,false,,,false,,0.0,false,,0,false,,
56855,RBP867,"095362298123456",2026-04-01 20:41:30.198,354915328,570,{},,,,,false,offline ,,true,,0.0,false,,0,true,,
114788,IWX681,"864035050873141",,,,{},,,,,false,,,false,,0.0,false,,0,false,,
114789,KYT709,"864035050873422",,,,{},,,,,false,,,false,,0.0,false,,0,false,,
114790,LRN658,"864035050873596",,,,{},,,,,false,,,false,,0.0,false,,0,false,,
114791,WGY600,"864035050873760",,,,{},,,,,false,,,false,,0.0,false,,0,false,,
114792,LZM439,"864035050874412",,,,{},,,,,false,,,false,,0.0,false,,0,false,,
114793,KOL744,"864035051632397",,,,{},,,,,false,,,false,,0.0,false,,0,false,,
49695,GPR183,"961562993132303",2026-07-22 01:35:11.872,510759202,499,{},,,,,false,offline ,,false,,0.0,false,,0,false,,
49707,KBQ784,"335268675928344",2026-07-22 01:35:40.780,510759290,499,{},,,,,false,offline ,,false,,0.0,false,,0,false,,
114795,NJO190,"865413055716145",,,,{},,,,,false,,,false,,0.0,false,,0,false,,
114797,JVX867,"864035051639418",,,,{},,,,,false,,,false,,0.0,false,,0,false,,
114798,LOP501,"864035051763598",,,,{},,,,,false,,,false,,0.0,false,,0,false,,
11750,YDL799,"051205403167599",2026-04-08 23:49:24.421,506197300,118,{},,,,,false,offline ,,true,,0.0,false,,0,true,,
114799,MPQ397,"864035051764661",,,,{},,,,,false,,,false,,0.0,false,,0,false,,
11761,GTV370,"687053116334862",2026-04-08 23:49:24.431,506197349,118,{},,,,,false,offline ,,true,,0.0,false,,0,true,,
114800,EBU940,"864035051764760",,,,{},,,,,false,,,false,,0.0,false,,0,false,,
62799,QWE123,"12345678901234567",,,,{},,,,,false,,,false,,0.0,false,,0,false,,
114801,GKY113,"864035051764885",,,,{},,,,,false,,,false,,0.0,false,,0,false,,
11765,TKN063,"151297918109546",2026-04-08 23:49:24.428,506197336,118,{},,,,,false,offline ,,true,,0.0,false,,0,true,,
61794,TBC528,"924309894865185",2026-04-01 20:42:24.550,354942468,620,{},,,,,false,offline ,,true,,0.0,false,,0,true,,
61838,PGP697,"507397074621945",2026-04-01 20:42:32.898,354945863,620,{},,,,,false,offline ,,true,,0.0,false,,0,true,,
48248,JJK967,"144520506680671",2026-04-01 20:39:38.614,354812448,484,{},,,,,false,offline ,,true,,0.0,false,,0,true,,
61821,LGP342,"821539466576539",2026-04-01 20:42:41.301,354949295,620,{},,,,,false,offline ,,true,,0.0,false,,0,true,,
114802,LUM606,"868307060147493",,,,{},,,,,false,,,false,,0.0,false,,0,false,,
37865,HZG753,"563220779881005",2026-04-08 23:49:08.291,506172997,380,{},,,,,false,offline ,,true,,0.0,false,,0,true,,
53979,HWW539,"194181470786249",2026-04-01 20:41:18.629,354909082,541,{},,,,,false,offline ,,true,,0.0,false,,0,true,,
56867,WDM976,"228384515026668",2026-04-01 20:41:38.128,354919452,570,{},,,,,false,offline ,,true,,0.0,false,,0,true,,
41347,SXD816,"306650560353057",2026-04-01 21:35:16.199,355237927,415,{},,,,,false,offline ,,true,,0.0,false,,0,true,,
114803,JFO570,"864035051765494",,,,{},,,,,false,,,false,,0.0,false,,0,false,,
17646,GYS436,"759360478976096",2026-04-08 23:49:24.434,506197368,177,{},,,,,false,offline ,,true,,0.0,false,,0,true,,
44199,RJH071,"938937201260619",2026-04-01 21:35:38.459,355241994,444,{},,,,,false,offline ,,true,,0.0,false,,0,true,,
114804,EQQ669,"864035051766070",,,,{},,,,,false,,,false,,0.0,false,,0,false,,
17680,VXD805,"172030837254217",2026-04-08 23:49:24.437,506197385,177,{},,,,,false,offline ,,true,,0.0,false,,0,true,,
41294,VDP285,"973260961903831",2026-04-01 21:35:17.605,355238235,415,{},,,,,false,offline ,,true,,0.0,false,,0,true,,
114805,URT482,"864035051765940",,,,{},,,,,false,,,false,,0.0,false,,0,false,,
17671,SJN950,"488203986858844",2026-04-08 23:49:24.440,506197400,177,{},,,,,false,offline ,,true,,0.0,false,,0,true,,
25624,KBL206,"954687385985924",2026-04-08 23:49:08.147,506172808,257,{},,,,,false,offline ,,true,,0.0,false,,0,true,,
44188,HSD344,"158040076744677",2026-04-01 21:35:41.222,355242362,443,{},,,,,false,offline ,,true,,0.0,false,,0,true,,
42372,SBW095,"826464447236530",2026-04-01 21:35:24.520,355239728,425,{},,,,,false,offline ,,true,,0.0,false,,0,true,,
114807,LZN564,"864035051767268",,,,{},,,,,false,,,false,,0.0,false,,0,false,,
114808,LXS941,"865413055468374",,,,{},,,,,false,,,false,,0.0,false,,0,false,,
114809,LUW491,"864035051767581",,,,{},,,,,false,,,false,,0.0,false,,0,false,,
25661,TVD255,"303704369553988",2026-04-08 23:49:08.134,506172792,257,{},,,,,false,offline ,,true,,0.0,false,,0,true,,
11753,SJD882,"474187849173911",2026-04-08 23:49:24.423,506197313,118,{},,,,,false,offline ,,true,,0.0,false,,0,true,,
59162,XTN140,"778217334487287",2026-04-01 20:41:06.300,354902128,593,{},,,,,false,offline ,,true,,0.0,false,,0,true,,
52223,YHZ806,"947093019149583",2026-04-01 20:39:24.428,354802262,524,{},,,,,false,offline ,,true,,0.0,false,,0,true,,
114810,LZN270,"864035051767946",,,,{},,,,,false,,,false,,0.0,false,,0,false,,
114811,MPQ567,"864035051768233",,,,{},,,,,false,,,false,,0.0,false,,0,false,,
46850,WLV126,"143132313292442",2026-04-01 21:35:57.973,355244531,470,{},,,,,false,offline ,,true,,0.0,false,,0,true,,
114812,ETL233,"864035051768712",,,,{},,,,,false,,,false,,0.0,false,,0,false,,
11734,QZY718,"032689964834818",2026-04-08 23:49:24.426,506197324,118,{},,,,,false,offline ,,true,,0.0,false,,0,true,,
114813,LOU277,"864035051769009",,,,{},,,,,false,,,false,,0.0,false,,0,false,,
114814,KYV495,"864035051769249",,,,{},,,,,false,,,false,,0.0,false,,0,false,,
56786,TMX150,"837655859443657",2026-04-01 20:41:57.705,354932157,569,{},,,,,false,offline ,,true,,0.0,false,,0,true,,
37795,PNX613,"878980829307570",2026-04-08 23:49:08.286,506172989,380,{},,,,,false,offline ,,true,,0.0,false,,0,true,,
114815,FNX799,"864035051770452",,,,{},,,,,false,,,false,,0.0,false,,0,false,,
114816,UCS054,"864035051771229",,,,{},,,,,false,,,false,,0.0,false,,0,false,,
114817,LUW637,"864035051771336",,,,{},,,,,false,,,false,,0.0,false,,0,false,,
37787,NXQ311,"042142262979743",2026-04-08 23:49:08.270,506172966,379,{},,,,,false,offline ,,true,,0.0,false,,0,true,,
114819,WDP076,"864035051959592",,,,{},,,,,false,,,false,,0.0,false,,0,false,,
114820,JNV447,"864035051958768",,,,{},,,,,false,,,false,,0.0,false,,0,false,,
37779,MSL014,"746810421642795",2026-04-08 23:49:08.281,506172981,379,{},,,,,false,offline ,,true,,0.0,false,,0,true,,
114821,JUQ323,"864035051960889",,,,{},,,,,false,,,false,,0.0,false,,0,false,,
25673,XDQ013,"978997275098627",2026-04-08 23:49:08.141,506172803,257,{},,,,,false,offline ,,true,,0.0,false,,0,true,,
25683,KMY040,"618151222859709",2026-04-08 23:49:08.121,506172777,257,{},,,,,false,offline ,,true,,0.0,false,,0,true,,
114822,MYY380,"868307060149374",,,,{},,,,,false,,,false,,0.0,false,,0,false,,
114823,KSQ465,"869671075600450",,,,{},,,,,false,,,false,,0.0,false,,0,false,,
25709,XGV312,"485774323321939",2026-04-08 23:49:08.128,506172783,258,{},,,,,false,offline ,,true,,0.0,false,,0,true,,
25713,GRV796,"300600334658311",2026-04-08 23:49:08.112,506172761,258,{},,,,,false,offline ,,true,,0.0,false,,0,true,,
114827,POP857,"869671074582402",,,,{},,,,,false,,,false,,0.0,false,,0,false,,
114828,PUM526,"863238070814779",,,,{},,,,,false,,,false,,0.0,false,,0,false,,
114829,IWT349,"864035051963628",,,,{},,,,,false,,,false,,0.0,false,,0,false,,
114830,RQS81H,"863238070818812",,,,{},,,,,false,,,false,,0.0,false,,0,false,,
114831,LIR614,"865413053318746",,,,{},,,,,false,,,false,,0.0,false,,0,false,,
114832,LFN407,"865413053528625",,,,{},,,,,false,,,false,,0.0,false,,0,false,,
114834,GVT470,"865413053529375",,,,{},,,,,false,,,false,,0.0,false,,0,false,,
114835,LFV762,"863238070847266",,,,{},,,,,false,,,false,,0.0,false,,0,false,,
114836,HKR367,"865413055669153",,,,{},,,,,false,,,false,,0.0,false,,0,false,,
114837,LPL122,"865413053526710",,,,{},,,,,false,,,false,,0.0,false,,0,false,,
114838,GZX223,"869671075889939",,,,{},,,,,false,,,false,,0.0,false,,0,false,,
114839,UBS035,"865413053517149",,,,{},,,,,false,,,false,,0.0,false,,0,false,,
114840,JHP267,"864035050767863",,,,{},,,,,false,,,false,,0.0,false,,0,false,,
114841,LMT093,"868166051648798",,,,{},,,,,false,,,false,,0.0,false,,0,false,,
114842,FOY263,"864035050824888",,,,{},,,,,false,,,false,,0.0,false,,0,false,,
114843,LUW296,"864035050825471",,,,{},,,,,false,,,false,,0.0,false,,0,false,,
114844,DQW617,"864035050826123",,,,{},,,,,false,,,false,,0.0,false,,0,false,,
114845,UCL938,"864035051964832",,,,{},,,,,false,,,false,,0.0,false,,0,false,,
114847,LZM978,"864180039298638",,,,{},,,,,false,,,false,,0.0,false,,0,false,,
62794,JTYP984,"57692223446845126985",,,,{},,,,,false,,,false,,0.0,false,,0,false,,
1832,HNZ860,"261647774927463",2026-05-09 02:08:34.239,510751492,19,{},,,,,false,offline ,,true,2026-05-09 02:08:03.000,598068690.2517346,false,,0,false,,510751492
114849,LLQ299,"864035050827386",,,,{},,,,,false,,,false,,0.0,false,,0,false,,
1829,CWC551,"647214132711066",2026-05-09 02:08:34.712,510751511,19,{},,,,,false,offline ,,true,2026-05-09 02:08:03.000,594696473.3141826,false,,0,false,,510751511
114850,DMX379,"864035050827790",,,,{},,,,,false,,,false,,0.0,false,,0,false,,
114851,THW342,"864035050827683",,,,{},,,,,false,,,false,,0.0,false,,0,false,,
1831,JJY150,"317413640322270",2026-05-09 02:08:34.759,510751513,19,{},,,,,false,offline ,,true,2026-05-09 02:08:03.000,428761368.941429,false,,0,false,,510751513
114852,THQ335,"868018076208233",,,,{},,,,,false,,,false,,0.0,false,,0,false,,
37824,CPW770,"294247467061968",2026-04-08 23:49:08.165,506172833,380,{},,,,,false,offline ,,true,,0.0,false,,0,true,,
114853,EJW568,"864035050829804",,,,{},,,,,false,,,false,,0.0,false,,0,false,,
114854,JVQ311,"864035050829812",,,,{},,,,,false,,,false,,0.0,false,,0,false,,
1813,GYL756,"156022524104045",2026-05-09 02:08:43.007,510751855,19,{},,,,,false,offline ,,true,2026-05-09 02:08:03.000,318479897.9119791,false,,0,false,,510751855
61694,CLD476,"228560835202150",2026-04-01 20:41:38.731,354919736,619,{},,,,,false,offline ,,true,,0.0,false,,0,true,,
1815,ZHW546,"183672302253385",2026-05-09 02:08:43.647,510751881,19,{},,,,,false,offline ,,true,2026-05-09 02:08:03.000,593513887.1411127,false,,0,false,,510751881
1898,FBP608,"884749623565770",2026-05-09 02:08:45.487,510751959,19,{},,,,,false,offline ,,true,2026-05-09 02:08:03.000,249659529.48336065,false,,0,false,,510751959
52192,MNP367,"333268925763568",2026-04-01 20:41:01.333,354899283,524,{},,,,,false,offline ,,true,,0.0,false,,0,true,,
41185,FRP461,"395195197595888",2026-04-01 21:35:16.694,355238041,413,{},,,,,false,offline ,,true,,0.0,false,,0,true,,
1948,XTT432,"966375190868289",2026-05-09 02:08:46.922,510752020,20,{},,,,,false,offline ,,true,2026-05-09 02:08:04.000,425103094.38682497,false,,0,false,,510752020
1957,BMH819,"296264250138174",2026-05-09 02:08:47.463,510752042,20,{},,,,,false,offline ,,true,2026-05-09 02:08:04.000,291697110.6186808,false,,0,false,,510752042
114855,LNV606,"864035050864579",,,,{},,,,,false,,,false,,0.0,false,,0,false,,
114856,JXU759,"863238073361745",,,,{},,,,,false,,,false,,0.0,false,,0,false,,
114857,LIP532,"864035050865105",,,,{},,,,,false,,,false,,0.0,false,,0,false,,
114858,JRK004,"864035050865469",,,,{},,,,,false,,,false,,0.0,false,,0,false,,
114859,HRS027,"864035050865832",,,,{},,,,,false,,,false,,0.0,false,,0,false,,
114860,WDT325,"864035050866467",,,,{},,,,,false,,,false,,0.0,false,,0,false,,
114861,WDT949,"868166051644276",,,,{},,,,,false,,,false,,0.0,false,,0,false,,
114862,LZS850,"864035050867945",,,,{},,,,,false,,,false,,0.0,false,,0,false,,
114863,COD637,"864035050868620",,,,{},,,,,false,,,false,,0.0,false,,0,false,,
56777,FPV958,"548359003975330",2026-04-01 20:41:45.128,354923405,569,{},,,,,false,offline ,,true,,0.0,false,,0,true,,
114864,LIS196,"865413055756000",,,,{},,,,,false,,,false,,0.0,false,,0,false,,
114865,MCU307,"867232052905925",,,,{},,,,,false,,,false,,0.0,false,,0,false,,
114866,NVZ985,"865413056136491",,,,{},,,,,false,,,false,,0.0,false,,0,false,,
56831,RWH696,"054355031297420",2026-04-01 20:41:51.353,354928750,570,{},,,,,false,offline ,,true,,0.0,false,,0,true,,
41193,DZX970,"505067223160390",2026-04-01 21:35:04.874,355234566,414,{},,,,,false,offline ,,true,,0.0,false,,0,true,,
114867,FNK308,"865413055215775",,,,{},,,,,false,,,false,,0.0,false,,0,false,,
42442,GLJ814,"355923687634034",2026-04-01 21:35:27.021,355240225,426,{},,,,,false,offline ,,true,,0.0,false,,0,true,,
114869,KPO637,"868166050262625",,,,{},,,,,false,,,false,,0.0,false,,0,false,,
114870,KQT192,"868166050436617",,,,{},,,,,false,,,false,,0.0,false,,0,false,,
114871,IXS392,"868166050436583",,,,{},,,,,false,,,false,,0.0,false,,0,false,,
114872,IWM343,"868166050437201",,,,{},,,,,false,,,false,,0.0,false,,0,false,,
46020,NXS211,"804192724518892",2026-04-01 21:35:52.489,355243868,462,{},,,,,false,offline ,,true,,0.0,false,,0,true,,
114873,LKO855,"868166050463926",,,,{},,,,,false,,,false,,0.0,false,,0,false,,
114874,JYX170,"868166050437714",,,,{},,,,,false,,,false,,0.0,false,,0,false,,
114875,JSP363,"868166050464387",,,,{},,,,,false,,,false,,0.0,false,,0,false,,
41488,QQG088,"565967733502055",2026-04-01 21:35:19.890,355238727,416,{},,,,,false,offline ,,true,,0.0,false,,0,true,,
49217,JFW653,"188665563315138",2026-04-01 20:39:26.772,354803953,494,{},,,,,false,offline ,,true,,0.0,false,,0,true,,
114876,HTL625,"868166050464866",,,,{},,,,,false,,,false,,0.0,false,,0,false,,
114877,EYZ727,"868166050465871",,,,{},,,,,false,,,false,,0.0,false,,0,false,,
114878,JNU141,"868166050475219",,,,{},,,,,false,,,false,,0.0,false,,0,false,,
114879,LIL391,"868166050477488",,,,{},,,,,false,,,false,,0.0,false,,0,false,,
114880,IJW264,"868166050490788",,,,{},,,,,false,,,false,,0.0,false,,0,false,,
114881,GLU792,"868166050490374",,,,{},,,,,false,,,false,,0.0,false,,0,false,,
114882,LUM344,"868166050584325",,,,{},,,,,false,,,false,,0.0,false,,0,false,,
114883,JEN368,"868166050584358",,,,{},,,,,false,,,false,,0.0,false,,0,false,,
46003,DHF765,"184208317082599",2026-04-01 21:35:28.313,355240422,462,{},,,,,false,offline ,,true,,0.0,false,,0,true,,
58633,PGG335,"549611454774458",2026-04-01 20:41:00.466,354898726,588,{},,,,,false,offline ,,true,,0.0,false,,0,true,,
114884,LIP710,"868166050584820",,,,{},,,,,false,,,false,,0.0,false,,0,false,,
114885,LUM450,"868166050585074",,,,{},,,,,false,,,false,,0.0,false,,0,false,,
114886,LUM195,"868166050585330",,,,{},,,,,false,,,false,,0.0,false,,0,false,,
60951,GQN786,"304271584434989",2026-04-01 20:41:22.505,354911206,611,{},,,,,false,offline ,,true,,0.0,false,,0,true,,
56186,GTN197,"271772055039339",2026-04-01 20:41:43.093,354922235,563,{},,,,,false,offline ,,true,,0.0,false,,0,true,,
61935,BKH341,"067510356990646",2026-04-01 20:42:36.477,354947545,621,{},,,,,false,offline ,,true,,0.0,false,,0,true,,
48992,KQV966,"662607725489703",2026-04-01 20:40:26.365,354858255,492,{},,,,,false,offline ,,true,,0.0,false,,0,true,,
54010,VFV824,"700238302677686",2026-04-01 20:41:20.700,354910219,542,{},,,,,false,offline ,,true,,0.0,false,,0,true,,
53999,YZX118,"838195271875821",2026-04-01 20:41:18.554,354909044,542,{},,,,,false,offline ,,true,,0.0,false,,0,true,,
45630,TDS137,"437245265856801",2026-04-01 21:35:37.914,355241918,458,{},,,,,false,offline ,,true,,0.0,false,,0,true,,
48787,YCH937,"880060950273374",2026-04-01 20:39:37.786,354811864,489,{},,,,,false,offline ,,true,,0.0,false,,0,true,,
42803,DLF059,"073357184063234",2026-04-01 21:35:29.670,355240611,430,{},,,,,false,offline ,,true,,0.0,false,,0,true,,
45663,WKD513,"849826009180798",2026-04-01 21:35:49.350,355243450,458,{},,,,,false,offline ,,true,,0.0,false,,0,true,,
46787,RFW812,"314238031753459",2026-04-01 21:35:57.491,355244485,469,{},,,,,false,offline ,,true,,0.0,false,,0,true,,
41169,PFL883,"747770387100411",2026-04-01 21:35:00.469,355232781,413,{},,,,,false,offline ,,true,,0.0,false,,0,true,,
114887,ELP968,"868166050705441",,,,{},,,,,false,,,false,,0.0,false,,0,false,,
114888,LKL361,"868166050704832",,,,{},,,,,false,,,false,,0.0,false,,0,false,,
114889,INL250,"868166050706373",,,,{},,,,,false,,,false,,0.0,false,,0,false,,
114890,KSN412,"868166050705888",,,,{},,,,,false,,,false,,0.0,false,,0,false,,
114891,LCL974,"868166050707116",,,,{},,,,,false,,,false,,0.0,false,,0,false,,
19989,FYL801,"704663237216365",2026-04-08 23:49:08.471,506173659,200,{},,,,,false,offline ,,true,,0.0,false,,0,true,,
114892,KSR100,"868166050709054",,,,{},,,,,false,,,false,,0.0,false,,0,false,,
114893,HBQ554,"868166050710235",,,,{},,,,,false,,,false,,0.0,false,,0,false,,
114894,KWV343,"868166051686558",,,,{},,,,,false,,,false,,0.0,false,,0,false,,
114895,KTS490,"868166050712751",,,,{},,,,,false,,,false,,0.0,false,,0,false,,
114896,KSK714,"868166050715168",,,,{},,,,,false,,,false,,0.0,false,,0,false,,
114897,KSQ237,"868166050716067",,,,{},,,,,false,,,false,,0.0,false,,0,false,,
114898,KYV520,"868166050716554",,,,{},,,,,false,,,false,,0.0,false,,0,false,,
114899,KSK611,"868166050717842",,,,{},,,,,false,,,false,,0.0,false,,0,false,,
114900,MKL526,"868166050719194",,,,{},,,,,false,,,false,,0.0,false,,0,false,,
114901,GCS788,"868166050719541",,,,{},,,,,false,,,false,,0.0,false,,0,false,,
114902,DFR744,"868166050721562",,,,{},,,,,false,,,false,,0.0,false,,0,false,,
114903,NHQ417,"868166050721885",,,,{},,,,,false,,,false,,0.0,false,,0,false,,
114904,IXU693,"868166051042497",,,,{},,,,,false,,,false,,0.0,false,,0,false,,
114905,LHY906,"868166051042869",,,,{},,,,,false,,,false,,0.0,false,,0,false,,
114906,LCO926,"868166051046811",,,,{},,,,,false,,,false,,0.0,false,,0,false,,
114907,HCW711,"868166051047314",,,,{},,,,,false,,,false,,0.0,false,,0,false,,
114908,DAT653,"868166051078889",,,,{},,,,,false,,,false,,0.0,false,,0,false,,
114909,IWK146,"868166051080059",,,,{},,,,,false,,,false,,0.0,false,,0,false,,
114910,NXU406,"865413057071713",,,,{},,,,,false,,,false,,0.0,false,,0,false,,
114911,NHR111,"868166051080992",,,,{},,,,,false,,,false,,0.0,false,,0,false,,
114912,LCM939,"868166051081909",,,,{},,,,,false,,,false,,0.0,false,,0,false,,
114913,LON177,"868166051083178",,,,{},,,,,false,,,false,,0.0,false,,0,false,,
114914,GZT588,"868166051090033",,,,{},,,,,false,,,false,,0.0,false,,0,false,,
114915,LCO505,"868166051143634",,,,{},,,,,false,,,false,,0.0,false,,0,false,,
114916,LCM854,"868166051092112",,,,{},,,,,false,,,false,,0.0,false,,0,false,,
114917,LCO487,"868166051152205",,,,{},,,,,false,,,false,,0.0,false,,0,false,,
46157,ZTQ936,"369234942466749",2026-04-01 21:35:56.558,355244389,463,{},,,,,false,offline ,,true,,0.0,false,,0,true,,
114918,LJS800,"868166051152593",,,,{},,,,,false,,,false,,0.0,false,,0,false,,
114919,JCK505,"868166051174779",,,,{},,,,,false,,,false,,0.0,false,,0,false,,
114920,INR090,"868166051164333",,,,{},,,,,false,,,false,,0.0,false,,0,false,,
114921,JLT474,"868166051329555",,,,{},,,,,false,,,false,,0.0,false,,0,false,,
114922,EQZ726,"868166051328953",,,,{},,,,,false,,,false,,0.0,false,,0,false,,
114923,KON969,"868166051329506",,,,{},,,,,false,,,false,,0.0,false,,0,false,,
114924,ICX550,"868166051368322",,,,{},,,,,false,,,false,,0.0,false,,0,false,,
59152,FZL517,"564662658054023",2026-04-01 20:41:47.271,354925261,593,{},,,,,false,offline ,,true,,0.0,false,,0,true,,
114925,KYK969,"868166051469443",,,,{},,,,,false,,,false,,0.0,false,,0,false,,
114926,LJU792,"868166051336659",,,,{},,,,,false,,,false,,0.0,false,,0,false,,
114927,NGN249,"868166051476901",,,,{},,,,,false,,,false,,0.0,false,,0,false,,
114928,LJU321,"868166051630960",,,,{},,,,,false,,,false,,0.0,false,,0,false,,
114929,LJU716,"868166051633329",,,,{},,,,,false,,,false,,0.0,false,,0,false,,
7862,BXK199,"051892614433249",2026-05-09 02:04:25.301,510749238,79,{},,,,,false,offline ,,false,,0.0,false,,0,false,,
42101,FXG116,"723555549418175",2026-04-01 21:35:09.264,355236317,423,{},,,,,false,offline ,,true,,0.0,false,,0,true,,
7942,TSY397,"841904504526639",2026-05-09 02:04:27.348,510749321,80,{},,,,,false,offline ,,false,,0.0,false,,0,false,,
7873,CGG412,"047011809357140",2026-05-09 02:04:24.692,510749214,79,{},,,,,false,offline ,,false,,0.0,false,,0,false,,
7813,VHG357,"046494888654168",2026-05-09 02:04:23.842,510749180,79,{},,,,,false,offline ,,false,,0.0,false,,0,false,,
7863,NZN745,"510013333561393",2026-05-09 02:04:24.837,510749221,79,{},,,,,false,offline ,,false,,0.0,false,,0,false,,
7922,ZWT814,"928753606918277",2026-05-09 02:04:26.455,510749286,80,{},,,,,false,offline ,,false,,0.0,false,,0,false,,
7965,YVR372,"607902697321267",2026-05-09 02:04:27.623,510749331,80,{},,,,,false,offline ,,false,,0.0,false,,0,false,,
114930,LMQ705,"868166051633352",,,,{},,,,,false,,,false,,0.0,false,,0,false,,
114931,HFP437,"868166051636256",,,,{},,,,,false,,,false,,0.0,false,,0,false,,
114933,JIM419,"868166051637668",,,,{},,,,,false,,,false,,0.0,false,,0,false,,
114934,LUW718,"868166051637841",,,,{},,,,,false,,,false,,0.0,false,,0,false,,
114935,INW907,"868166051639276",,,,{},,,,,false,,,false,,0.0,false,,0,false,,
41252,QRN667,"686910666345831",2026-04-01 21:35:01.495,355233134,414,{},,,,,false,offline ,,true,,0.0,false,,0,true,,
114936,GPM585,"868166051639565",,,,{},,,,,false,,,false,,0.0,false,,0,false,,
114937,LPK436,"868166051640761",,,,{},,,,,false,,,false,,0.0,false,,0,false,,
114938,LST333,"868166051641934",,,,{},,,,,false,,,false,,0.0,false,,0,false,,
114939,WPR948,"868166051642098",,,,{},,,,,false,,,false,,0.0,false,,0,false,,
59361,YHY114,"990728847239181",2026-04-01 20:41:54.563,354930924,595,{},,,,,false,offline ,,true,,0.0,false,,0,true,,
41221,FDR462,"551796425519002",2026-04-01 21:35:18.068,355238339,414,{},,,,,false,offline ,,true,,0.0,false,,0,true,,
43281,LRV404,"792634964089658",2026-04-01 21:35:32.580,355241174,434,{},,,,,false,offline ,,true,,0.0,false,,0,true,,
42711,DYB372,"861828733523288",2026-04-01 21:35:31.161,355240948,429,{},,,,,false,offline ,,true,,0.0,false,,0,true,,
46138,HPH269,"776039936490069",2026-04-01 21:35:51.620,355243753,463,{},,,,,false,offline ,,true,,0.0,false,,0,true,,
48752,PKR952,"629020845484939",2026-04-01 20:38:49.872,354776148,489,{},,,,,false,offline ,,true,,0.0,false,,0,true,,
54654,JLF695,"385660440262562",2026-04-01 20:41:24.480,354912289,548,{},,,,,false,offline ,,true,,0.0,false,,0,true,,
48200,QLT689,"961481805402368",2026-04-01 20:38:51.189,354777231,484,{},,,,,false,offline ,,true,,0.0,false,,0,true,,
50191,XMP548,"228206856391635",2026-04-01 20:39:53.272,354822337,503,{},,,,,false,offline ,,true,,0.0,false,,0,true,,
50159,WKM914,"541676033227276",2026-04-01 20:39:53.553,354822554,503,{},,,,,false,offline ,,true,,0.0,false,,0,true,,
48076,BJR658,"989384262181210",2026-04-01 20:40:22.061,354852453,482,{},,,,,false,offline ,,true,,0.0,false,,0,true,,
57454,YDM406,"526070460418542",2026-04-01 20:40:18.354,354847807,576,{},,,,,false,offline ,,true,,0.0,false,,0,true,,
48064,YDG363,"035429988529269",2026-04-01 20:39:33.962,354809108,482,{},,,,,false,offline ,,true,,0.0,false,,0,true,,
53164,XJG058,"774809843984764",2026-04-01 20:41:11.367,354904993,533,{},,,,,false,offline ,,true,,0.0,false,,0,true,,
50803,JYC864,"514493221718345",2026-04-01 20:40:47.977,354888335,510,{},,,,,false,offline ,,true,,0.0,false,,0,true,,
114940,IXO868,"868166051642304",,,,{},,,,,false,,,false,,0.0,false,,0,false,,
114941,KSZ233,"868166051644318",,,,{},,,,,false,,,false,,0.0,false,,0,false,,
1870,NCD670,"322640678213970",2026-05-09 02:08:44.992,510751938,19,{},,,,,false,offline ,,true,2026-05-09 02:08:03.000,602123368.2771289,false,,0,false,,510751938
59202,JZD278,"982056882634359",2026-04-01 20:42:09.290,354936512,594,{},,,,,false,offline ,,true,,0.0,false,,0,true,,
48237,ZSZ781,"309233734192425",2026-04-01 20:38:44.713,354771909,484,{},,,,,false,offline ,,true,,0.0,false,,0,true,,
1944,CQX862,"086354131124628",2026-05-09 02:08:46.083,510751984,20,{},,,,,false,offline ,,true,2026-05-09 02:08:04.000,433432941.188735,false,,0,false,,510751984
114942,JSO707,"868166051644326",,,,{},,,,,false,,,false,,0.0,false,,0,false,,
1882,MYH228,"860531628405485",2026-05-09 02:08:45.297,510751952,19,{},,,,,false,offline ,,true,2026-05-09 02:08:03.000,437895369.87605274,false,,0,false,,510751952
48223,SLN284,"291861872415362",2026-04-01 20:39:31.549,354807402,484,{},,,,,false,offline ,,true,,0.0,false,,0,true,,
114943,WOX235,"868166051645240",,,,{},,,,,false,,,false,,0.0,false,,0,false,,
1886,KBC190,"178671845402894",2026-05-09 02:08:45.386,510751954,19,{},,,,,false,offline ,,true,2026-05-09 02:08:03.000,650690107.7491288,false,,0,false,,510751954
17770,PHD886,"263498937063343",2026-04-08 23:49:24.430,506197343,178,{},,,,,false,offline ,,true,,0.0,false,,0,true,,
1897,XYH532,"511881376836974",2026-05-09 02:08:45.649,510751966,19,{},,,,,false,offline ,,true,2026-05-09 02:08:03.000,491146672.3792302,false,,0,false,,510751966
1974,NGV921,"306165523316372",2026-05-09 02:08:46.807,510752014,20,{},,,,,false,offline ,,true,2026-05-09 02:08:04.000,566336948.3326524,false,,0,false,,510752014
17773,BWH384,"554187705492788",2026-04-08 23:49:24.428,506197335,178,{},,,,,false,offline ,,true,,0.0,false,,0,true,,
1901,NRF574,"896034000370250",2026-05-09 02:08:45.534,510751961,20,{},,,,,false,offline ,,true,2026-05-09 02:08:04.000,396179263.05638075,false,,0,false,,510751961
1992,BRZ223,"271590065230205",2026-05-09 02:08:48.106,510752070,20,{},,,,,false,offline ,,true,2026-05-09 02:08:04.000,330628665.7415729,false,,0,false,,510752070
17799,LLZ201,"266727130190504",2026-04-08 23:49:24.431,506197350,178,{},,,,,false,offline ,,true,,0.0,false,,0,true,,
53176,YQJ381,"947208952282874",2026-04-01 20:41:02.699,354900093,533,{},,,,,false,offline ,,true,,0.0,false,,0,true,,
29626,LKR642,"292147420097913",2026-04-08 23:49:24.482,506197567,297,{},,,,,false,offline ,,true,,0.0,false,,0,true,,
1954,MZG180,"194512146420716",2026-05-09 02:08:47.252,510752034,20,{},,,,,false,offline ,,true,2026-05-09 02:08:04.000,350675679.18051976,false,,0,false,,510752034
3608,QVL544,"838533142507811",2026-05-09 02:09:27.222,510753712,37,{},,,,,false,offline ,,true,2026-05-09 02:08:07.000,352695314.41899663,false,,0,false,,510753712
29622,HYX747,"211452245051980",2026-04-08 23:49:24.487,506197595,297,{},,,,,false,offline ,,true,,0.0,false,,0,true,,
29647,GVY265,"184810308350990",2026-04-08 23:49:24.479,506197560,297,{},,,,,false,offline ,,true,,0.0,false,,0,true,,
53162,PJZ334,"529224273792638",2026-04-01 20:41:08.354,354903306,533,{},,,,,false,offline ,,true,,0.0,false,,0,true,,
3609,SWM125,"369945422994401",2026-05-09 02:09:26.470,510753680,37,{},,,,,false,offline ,,true,2026-05-09 02:08:07.000,501555996.9344409,false,,0,false,,510753680
114944,HYN251,"868166051637627",,,,{},,,,,false,,,false,,0.0,false,,0,false,,
29688,QSJ761,"170715029540561",2026-04-08 23:49:24.475,506197547,298,{},,,,,false,offline ,,true,,0.0,false,,0,true,,
114945,LUL031,"868166051646875",,,,{},,,,,false,,,false,,0.0,false,,0,false,,
114946,LUL909,"868166051651909",,,,{},,,,,false,,,false,,0.0,false,,0,false,,
114947,PMU898,"865413057163916",,,,{},,,,,false,,,false,,0.0,false,,0,false,,
114948,KDM787,"868166051654705",,,,{},,,,,false,,,false,,0.0,false,,0,false,,
29616,RCT921,"372513522441825",2026-04-08 23:49:24.484,506197576,297,{},,,,,false,offline ,,true,,0.0,false,,0,true,,
114949,FVS585,"868166051655611",,,,{},,,,,false,,,false,,0.0,false,,0,false,,
114950,EBU609,"868166051658169",,,,{},,,,,false,,,false,,0.0,false,,0,false,,
114951,LQL139,"868166051658813",,,,{},,,,,false,,,false,,0.0,false,,0,false,,
114952,FOW361,"868166051659035",,,,{},,,,,false,,,false,,0.0,false,,0,false,,
114953,HDV488,"868166051661940",,,,{},,,,,false,,,false,,0.0,false,,0,false,,
114954,EJZ608,"868166051662013",,,,{},,,,,false,,,false,,0.0,false,,0,false,,
114955,PCT021,"869671074387810",,,,{},,,,,false,,,false,,0.0,false,,0,false,,
114956,IWR196,"868166051685634",,,,{},,,,,false,,,false,,0.0,false,,0,false,,
114957,LZM428,"868166051685774",,,,{},,,,,false,,,false,,0.0,false,,0,false,,
114958,LZM045,"868166051686012",,,,{},,,,,false,,,false,,0.0,false,,0,false,,
114959,GDW275,"868166051687275",,,,{},,,,,false,,,false,,0.0,false,,0,false,,
114960,JCK106,"868166051687416",,,,{},,,,,false,,,false,,0.0,false,,0,false,,
114961,LZM586,"868166051687762",,,,{},,,,,false,,,false,,0.0,false,,0,false,,
114962,MJL583,"868166053121075",,,,{},,,,,false,,,false,,0.0,false,,0,false,,
31841,GWJ762,"408338451717773",2026-04-08 23:49:08.208,506172894,320,{},,,,,false,offline ,,true,,0.0,false,,0,true,,
53189,RNV010,"456484409438053",2026-04-01 20:41:02.832,354900186,533,{},,,,,false,offline ,,true,,0.0,false,,0,true,,
114963,LIT937,"868166053497582",,,,{},,,,,false,,,false,,0.0,false,,0,false,,
114964,MPT439,"868166053498424",,,,{},,,,,false,,,false,,0.0,false,,0,false,,
114965,BXN000,"868166053498770",,,,{},,,,,false,,,false,,0.0,false,,0,false,,
114966,LWQ329,"868166053499513",,,,{},,,,,false,,,false,,0.0,false,,0,false,,
114967,FKL789,"868166053500344",,,,{},,,,,false,,,false,,0.0,false,,0,false,,
114968,HZR542,"868166053500427",,,,{},,,,,false,,,false,,0.0,false,,0,false,,
114969,DUT280,"868166053500369",,,,{},,,,,false,,,false,,0.0,false,,0,false,,
114970,JJR519,"868166053500013",,,,{},,,,,false,,,false,,0.0,false,,0,false,,
114971,LYR174,"868166053501185",,,,{},,,,,false,,,false,,0.0,false,,0,false,,
114972,IDX997,"868166053501284",,,,{},,,,,false,,,false,,0.0,false,,0,false,,
114973,FZY595,"868166053501508",,,,{},,,,,false,,,false,,0.0,false,,0,false,,
114974,LOM102,"868166053501177",,,,{},,,,,false,,,false,,0.0,false,,0,false,,
114975,LZM110,"868166053502183",,,,{},,,,,false,,,false,,0.0,false,,0,false,,
114976,LZM765,"868166053502365",,,,{},,,,,false,,,false,,0.0,false,,0,false,,
114977,LVW035,"868307060146933",,,,{},,,,,false,,,false,,0.0,false,,0,false,,
114978,IXP657,"868307060147535",,,,{},,,,,false,,,false,,0.0,false,,0,false,,
114979,GQU571,"869671072737826",,,,{},,,,,false,,,false,,0.0,false,,0,false,,
114980,HHS195,"868307060148798",,,,{},,,,,false,,,false,,0.0,false,,0,false,,
114981,GXX925,"868307060148780",,,,{},,,,,false,,,false,,0.0,false,,0,false,,
114982,FZW894,"868307060148947",,,,{},,,,,false,,,false,,0.0,false,,0,false,,
114983,MIS988,"868307060149085",,,,{},,,,,false,,,false,,0.0,false,,0,false,,
54364,MZF701,"404483309784296",2026-04-01 20:41:24.353,354912209,545,{},,,,,false,offline ,,true,,0.0,false,,0,true,,
114984,FPU688,"868307060149499",,,,{},,,,,false,,,false,,0.0,false,,0,false,,
114985,LZO424,"868307060150349",,,,{},,,,,false,,,false,,0.0,false,,0,false,,
114986,EHQ547,"868307060150471",,,,{},,,,,false,,,false,,0.0,false,,0,false,,
114987,IRQ636,"868307060150745",,,,{},,,,,false,,,false,,0.0,false,,0,false,,
114988,LWZ440,"868307060151966",,,,{},,,,,false,,,false,,0.0,false,,0,false,,
9737,YNM423,"841339982332574",2026-04-08 23:49:14.516,506185227,98,{},,,,,false,offline ,,true,,0.0,false,,0,true,,
9779,RCZ108,"330158726777557",2026-04-08 23:49:14.524,506185252,98,{},,,,,false,offline ,,true,,0.0,false,,0,true,,
114989,KNL153,"868307060151735",,,,{},,,,,false,,,false,,0.0,false,,0,false,,
1821,VRQ929,"565234853808766",2026-05-09 02:08:43.098,510751859,19,{},,,,,false,offline ,,true,2026-05-09 02:08:03.000,564704829.1079344,false,,0,false,,510751859
114990,EQQ501,"868307060152410",,,,{},,,,,false,,,false,,0.0,false,,0,false,,
1881,LHK082,"395898648146371",2026-05-09 02:08:44.115,510751901,19,{},,,,,false,offline ,,true,2026-05-09 02:08:03.000,658019106.8801223,false,,0,false,,510751901
114991,BXP585,"868307060175304",,,,{},,,,,false,,,false,,0.0,false,,0,false,,
114992,HJS304,"865413056123077",,,,{},,,,,false,,,false,,0.0,false,,0,false,,
9785,WHQ738,"127701806107539",2026-04-08 23:49:14.537,506185307,98,{},,,,,false,offline ,,true,,0.0,false,,0,true,,
114993,LOW869,"868307060175403",,,,{},,,,,false,,,false,,0.0,false,,0,false,,
9797,JKH412,"701340016104103",2026-04-08 23:49:14.531,506185283,98,{},,,,,false,offline ,,true,,0.0,false,,0,true,,
114994,NHQ380,"868307060176088",,,,{},,,,,false,,,false,,0.0,false,,0,false,,
1887,BXW327,"819458478359087",2026-05-09 02:08:45.204,510751946,19,{},,,,,false,offline ,,true,2026-05-09 02:08:03.000,760268848.3726857,false,,0,false,,510751946
42127,NMQ450,"668610606267101",2026-04-01 21:35:26.709,355240169,423,{},,,,,false,offline ,,true,,0.0,false,,0,true,,
1919,NHQ915,"944943581126117",2026-05-09 02:08:46.196,510751989,20,{},,,,,false,offline ,,true,2026-05-09 02:08:04.000,347754825.1864824,false,,0,false,,510751989
43750,XCX274,"589002851270723",2026-04-01 21:35:21.107,355238986,439,{},,,,,false,offline ,,true,,0.0,false,,0,true,,
37843,YBF525,"975799271957571",2026-04-08 23:49:08.278,506172978,380,{},,,,,false,offline ,,true,,0.0,false,,0,true,,
37870,GHJ862,"276642270635374",2026-04-08 23:49:08.273,506172970,380,{},,,,,false,offline ,,true,,0.0,false,,0,true,,
54184,GTQ549,"707689610760064",2026-04-01 20:41:21.753,354910799,543,{},,,,,false,offline ,,true,,0.0,false,,0,true,,
1848,TXH764,"911330047689954",2026-05-09 02:08:44.521,510751920,19,{},,,,,false,offline ,,true,2026-05-09 02:08:03.000,863009885.1509933,false,,0,false,,510751920
1920,KWF663,"633840133646509",2026-05-09 02:08:46.290,510751994,20,{},,,,,false,offline ,,true,2026-05-09 02:08:04.000,496137852.2252796,false,,0,false,,510751994
114996,JGO316,"868307060176385",,,,{},,,,,false,,,false,,0.0,false,,0,false,,
114997,JMN165,"868307060176534",,,,{},,,,,false,,,false,,0.0,false,,0,false,,
114998,MYR616,"868307060176229",,,,{},,,,,false,,,false,,0.0,false,,0,false,,
114999,EML948,"868307060177458",,,,{},,,,,false,,,false,,0.0,false,,0,false,,
115000,LSY656,"868307060177524",,,,{},,,,,false,,,false,,0.0,false,,0,false,,
54664,YMJ874,"527959584865126",2026-04-01 20:41:25.582,354912880,548,{},,,,,false,offline ,,true,,0.0,false,,0,true,,
115001,EFM895,"868307060177185",,,,{},,,,,false,,,false,,0.0,false,,0,false,,
115002,NDK524,"868307060179041",,,,{},,,,,false,,,false,,0.0,false,,0,false,,
115003,KSR281,"868307060179470",,,,{},,,,,false,,,false,,0.0,false,,0,false,,
115004,ELR575,"868307060181096",,,,{},,,,,false,,,false,,0.0,false,,0,false,,
41228,QPC709,"268044931321884",2026-04-01 21:35:17.981,355238320,414,{},,,,,false,offline ,,true,,0.0,false,,0,true,,
59142,HQG170,"344955250651312",2026-04-01 20:42:14.174,354938408,593,{},,,,,false,offline ,,true,,0.0,false,,0,true,,
115005,LOM452,"865413056642183",,,,{},,,,,false,,,false,,0.0,false,,0,false,,
115006,HKW025,"868307060181088",,,,{},,,,,false,,,false,,0.0,false,,0,false,,
42124,PZR462,"319516978372101",2026-04-01 21:35:25.084,355239848,423,{},,,,,false,offline ,,true,,0.0,false,,0,true,,
9792,YXW862,"625342020655164",2026-04-08 23:49:14.544,506185323,98,{},,,,,false,offline ,,true,,0.0,false,,0,true,,
115008,NHQ831,"868307060185014",,,,{},,,,,false,,,false,,0.0,false,,0,false,,
115009,FKM356,"868307060185618",,,,{},,,,,false,,,false,,0.0,false,,0,false,,
115010,POY426,"869671074401330",,,,{},,,,,false,,,false,,0.0,false,,0,false,,
115012,RVT48H,"869671075646354",,,,{},,,,,false,,,false,,0.0,false,,0,false,,
115013,GTL651,"869671074617596",,,,{},,,,,false,,,false,,0.0,false,,0,false,,
43765,FTP501,"029419156400227",2026-04-01 21:35:35.874,355241656,439,{},,,,,false,offline ,,true,,0.0,false,,0,true,,
115015,LQK716,"868166051652238",,,,{},,,,,false,,,false,,0.0,false,,0,false,,
115016,JVO349,"865413055616493",,,,{},,,,,false,,,false,,0.0,false,,0,false,,
115017,JKZ786,"864035050948349",,,,{},,,,,false,,,false,,0.0,false,,0,false,,
43791,FGJ147,"622976307767581",2026-04-01 21:35:36.148,355241689,439,{},,,,,false,offline ,,true,,0.0,false,,0,true,,
115018,IXN630,"864035050872788",,,,{},,,,,false,,,false,,0.0,false,,0,false,,
115019,ENV281,"865413053511027",,,,{},,,,,false,,,false,,0.0,false,,0,false,,
115020,LHY005,"865413052207023",,,,{},,,,,false,,,false,,0.0,false,,0,false,,
49224,XRV880,"963308853011510",2026-04-01 20:38:56.759,354781546,494,{},,,,,false,offline ,,true,,0.0,false,,0,true,,
115022,LKN424,"868166051656049",,,,{},,,,,false,,,false,,0.0,false,,0,false,,
52854,BYQ941,"490532901478445",2026-04-01 20:39:30.592,354806701,530,{},,,,,false,offline ,,true,,0.0,false,,0,true,,
115023,GRT832,"868307060143435",,,,{},,,,,false,,,false,,0.0,false,,0,false,,
115024,KRM003,"864035051763960",,,,{},,,,,false,,,false,,0.0,false,,0,false,,
43106,HJQ539,"474000241368569",2026-04-01 21:35:15.727,355237835,433,{},,,,,false,offline ,,true,,0.0,false,,0,true,,
42913,LGX688,"539498550680637",2026-04-01 21:35:29.001,355240521,431,{},,,,,false,offline ,,true,,0.0,false,,0,true,,
54542,JSY750,"588770046494439",2026-04-01 20:41:01.891,354899623,547,{},,,,,false,offline ,,true,,0.0,false,,0,true,,
43992,SYN901,"512645636408125",2026-04-01 21:35:41.553,355242410,442,{},,,,,false,offline ,,true,,0.0,false,,0,true,,
40959,KRQ825,"962266510952099",2026-04-01 21:35:13.793,355237381,411,{},,,,,false,offline ,,true,,0.0,false,,0,true,,
115025,LLX050,"865413056578874",,,,{},,,,,false,,,false,,0.0,false,,0,false,,
115027,GPO217,"864035051830769",,,,{},,,,,false,,,false,,0.0,false,,0,false,,
115030,DJX814,"868307060146131",,,,{},,,,,false,,,false,,0.0,false,,0,false,,
115031,EPR589,"868166051650745",,,,{},,,,,false,,,false,,0.0,false,,0,false,,
115032,LWW776,"864035050829366",,,,{},,,,,false,,,false,,0.0,false,,0,false,,
115033,IIU219,"868166050261700",,,,{},,,,,false,,,false,,0.0,false,,0,false,,
115034,LZM805,"864180039301135",,,,{},,,,,false,,,false,,0.0,false,,0,false,,
115035,LRU286,"864035051966258",,,,{},,,,,false,,,false,,0.0,false,,0,false,,
42406,MHQ585,"497069949393511",2026-04-01 21:35:17.183,355238150,426,{},,,,,false,offline ,,true,,0.0,false,,0,true,,
44041,VDG688,"523576639324398",2026-04-01 21:35:30.327,355240734,442,{},,,,,false,offline ,,true,,0.0,false,,0,true,,
44018,BQR405,"616354972538497",2026-04-01 21:35:42.133,355242486,442,{},,,,,false,offline ,,true,,0.0,false,,0,true,,
115036,FKN443,"864035051639731",,,,{},,,,,false,,,false,,0.0,false,,0,false,,
115037,IFM371,"868307060148277",,,,{},,,,,false,,,false,,0.0,false,,0,false,,
115038,JOV091,"868166050490903",,,,{},,,,,false,,,false,,0.0,false,,0,false,,
115040,KSO912,"869671072448804",,,,{},,,,,false,,,false,,0.0,false,,0,false,,
115043,KQN790,"864035050826602",,,,{},,,,,false,,,false,,0.0,false,,0,false,,
115044,WDM292,"868166051083236",,,,{},,,,,false,,,false,,0.0,false,,0,false,,
115045,NMM909,"864035051830686",,,,{},,,,,false,,,false,,0.0,false,,0,false,,
115046,LKZ695,"868166051661379",,,,{},,,,,false,,,false,,0.0,false,,0,false,,
17763,ZRD659,"544815796544637",2026-04-08 23:49:24.425,506197325,178,{},,,,,false,offline ,,true,,0.0,false,,0,true,,
115047,GXY655,"868166051475531",,,,{},,,,,false,,,false,,0.0,false,,0,false,,
115048,IIY917,"864035051767854",,,,{},,,,,false,,,false,,0.0,false,,0,false,,
115049,LPZ390,"868166051661270",,,,{},,,,,false,,,false,,0.0,false,,0,false,,
115050,KZV733,"868166051082675",,,,{},,,,,false,,,false,,0.0,false,,0,false,,
115051,FYW862,"864035050865261",,,,{},,,,,false,,,false,,0.0,false,,0,false,,
115052,KZX939,"864035050829838",,,,{},,,,,false,,,false,,0.0,false,,0,false,,
115053,DOR314,"868166050707959",,,,{},,,,,false,,,false,,0.0,false,,0,false,,
115054,LNM598,"868166051637825",,,,{},,,,,false,,,false,,0.0,false,,0,false,,
27658,FTJ374,"206378678079478",2026-04-08 23:49:14.516,506185218,277,{},,,,,false,offline ,,true,,0.0,false,,0,true,,
115055,LWW868,"864035050827592",,,,{},,,,,false,,,false,,0.0,false,,0,false,,
115056,GKU493,"864035051768969",,,,{},,,,,false,,,false,,0.0,false,,0,false,,
115057,JIK363,"868166051080794",,,,{},,,,,false,,,false,,0.0,false,,0,false,,
29627,PLJ884,"045750395590463",2026-04-08 23:49:24.471,506197527,297,{},,,,,false,offline ,,true,,0.0,false,,0,true,,
115058,GHX807,"868166051328565",,,,{},,,,,false,,,false,,0.0,false,,0,false,,
7990,KMK530,"584561424628670",2026-05-09 02:04:28.700,510749376,80,{},,,,,false,offline ,,false,,0.0,false,,0,false,,
29636,RTN455,"601818112765795",2026-04-08 23:49:24.475,506197545,297,{},,,,,false,offline ,,true,,0.0,false,,0,true,,
46023,NSH769,"203183868974501",2026-04-01 21:35:44.613,355242816,462,{},,,,,false,offline ,,true,,0.0,false,,0,true,,
29652,FVD941,"355663938402985",2026-04-08 23:49:24.473,506197536,297,{},,,,,false,offline ,,true,,0.0,false,,0,true,,
7966,YTR427,"128466741202964",2026-05-09 02:04:27.505,510749328,80,{},,,,,false,offline ,,false,,0.0,false,,0,false,,
115059,LWL462,"864035050873869",,,,{},,,,,false,,,false,,0.0,false,,0,false,,
42971,QMK829,"952660016466459",2026-04-01 21:35:09.238,355236314,431,{},,,,,false,offline ,,true,,0.0,false,,0,true,,
45990,GLW753,"880226330847449",2026-04-01 21:35:51.909,355243791,461,{},,,,,false,offline ,,true,,0.0,false,,0,true,,
43898,GDP857,"059179776222566",2026-04-01 21:35:37.001,355241795,441,{},,,,,false,offline ,,true,,0.0,false,,0,true,,
58597,PYD928,"105418153147176",2026-04-01 20:41:47.611,354925564,588,{},,,,,false,offline ,,true,,0.0,false,,0,true,,
17658,RFG753,"771172689123671",2026-04-08 23:49:24.423,506197315,177,{},,,,,false,offline ,,true,,0.0,false,,0,true,,
115060,KZT757,"864035050759027",,,,{},,,,,false,,,false,,0.0,false,,0,false,,
42861,QWZ081,"117147843158428",2026-04-01 21:35:31.918,355241090,430,{},,,,,false,offline ,,true,,0.0,false,,0,true,,
17682,JMP718,"251975246557739",2026-04-08 23:49:24.421,506197301,177,{},,,,,false,offline ,,true,,0.0,false,,0,true,,
45947,PRJ002,"298976847714955",2026-04-01 21:35:48.808,355243377,461,{},,,,,false,offline ,,true,,0.0,false,,0,true,,
115061,NMW228,"868307060176989",,,,{},,,,,false,,,false,,0.0,false,,0,false,,
115062,INW250,"864035051958388",,,,{},,,,,false,,,false,,0.0,false,,0,false,,
115063,HQZ075,"868166050719798",,,,{},,,,,false,,,false,,0.0,false,,0,false,,
29671,RDX031,"085854816706947",2026-04-08 23:49:24.468,506197513,297,{},,,,,false,offline ,,true,,0.0,false,,0,true,,
29689,YFC538,"639701065610364",2026-04-08 23:49:24.469,506197520,298,{},,,,,false,offline ,,true,,0.0,false,,0,true,,
115064,NHR117,"868166051082261",,,,{},,,,,false,,,false,,0.0,false,,0,false,,
115065,JGO030,"868166051660843",,,,{},,,,,false,,,false,,0.0,false,,0,false,,
29704,LWH105,"571359361572463",2026-04-08 23:49:24.464,506197502,298,{},,,,,false,offline ,,true,,0.0,false,,0,true,,
49424,SLX102,"128163003749622",2026-04-01 20:39:46.207,354817593,496,{},,,,,false,offline ,,true,,0.0,false,,0,true,,
13817,WKF213,"678159650294585",2026-04-08 23:49:08.331,506173059,139,{},,,,,false,offline ,,true,,0.0,false,,0,true,,
115066,LLQ762,"868166051684231",,,,{},,,,,false,,,false,,0.0,false,,0,false,,
115067,LJS692,"868166051153351",,,,{},,,,,false,,,false,,0.0,false,,0,false,,
59032,SZF395,"160753069232783",2026-04-01 20:41:59.760,354932934,592,{},,,,,false,offline ,,true,,0.0,false,,0,true,,
13822,TGP224,"405955050828975",2026-04-08 23:49:08.324,506173040,139,{},,,,,false,offline ,,true,,0.0,false,,0,true,,
13827,LRV329,"451965396295758",2026-04-08 23:49:08.342,506173114,139,{},,,,,false,offline ,,true,,0.0,false,,0,true,,
50166,QYP914,"278857412170381",2026-04-01 20:40:17.208,354846418,503,{},,,,,false,offline ,,true,,0.0,false,,0,true,,
115068,WZI291,"868166050704873",,,,{},,,,,false,,,false,,0.0,false,,0,false,,
50138,ZGQ518,"729201301019687",2026-04-01 20:39:53.374,354822398,503,{},,,,,false,offline ,,true,,0.0,false,,0,true,,
115069,KYT115,"864035051770718",,,,{},,,,,false,,,false,,0.0,false,,0,false,,
13923,KVL007,"817537047634302",2026-04-08 23:49:08.348,506173138,140,{},,,,,false,offline ,,true,,0.0,false,,0,true,,
49456,NTP521,"648489557016626",2026-04-01 20:40:31.537,354866445,496,{},,,,,false,offline ,,true,,0.0,false,,0,true,,
13899,RKN053,"361296324626032",2026-04-08 23:49:08.355,506173170,139,{},,,,,false,offline ,,true,,0.0,false,,0,true,,
59384,MFL261,"408519498935540",2026-04-01 20:41:16.240,354907753,595,{},,,,,false,offline ,,true,,0.0,false,,0,true,,
54376,KMM826,"710043910252437",2026-04-01 20:39:54.517,354823203,545,{},,,,,false,offline ,,true,,0.0,false,,0,true,,
54679,BLV928,"377606273642255",2026-04-01 20:41:17.733,354908590,548,{},,,,,false,offline ,,true,,0.0,false,,0,true,,
115070,KPK387,"864035051766914",,,,{},,,,,false,,,false,,0.0,false,,0,false,,
13885,QVP272,"011937109862144",2026-04-08 23:49:08.364,506173209,139,{},,,,,false,offline ,,true,,0.0,false,,0,true,,
48044,WXJ700,"328306083668877",2026-04-01 20:38:49.545,354775879,482,{},,,,,false,offline ,,true,,0.0,false,,0,true,,
40372,JVW927,"215752679446416",2026-04-01 21:35:10.563,355236637,405,{},,,,,false,offline ,,true,,0.0,false,,0,true,,
115071,KQN835,"868166050713403",,,,{},,,,,false,,,false,,0.0,false,,0,false,,
13839,ZQW641,"810455574112997",2026-04-08 23:49:08.337,506173081,139,{},,,,,false,offline ,,true,,0.0,false,,0,true,,
115072,GRW577,"864035051957539",,,,{},,,,,false,,,false,,0.0,false,,0,false,,
115073,LZM981,"868166053499497",,,,{},,,,,false,,,false,,0.0,false,,0,false,,
115074,LZN579,"868166051080232",,,,{},,,,,false,,,false,,0.0,false,,0,false,,
115075,FVV933,"864035051956861",,,,{},,,,,false,,,false,,0.0,false,,0,false,,
115076,LIK223,"869671074568930",,,,{},,,,,false,,,false,,0.0,false,,0,false,,
115078,LZL786,"864035050870824",,,,{},,,,,false,,,false,,0.0,false,,0,false,,
115079,LZN100,"864180039302513",,,,{},,,,,false,,,false,,0.0,false,,0,false,,
115080,LZO164,"868307060142569",,,,{},,,,,false,,,false,,0.0,false,,0,false,,
115081,LZR596,"868166053501847",,,,{},,,,,false,,,false,,0.0,false,,0,false,,
115082,KNL474,"864035051964303",,,,{},,,,,false,,,false,,0.0,false,,0,false,,
115083,KMZ606,"868166051651693",,,,{},,,,,false,,,false,,0.0,false,,0,false,,
115084,KAP995,"868166051642817",,,,{},,,,,false,,,false,,0.0,false,,0,false,,
1872,BTR630,"842509777902794",2026-05-09 02:08:44.945,510751935,19,{},,,,,false,offline ,,true,2026-05-09 02:08:03.000,634815009.1285214,false,,0,false,,510751935
115085,KNV733,"868166051635845",,,,{},,,,,false,,,false,,0.0,false,,0,false,,
115086,GIP599,"864035050946707",,,,{},,,,,false,,,false,,0.0,false,,0,false,,
1859,LBP370,"684169071801043",2026-05-09 02:08:44.632,510751922,19,{},,,,,false,offline ,,true,2026-05-09 02:08:03.000,520800519.9557579,false,,0,false,,510751922
1917,KBS286,"114183783121590",2026-05-09 02:08:46.312,510751993,20,{},,,,,false,offline ,,true,2026-05-09 02:08:04.000,594229260.1738151,false,,0,false,,510751993
56739,SXD443,"779577418814287",2026-04-01 20:41:57.363,354932027,569,{},,,,,false,offline ,,true,,0.0,false,,0,true,,
3665,QQM529,"767328445966029",2026-05-09 02:09:26.708,510753690,37,{},,,,,false,offline ,,true,2026-05-09 02:08:07.000,348204855.1457335,false,,0,false,,510753690
3661,CFM291,"475242157765441",2026-05-09 02:09:26.796,510753694,37,{},,,,,false,offline ,,true,2026-05-09 02:08:07.000,750592324.2271032,false,,0,false,,510753694
23714,KRC218,"062931423893776",2026-04-08 23:49:24.495,506197635,238,{},,,,,false,offline ,,true,,0.0,false,,0,true,,
115088,IXO250,"868166051658235",,,,{},,,,,false,,,false,,0.0,false,,0,false,,
115089,SVM907,"864035050873729",,,,{},,,,,false,,,false,,0.0,false,,0,false,,
115090,JEV878,"869671072679465",,,,{},,,,,false,,,false,,0.0,false,,0,false,,
3693,LZW375,"834148169880902",2026-05-09 02:09:27.407,510753720,37,{},,,,,false,offline ,,true,2026-05-09 02:08:07.000,340369012.44312346,false,,0,false,,510753720
115091,LZU001,"864035050761585",,,,{},,,,,false,,,false,,0.0,false,,0,false,,
33682,CFM028,"730705128677102",2026-04-08 23:49:14.531,506185267,338,{},,,,,false,offline ,,true,,0.0,false,,0,true,,
3639,TVD671,"798974016544514",2026-05-09 02:09:26.817,510753695,37,{},,,,,false,offline ,,true,2026-05-09 02:08:07.000,698064887.437266,false,,0,false,,510753695
33694,SFD183,"165621102444662",2026-04-08 23:49:14.526,506185260,339,{},,,,,false,offline ,,true,,0.0,false,,0,true,,
3677,RJJ373,"725807977235045",2026-05-09 02:09:27.553,510753726,37,{},,,,,false,offline ,,true,2026-05-09 02:08:07.000,415925043.08700186,false,,0,false,,510753726
3775,LFJ339,"338407200883221",2026-05-09 02:09:30.214,510753839,38,{},,,,,false,offline ,,true,2026-05-09 02:08:07.000,275893842.33813465,false,,0,false,,510753839
115092,JDQ412,"868166051657435",,,,{},,,,,false,,,false,,0.0,false,,0,false,,
17730,MDB476,"255419390852162",2026-04-08 23:49:24.441,506197401,178,{},,,,,false,offline ,,true,,0.0,false,,0,true,,
44359,XMZ588,"299094159619777",2026-04-01 21:35:42.705,355242563,445,{},,,,,false,offline ,,true,,0.0,false,,0,true,,
17708,HTG304,"705538972253162",2026-04-08 23:49:24.448,506197430,178,{},,,,,false,offline ,,true,,0.0,false,,0,true,,
115093,LCN507,"868166051475168",,,,{},,,,,false,,,false,,0.0,false,,0,false,,
115094,MXU232,"868166051650653",,,,{},,,,,false,,,false,,0.0,false,,0,false,,
17693,FGL479,"413702831111515",2026-04-08 23:49:24.445,506197415,177,{},,,,,false,offline ,,true,,0.0,false,,0,true,,
17608,WZB478,"832177940103229",2026-04-08 23:49:24.439,506197395,177,{},,,,,false,offline ,,true,,0.0,false,,0,true,,
115095,LMM981,"868166051653517",,,,{},,,,,false,,,false,,0.0,false,,0,false,,
115096,NHT439,"868166051475184",,,,{},,,,,false,,,false,,0.0,false,,0,false,,
115097,LPZ233,"868166051642056",,,,{},,,,,false,,,false,,0.0,false,,0,false,,
115098,LLO899,"868166051629798",,,,{},,,,,false,,,false,,0.0,false,,0,false,,
115099,EBU890,"868166051640662",,,,{},,,,,false,,,false,,0.0,false,,0,false,,
115100,GYN109,"868166051480663",,,,{},,,,,false,,,false,,0.0,false,,0,false,,
17603,PTG898,"938192866171541",2026-04-08 23:49:24.503,506197684,177,{},,,,,false,offline ,,true,,0.0,false,,0,true,,
115101,LSS320,"868166051650729",,,,{},,,,,false,,,false,,0.0,false,,0,false,,
17621,CGM819,"664415901667482",2026-04-08 23:49:24.498,506197663,177,{},,,,,false,offline ,,true,,0.0,false,,0,true,,
115102,EZK140,"868166051651735",,,,{},,,,,false,,,false,,0.0,false,,0,false,,
115103,NHU116,"864035050946772",,,,{},,,,,false,,,false,,0.0,false,,0,false,,
115104,LJT113,"868166051658540",,,,{},,,,,false,,,false,,0.0,false,,0,false,,
115105,LQK088,"868166051659365",,,,{},,,,,false,,,false,,0.0,false,,0,false,,
115106,JBL469,"868166051649929",,,,{},,,,,false,,,false,,0.0,false,,0,false,,
115107,EJL652,"864035050946699",,,,{},,,,,false,,,false,,0.0,false,,0,false,,
115108,GSR943,"868166051631117",,,,{},,,,,false,,,false,,0.0,false,,0,false,,
115109,LMV521,"868166051660850",,,,{},,,,,false,,,false,,0.0,false,,0,false,,
115110,PRUEBA_07,"888888888888882",,,,{},,,,,false,,,false,,0.0,false,,0,false,,
115275,NUX852,"865413055508377",,,,{},,,,,false,,,false,,0.0,false,,0,false,,
115277,NUV129,"865413057222431",,,,{},,,,,false,,,false,,0.0,false,,0,false,,
59324,NSQ146,"808005848992965",2026-04-01 20:42:15.632,354938994,595,{},,,,,false,offline ,,true,,0.0,false,,0,true,,
115280,JUZ509,"865413056110652",,,,{},,,,,false,,,false,,0.0,false,,0,false,,
115281,KWQ866,"865413057110248",,,,{},,,,,false,,,false,,0.0,false,,0,false,,
115283,NUX851,"865413056095937",,,,{},,,,,false,,,false,,0.0,false,,0,false,,
54686,SDG741,"834765874433774",2026-04-01 20:41:03.282,354900427,548,{},,,,,false,offline ,,true,,0.0,false,,0,true,,
53110,RGV262,"544682762618229",2026-04-01 20:39:36.196,354810720,533,{},,,,,false,offline ,,true,,0.0,false,,0,true,,
115284,NLU029,"865413056105553",,,,{},,,,,false,,,false,,0.0,false,,0,false,,
40640,KKB152,"705592077133233",2026-04-01 21:35:01.221,355233044,408,{},,,,,false,offline ,,true,,0.0,false,,0,true,,
115288,JLS111,"865413055139876",,,,{},,,,,false,,,false,,0.0,false,,0,false,,
115289,LJU776,"869671074514397",,,,{},,,,,false,,,false,,0.0,false,,0,false,,
115290,PMW149,"869671074400894",,,,{},,,,,false,,,false,,0.0,false,,0,false,,
46142,SDT477,"748852929429521",2026-04-01 21:35:43.967,355242732,463,{},,,,,false,offline ,,true,,0.0,false,,0,true,,
115294,GLP120,"865413052785697",,,,{},,,,,false,,,false,,0.0,false,,0,false,,
52815,KBG351,"584778442490467",2026-04-01 20:41:07.017,354902542,530,{},,,,,false,offline ,,true,,0.0,false,,0,true,,
115297,MYY324,"869671074548551",,,,{},,,,,false,,,false,,0.0,false,,0,false,,
40243,SFC903,"848992653807721",2026-04-01 21:35:10.219,355236564,404,{},,,,,false,offline ,,true,,0.0,false,,0,true,,
115298,VAK501,"869671074366541",,,,{},,,,,false,,,false,,0.0,false,,0,false,,
41585,HTR559,"629465974471167",2026-04-01 21:35:20.981,355238956,417,{},,,,,false,offline ,,true,,0.0,false,,0,true,,
115300,FYO203,"865413056570962",,,,{},,,,,false,,,false,,0.0,false,,0,false,,
115301,LYQ240,"865413053524590",,,,{},,,,,false,,,false,,0.0,false,,0,false,,
43150,YFS685,"088501671433656",2026-04-01 21:35:31.859,355241081,433,{},,,,,false,offline ,,true,,0.0,false,,0,true,,
40148,LNH336,"094820830349633",2026-04-01 21:35:11.564,355236858,403,{},,,,,false,offline ,,true,,0.0,false,,0,true,,
115302,NYR855,"865413055979180",,,,{},,,,,false,,,false,,0.0,false,,0,false,,
115304,NUX853,"865413056541724",,,,{},,,,,false,,,false,,0.0,false,,0,false,,
115306,DZW835,"865413053306295",,,,{},,,,,false,,,false,,0.0,false,,0,false,,
115307,HTY863,"865413056050916",,,,{},,,,,false,,,false,,0.0,false,,0,false,,
115308,JHZ954,"869671072747775",,,,{},,,,,false,,,false,,0.0,false,,0,false,,
115310,LKR442,"869671072683863",,,,{},,,,,false,,,false,,0.0,false,,0,false,,
115313,GPM865,"869671074656453",,,,{},,,,,false,,,false,,0.0,false,,0,false,,
115314,DGS692,"863238070919321",,,,{},,,,,false,,,false,,0.0,false,,0,false,,
11748,TWK821,"341400656849601",2026-04-08 23:49:24.454,506197463,118,{},,,,,false,offline ,,true,,0.0,false,,0,true,,
115315,DQT360,"869671074538339",,,,{},,,,,false,,,false,,0.0,false,,0,false,,
115316,JUZ332,"865413056578940",,,,{},,,,,false,,,false,,0.0,false,,0,false,,
26126,NPS675,"683811814310409",2026-04-08 23:49:08.402,506173355,262,{},,,,,false,offline ,,true,,0.0,false,,0,true,,
26119,DNV412,"092020767268961",2026-04-08 23:49:08.408,506173429,262,{},,,,,false,offline ,,true,,0.0,false,,0,true,,
115317,PBU677,"869671072809153",,,,{},,,,,false,,,false,,0.0,false,,0,false,,
26105,GQM494,"885182220558932",2026-04-08 23:49:08.429,506173456,262,{},,,,,false,offline ,,true,,0.0,false,,0,true,,
115318,LEZ849,"869671075986131",,,,{},,,,,false,,,false,,0.0,false,,0,false,,
26074,XCM239,"020732109807424",2026-04-08 23:49:08.434,506173480,261,{},,,,,false,offline ,,true,,0.0,false,,0,true,,
115321,DQR024,"865413051354024",,,,{},,,,,false,,,false,,0.0,false,,0,false,,
115325,UCQ431,"865413055690027",,,,{},,,,,false,,,false,,0.0,false,,0,false,,
115328,MPO964,"865413054870794",,,,{},,,,,false,,,false,,0.0,false,,0,false,,
115330,GCR027,"869671075605608",,,,{},,,,,false,,,false,,0.0,false,,0,false,,
115334,JNZ425,"865413056585614",,,,{},,,,,false,,,false,,0.0,false,,0,false,,
115336,LFR963,"865413056557548",,,,{},,,,,false,,,false,,0.0,false,,0,false,,
43838,SSB419,"635043674460855",2026-04-01 21:35:36.031,355241668,440,{},,,,,false,offline ,,true,,0.0,false,,0,true,,
115340,PXV703,"869671075539666",,,,{},,,,,false,,,false,,0.0,false,,0,false,,
14101,YYF309,"647395967964068",2026-04-08 23:49:08.360,506173180,142,{},,,,,false,offline ,,true,,0.0,false,,0,true,,
44393,MKP264,"551680005427549",2026-04-01 21:35:42.468,355242531,446,{},,,,,false,offline ,,true,,0.0,false,,0,true,,
14123,GMD065,"396244615169394",2026-04-08 23:49:08.347,506173124,142,{},,,,,false,offline ,,true,,0.0,false,,0,true,,
115341,JGT274,"865413057080524",,,,{},,,,,false,,,false,,0.0,false,,0,false,,
115342,ZNO164,"869671072781055",,,,{},,,,,false,,,false,,0.0,false,,0,false,,
115343,NPV003,"865413055616865",,,,{},,,,,false,,,false,,0.0,false,,0,false,,
115345,WPQ931,"865413055214257",,,,{},,,,,false,,,false,,0.0,false,,0,false,,
115346,NOK991,"869671074397868",,,,{},,,,,false,,,false,,0.0,false,,0,false,,
26135,FFR789,"255175931570719",2026-04-08 23:49:08.404,506173369,262,{},,,,,false,offline ,,true,,0.0,false,,0,true,,
115348,PDZ414,"869671075664225",,,,{},,,,,false,,,false,,0.0,false,,0,false,,
115350,NQQ483,"865413055741788",,,,{},,,,,false,,,false,,0.0,false,,0,false,,
115352,KTR143,"869671075539070",,,,{},,,,,false,,,false,,0.0,false,,0,false,,
11716,DQV221,"440594183541010",2026-04-08 23:49:24.464,506197507,118,{},,,,,false,offline ,,true,,0.0,false,,0,true,,
115353,LPL264,"865413054839880",,,,{},,,,,false,,,false,,0.0,false,,0,false,,
115354,LPY589,"865413055766868",,,,{},,,,,false,,,false,,0.0,false,,0,false,,
11711,TSR848,"941092582620661",2026-04-08 23:49:24.458,506197484,118,{},,,,,false,offline ,,true,,0.0,false,,0,true,,
115357,IFN644,"865413055544612",,,,{},,,,,false,,,false,,0.0,false,,0,false,,
115360,KUT547,"865413055149859",,,,{},,,,,false,,,false,,0.0,false,,0,false,,
11682,MFR211,"774135957912908",2026-04-08 23:49:24.448,506197437,117,{},,,,,false,offline ,,true,,0.0,false,,0,true,,
115361,WDP246,"869671070235617",,,,{},,,,,false,,,false,,0.0,false,,0,false,,
47295,GVM597,"674578985558808",2026-04-01 21:35:55.397,355244259,475,{},,,,,false,offline ,,true,,0.0,false,,0,true,,
115362,LUZ938,"869671077219960",,,,{},,,,,false,,,false,,0.0,false,,0,false,,
115363,UGV803,"865413056558132",,,,{},,,,,false,,,false,,0.0,false,,0,false,,
56147,KNY438,"666295255689482",2026-04-01 20:41:50.938,354928387,563,{},,,,,false,offline ,,true,,0.0,false,,0,true,,
115370,LPM321,"863238073794978",,,,{},,,,,false,,,false,,0.0,false,,0,false,,
115373,DRV700,"869671070384381",,,,{},,,,,false,,,false,,0.0,false,,0,false,,
47715,RQZ891,"134995676736549",2026-04-01 21:35:57.152,355244447,479,{},,,,,false,offline ,,true,,0.0,false,,0,true,,
115375,LFC05F,"869671075600773",,,,{},,,,,false,,,false,,0.0,false,,0,false,,
53205,HNB986,"318574175129759",2026-04-01 20:40:47.516,354887809,534,{},,,,,false,offline ,,true,,0.0,false,,0,true,,
48298,WYF280,"962647004645150",2026-04-01 20:40:24.091,354855115,485,{},,,,,false,offline ,,true,,0.0,false,,0,true,,
48137,JLG317,"553959100101367",2026-04-01 20:39:15.635,354795861,483,{},,,,,false,offline ,,true,,0.0,false,,0,true,,
56140,SVV131,"494367334729163",2026-04-01 20:41:40.714,354920843,563,{},,,,,false,offline ,,true,,0.0,false,,0,true,,
115377,KQR330,"865413055618978",,,,{},,,,,false,,,false,,0.0,false,,0,false,,
42998,YZW899,"434996184294630",2026-04-01 21:35:08.557,355236110,432,{},,,,,false,offline ,,true,,0.0,false,,0,true,,
115379,JML328,"865413057105065",,,,{},,,,,false,,,false,,0.0,false,,0,false,,
42850,WVX349,"569646456916710",2026-04-01 21:35:30.310,355240721,430,{},,,,,false,offline ,,true,,0.0,false,,0,true,,
43032,CVP531,"896445192569170",2026-04-01 21:35:34.338,355241441,432,{},,,,,false,offline ,,true,,0.0,false,,0,true,,
115382,ENV534,"869671070431992",,,,{},,,,,false,,,false,,0.0,false,,0,false,,
115387,LQK801,"863238070963659",,,,{},,,,,false,,,false,,0.0,false,,0,false,,
115388,QIS642,"863238070801123",,,,{},,,,,false,,,false,,0.0,false,,0,false,,
43040,TSK043,"752842781727743",2026-04-01 21:35:21.982,355239175,432,{},,,,,false,offline ,,true,,0.0,false,,0,true,,
115390,LFM68F,"863238070955010",,,,{},,,,,false,,,false,,0.0,false,,0,false,,
115393,UBV154,"869671077463683",,,,{},,,,,false,,,false,,0.0,false,,0,false,,
115394,KVZ132,"865413056036519",,,,{},,,,,false,,,false,,0.0,false,,0,false,,
115395,LZQ088,"868307060147949",,,,{},,,,,false,,,false,,0.0,false,,0,false,,
41337,HDV990,"237075378108564",2026-04-01 21:35:20.314,355238817,415,{},,,,,false,offline ,,true,,0.0,false,,0,true,,
43050,YSG166,"621643700582238",2026-04-01 21:35:31.077,355240923,432,{},,,,,false,offline ,,true,,0.0,false,,0,true,,
115396,LDV69F,"869671074401785",,,,{},,,,,false,,,false,,0.0,false,,0,false,,
115397,GRT797,"868166050722214",,,,{},,,,,false,,,false,,0.0,false,,0,false,,
115398,NTQ425,"865413055563950",,,,{},,,,,false,,,false,,0.0,false,,0,false,,
115399,IWV734,"868166050723303",,,,{},,,,,false,,,false,,0.0,false,,0,false,,
56718,MVD450,"201106646805871",2026-04-01 20:40:18.176,354847588,569,{},,,,,false,offline ,,true,,0.0,false,,0,true,,
115401,GJT096,"865413055695349",,,,{},,,,,false,,,false,,0.0,false,,0,false,,
115402,IRR681,"868166051641736",,,,{},,,,,false,,,false,,0.0,false,,0,false,,
51550,GGF402,"836888455731479",2026-04-01 20:40:51.771,354891972,517,{},,,,,false,offline ,,true,,0.0,false,,0,true,,
41265,BPQ890,"352819430747904",2026-04-01 21:35:17.342,355238180,414,{},,,,,false,offline ,,true,,0.0,false,,0,true,,
48807,JCH144,"934348195846773",2026-04-01 20:39:44.148,354816222,490,{},,,,,false,offline ,,true,,0.0,false,,0,true,,
43070,HXN281,"856444161773689",2026-04-01 21:35:31.364,355241002,432,{},,,,,false,offline ,,true,,0.0,false,,0,true,,
115403,ETK523,"868166051947364",,,,{},,,,,false,,,false,,0.0,false,,0,false,,
43010,BWW922,"544517006942649",2026-04-01 21:35:31.357,355240997,432,{},,,,,false,offline ,,true,,0.0,false,,0,true,,
17739,XRV010,"949986858515491",2026-04-08 23:49:24.450,506197446,178,{},,,,,false,offline ,,true,,0.0,false,,0,true,,
42999,VGX852,"479118205364211",2026-04-01 21:35:32.861,355241211,432,{},,,,,false,offline ,,true,,0.0,false,,0,true,,
44509,HRJ508,"456179720524843",2026-04-01 21:35:41.192,355242359,447,{},,,,,false,offline ,,true,,0.0,false,,0,true,,
23681,LGV543,"192817419559427",2026-04-08 23:49:24.465,506197501,237,{},,,,,false,offline ,,true,,0.0,false,,0,true,,
115404,NQR252,"865413056638918",,,,{},,,,,false,,,false,,0.0,false,,0,false,,
57907,PDL718,"926299964535685",2026-04-01 20:41:57.980,354932260,581,{},,,,,false,offline ,,true,,0.0,false,,0,true,,
115405,NYS614,"869671074488527",,,,{},,,,,false,,,false,,0.0,false,,0,false,,
17750,GTC879,"759685482138253",2026-04-08 23:49:24.454,506197455,178,{},,,,,false,offline ,,true,,0.0,false,,0,true,,
53817,FJR492,"625352030696264",2026-04-01 20:41:09.548,354903974,540,{},,,,,false,offline ,,true,,0.0,false,,0,true,,
115406,LUW536,"868166051687580",,,,{},,,,,false,,,false,,0.0,false,,0,false,,
26125,TTD605,"816487416228255",2026-04-08 23:49:08.393,506173310,262,{},,,,,false,offline ,,true,,0.0,false,,0,true,,
50615,YJX244,"934562222337578",2026-04-01 20:40:46.222,354886436,508,{},,,,,false,offline ,,true,,0.0,false,,0,true,,
115409,IPQ482,"865413053317094",,,,{},,,,,false,,,false,,0.0,false,,0,false,,
45268,XCM378,"048482994985673",2026-04-01 21:35:35.276,355241568,454,{},,,,,false,offline ,,true,,0.0,false,,0,true,,
115410,JGV157,"865413055562655",,,,{},,,,,false,,,false,,0.0,false,,0,false,,
43974,MHW944,"673515875422266",2026-04-01 21:35:37.069,355241805,441,{},,,,,false,offline ,,true,,0.0,false,,0,true,,
54630,GFV271,"604479508064447",2026-04-01 20:41:17.651,354908538,548,{},,,,,false,offline ,,true,,0.0,false,,0,true,,
115411,LYT796,"865413054881759",,,,{},,,,,false,,,false,,0.0,false,,0,false,,
45284,XZF106,"071728565202744",2026-04-01 21:35:47.216,355243166,454,{},,,,,false,offline ,,true,,0.0,false,,0,true,,
42722,TPZ891,"914247111923712",2026-04-01 21:35:30.566,355240776,429,{},,,,,false,offline ,,true,,0.0,false,,0,true,,
45778,MZW915,"304226858571635",2026-04-01 21:35:50.148,355243557,459,{},,,,,false,offline ,,true,,0.0,false,,0,true,,
57630,CZC281,"874657292958667",2026-04-01 20:40:24.313,354855364,578,{},,,,,false,offline ,,true,,0.0,false,,0,true,,
20025,LPS076,"383395382067909",2026-04-08 23:49:08.380,506173256,201,{},,,,,false,offline ,,true,,0.0,false,,0,true,,
115412,EMT130,"865413054736714",,,,{},,,,,false,,,false,,0.0,false,,0,false,,
115414,NOW637,"865413054847776",,,,{},,,,,false,,,false,,0.0,false,,0,false,,
20031,WZQ733,"152519160265513",2026-04-08 23:49:08.382,506173266,201,{},,,,,false,offline ,,true,,0.0,false,,0,true,,
115415,MWR286,"868166050712611",,,,{},,,,,false,,,false,,0.0,false,,0,false,,
115416,UUL537,"864180039359406",,,,{},,,,,false,,,false,,0.0,false,,0,false,,
20089,JKM083,"871329279531395",2026-04-08 23:49:08.374,506173237,201,{},,,,,false,offline ,,true,,0.0,false,,0,true,,
115417,KWP683,"864180039298109",,,,{},,,,,false,,,false,,0.0,false,,0,false,,
115418,JQS951,"865413055492382",,,,{},,,,,false,,,false,,0.0,false,,0,false,,
43959,PXN583,"506567065659895",2026-04-01 21:35:22.748,355239337,441,{},,,,,false,offline ,,true,,0.0,false,,0,true,,
23634,BRK084,"578508200948036",2026-04-08 23:49:24.460,506197485,237,{},,,,,false,offline ,,true,,0.0,false,,0,true,,
20038,TPN902,"218283707010344",2026-04-08 23:49:08.377,506173246,201,{},,,,,false,offline ,,true,,0.0,false,,0,true,,
43951,QRG048,"792332992155266",2026-04-01 21:35:29.820,355240630,441,{},,,,,false,offline ,,true,,0.0,false,,0,true,,
115422,GRN362,"864180039299990",,,,{},,,,,false,,,false,,0.0,false,,0,false,,
41197,NXS059,"552217391952928",2026-04-01 21:35:01.215,355233049,414,{},,,,,false,offline ,,true,,0.0,false,,0,true,,
17787,GBV355,"897075396994814",2026-04-08 23:49:24.456,506197465,178,{},,,,,false,offline ,,true,,0.0,false,,0,true,,
115423,NYR720,"865413057185745",,,,{},,,,,false,,,false,,0.0,false,,0,false,,
17786,PXC846,"000945773200544",2026-04-08 23:49:24.458,506197475,178,{},,,,,false,offline ,,true,,0.0,false,,0,true,,
115424,LCO666,"868166051044949",,,,{},,,,,false,,,false,,0.0,false,,0,false,,
115425,EML741,"865413053511811",,,,{},,,,,false,,,false,,0.0,false,,0,false,,
115426,NUV609,"869671074359322",,,,{},,,,,false,,,false,,0.0,false,,0,false,,
115427,GCY653,"865413057070855",,,,{},,,,,false,,,false,,0.0,false,,0,false,,
115428,KRL978,"864180039359471",,,,{},,,,,false,,,false,,0.0,false,,0,false,,
115429,NQQ428,"865413056645848",,,,{},,,,,false,,,false,,0.0,false,,0,false,,
20165,WNW672,"638911776067124",2026-04-08 23:49:08.383,506173272,202,{},,,,,false,offline ,,true,,0.0,false,,0,true,,
57621,HDQ581,"414051175804668",2026-04-01 20:41:54.988,354931090,578,{},,,,,false,offline ,,true,,0.0,false,,0,true,,
115430,NQO199,"865413055990112",,,,{},,,,,false,,,false,,0.0,false,,0,false,,
20187,KVK211,"515215564601237",2026-04-08 23:49:08.391,506173301,202,{},,,,,false,offline ,,true,,0.0,false,,0,true,,
115431,NXR902,"865413057197013",,,,{},,,,,false,,,false,,0.0,false,,0,false,,
115433,NUU998,"869671072683996",,,,{},,,,,false,,,false,,0.0,false,,0,false,,
115436,NTZ189,"869671075600914",,,,{},,,,,false,,,false,,0.0,false,,0,false,,
115437,JLR921,"865413055624448",,,,{},,,,,false,,,false,,0.0,false,,0,false,,
115438,POU530,"863238070954450",,,,{},,,,,false,,,false,,0.0,false,,0,false,,
51255,LBS792,"947970903503886",2026-04-01 20:39:15.217,354795518,514,{},,,,,false,offline ,,true,,0.0,false,,0,true,,
49384,XSB393,"637109429449119",2026-04-01 20:39:46.685,354817913,495,{},,,,,false,offline ,,true,,0.0,false,,0,true,,
20188,VHM524,"859144583783137",2026-04-08 23:49:08.385,506173285,202,{},,,,,false,offline ,,true,,0.0,false,,0,true,,
115440,NYP370,"869671074628304",,,,{},,,,,false,,,false,,0.0,false,,0,false,,
115441,NOW608,"865413054769970",,,,{},,,,,false,,,false,,0.0,false,,0,false,,
115442,HFP808,"869671072753757",,,,{},,,,,false,,,false,,0.0,false,,0,false,,
115443,NZQ907,"869671070283799",,,,{},,,,,false,,,false,,0.0,false,,0,false,,
48682,YYJ058,"568893508435833",2026-04-01 20:39:40.904,354814000,488,{},,,,,false,offline ,,true,,0.0,false,,0,true,,
115444,HVL295,"865413056540692",,,,{},,,,,false,,,false,,0.0,false,,0,false,,
54262,PMZ796,"710773474964932",2026-04-01 20:41:24.693,354912399,544,{},,,,,false,offline ,,true,,0.0,false,,0,true,,
115445,ETL078,"864035050863563",,,,{},,,,,false,,,false,,0.0,false,,0,false,,
115446,HZR378,"868166050722735",,,,{},,,,,false,,,false,,0.0,false,,0,false,,
115447,FIX763,"868166050723626",,,,{},,,,,false,,,false,,0.0,false,,0,false,,
115448,LYY195,"865413054756795",,,,{},,,,,false,,,false,,0.0,false,,0,false,,
115449,EZK077,"868166051329274",,,,{},,,,,false,,,false,,0.0,false,,0,false,,
115450,KSO698,"868166050477892",,,,{},,,,,false,,,false,,0.0,false,,0,false,,
115452,KOZ585,"864035050770727",,,,{},,,,,false,,,false,,0.0,false,,0,false,,
115453,TAP151,"865413056612574",,,,{},,,,,false,,,false,,0.0,false,,0,false,,
115454,LUK832,"868166051647204",,,,{},,,,,false,,,false,,0.0,false,,0,false,,
20151,LMQ736,"514010387893199",2026-04-08 23:49:08.390,506173297,202,{},,,,,false,offline ,,true,,0.0,false,,0,true,,
115455,IMN680,"869671075533024",,,,{},,,,,false,,,false,,0.0,false,,0,false,,
20190,SLH830,"631393345537019",2026-04-08 23:49:08.395,506173323,202,{},,,,,false,offline ,,true,,0.0,false,,0,true,,
115456,KNL222,"868166051082485",,,,{},,,,,false,,,false,,0.0,false,,0,false,,
23784,YLV043,"919719298280335",2026-04-08 23:49:24.475,506197550,238,{},,,,,false,offline ,,true,,0.0,false,,0,true,,
115457,LJM726,"868166051656833",,,,{},,,,,false,,,false,,0.0,false,,0,false,,
41173,RYK154,"918548823042576",2026-04-01 21:35:00.764,355232882,413,{},,,,,false,offline ,,true,,0.0,false,,0,true,,
60594,DJT820,"973921314845231",2026-04-01 20:42:27.498,354943634,608,{},,,,,false,offline ,,true,,0.0,false,,0,true,,
23775,PLN977,"725373780148172",2026-04-08 23:49:24.501,506197668,238,{},,,,,false,offline ,,true,,0.0,false,,0,true,,
115458,KJC681,"864035050762534",,,,{},,,,,false,,,false,,0.0,false,,0,false,,
53713,LFP308,"286352529572356",2026-04-01 20:41:15.420,354907287,539,{},,,,,false,offline ,,true,,0.0,false,,0,true,,
26117,MLM629,"937985718017288",2026-04-08 23:49:08.398,506173339,262,{},,,,,false,offline ,,true,,0.0,false,,0,true,,
26111,CRW479,"136672999214987",2026-04-08 23:49:08.400,506173350,262,{},,,,,false,offline ,,true,,0.0,false,,0,true,,
115459,LUK631,"864035050868679",,,,{},,,,,false,,,false,,0.0,false,,0,false,,
115460,PDU290,"869671074454149",,,,{},,,,,false,,,false,,0.0,false,,0,false,,
115461,LLR079,"865413056104515",,,,{},,,,,false,,,false,,0.0,false,,0,false,,
115462,LUW703,"864035051770643",,,,{},,,,,false,,,false,,0.0,false,,0,false,,
41565,BQL480,"659691985493303",2026-04-01 21:35:20.859,355238933,417,{},,,,,false,offline ,,true,,0.0,false,,0,true,,
115463,PUP188,"869671075605566",,,,{},,,,,false,,,false,,0.0,false,,0,false,,
115464,JNO139,"864035051834100",,,,{},,,,,false,,,false,,0.0,false,,0,false,,
26095,NWS869,"575499656508404",2026-04-08 23:49:08.403,506173361,261,{},,,,,false,offline ,,true,,0.0,false,,0,true,,
115465,DXK600,"868166051463297",,,,{},,,,,false,,,false,,0.0,false,,0,false,,
115466,EXZ044,"869671074553205",,,,{},,,,,false,,,false,,0.0,false,,0,false,,
26075,HFB040,"042019062760301",2026-04-08 23:49:08.406,506173371,261,{},,,,,false,offline ,,true,,0.0,false,,0,true,,
115468,HDK287,"868166051464923",,,,{},,,,,false,,,false,,0.0,false,,0,false,,
115469,LZN655,"864035051767458",,,,{},,,,,false,,,false,,0.0,false,,0,false,,
115470,JSS799,"865413055765662",,,,{},,,,,false,,,false,,0.0,false,,0,false,,
17721,PQL723,"085090954766258",2026-04-08 23:49:24.448,506197435,178,{},,,,,false,offline ,,true,,0.0,false,,0,true,,
115471,LTU305,"868166051646586",,,,{},,,,,false,,,false,,0.0,false,,0,false,,
115472,KFY904,"868166051644482",,,,{},,,,,false,,,false,,0.0,false,,0,false,,
17711,FBG645,"210291801573628",2026-04-08 23:49:24.447,506197420,178,{},,,,,false,offline ,,true,,0.0,false,,0,true,,
17678,YZX151,"921581263915816",2026-04-08 23:49:24.452,506197449,177,{},,,,,false,offline ,,true,,0.0,false,,0,true,,
115473,LUN106,"864035050825430",,,,{},,,,,false,,,false,,0.0,false,,0,false,,
115475,LUR506,"864035050763565",,,,{},,,,,false,,,false,,0.0,false,,0,false,,
17677,JZS486,"057195771784485",2026-04-08 23:49:24.454,506197460,177,{},,,,,false,offline ,,true,,0.0,false,,0,true,,
23746,KDB084,"310115682803649",2026-04-08 23:49:24.496,506197642,238,{},,,,,false,offline ,,true,,0.0,false,,0,true,,
115476,KSZ665,"864035050865576",,,,{},,,,,false,,,false,,0.0,false,,0,false,,
115477,LWQ092,"864035050862631",,,,{},,,,,false,,,false,,0.0,false,,0,false,,
115478,LIK584,"864035050863464",,,,{},,,,,false,,,false,,0.0,false,,0,false,,
115479,NHQ505,"868307060182698",,,,{},,,,,false,,,false,,0.0,false,,0,false,,
20164,YCP759,"834521404381839",2026-04-08 23:49:08.392,506173309,202,{},,,,,false,offline ,,true,,0.0,false,,0,true,,
115480,NSY537,"865413055753882",,,,{},,,,,false,,,false,,0.0,false,,0,false,,
115481,LSV714,"868166051651578",,,,{},,,,,false,,,false,,0.0,false,,0,false,,
57615,NQW405,"825512314447571",2026-04-01 20:41:56.550,354931708,578,{},,,,,false,offline ,,true,,0.0,false,,0,true,,
115482,NFY233,"864035050763136",,,,{},,,,,false,,,false,,0.0,false,,0,false,,
115483,NOL080,"869671074397793",,,,{},,,,,false,,,false,,0.0,false,,0,false,,
115484,EFU775,"864035050862474",,,,{},,,,,false,,,false,,0.0,false,,0,false,,
115485,GBW368,"868166051684546",,,,{},,,,,false,,,false,,0.0,false,,0,false,,
54218,BPJ468,"532464102811119",2026-04-01 20:40:58.366,354897361,544,{},,,,,false,offline ,,true,,0.0,false,,0,true,,
115486,LZN950,"868307060150174",,,,{},,,,,false,,,false,,0.0,false,,0,false,,
42000,YXD247,"489394009016855",2026-04-01 21:35:11.226,355236784,422,{},,,,,false,offline ,,true,,0.0,false,,0,true,,
115488,GSO288,"864035050870139",,,,{},,,,,false,,,false,,0.0,false,,0,false,,
115489,NHT002,"864035050768341",,,,{},,,,,false,,,false,,0.0,false,,0,false,,
115490,LIS057,"865413055596695",,,,{},,,,,false,,,false,,0.0,false,,0,false,,
115491,EOL332,"865413056561169",,,,{},,,,,false,,,false,,0.0,false,,0,false,,
115492,TST236,"864035050871301",,,,{},,,,,false,,,false,,0.0,false,,0,false,,
115493,LXS807,"865413054857320",,,,{},,,,,false,,,false,,0.0,false,,0,false,,
52750,DNM800,"465311741611262",2026-04-01 20:39:29.296,354805766,529,{},,,,,false,offline ,,true,,0.0,false,,0,true,,
42146,YSM701,"221614224770199",2026-04-01 21:35:09.510,355236382,423,{},,,,,false,offline ,,true,,0.0,false,,0,true,,
115494,KNZ547,"865413053529136",,,,{},,,,,false,,,false,,0.0,false,,0,false,,
115495,LIS320,"865413056129843",,,,{},,,,,false,,,false,,0.0,false,,0,false,,
115496,NUV282,"865413057102104",,,,{},,,,,false,,,false,,0.0,false,,0,false,,
115497,NUY201,"865413057030081",,,,{},,,,,false,,,false,,0.0,false,,0,false,,
115498,RTO31H,"869671075597060",,,,{},,,,,false,,,false,,0.0,false,,0,false,,
115499,GPY823,"865413056141426",,,,{},,,,,false,,,false,,0.0,false,,0,false,,
115500,NMR322,"865413053515374",,,,{},,,,,false,,,false,,0.0,false,,0,false,,
42059,PMS175,"317260037909221",2026-04-01 21:35:24.376,355239684,422,{},,,,,false,offline ,,true,,0.0,false,,0,true,,
115501,UVL997,"864035050762567",,,,{},,,,,false,,,false,,0.0,false,,0,false,,
47740,ZBQ500,"099827835886696",2026-04-01 21:35:39.652,355242149,479,{},,,,,false,offline ,,true,,0.0,false,,0,true,,
115502,LIR260,"865413052037230",,,,{},,,,,false,,,false,,0.0,false,,0,false,,
54615,KWK757,"560629656876966",2026-04-01 20:39:48.118,354818884,548,{},,,,,false,offline ,,true,,0.0,false,,0,true,,
115503,NUS586,"865413056547887",,,,{},,,,,false,,,false,,0.0,false,,0,false,,
52777,NRQ767,"790586530100322",2026-04-01 20:39:32.282,354807901,529,{},,,,,false,offline ,,true,,0.0,false,,0,true,,
115504,JST837,"865413054881619",,,,{},,,,,false,,,false,,0.0,false,,0,false,,
115505,PTQ361,"869671075529600",,,,{},,,,,false,,,false,,0.0,false,,0,false,,
115506,NUY760,"869671072740192",,,,{},,,,,false,,,false,,0.0,false,,0,false,,
115507,FPU696,"869671070423908",,,,{},,,,,false,,,false,,0.0,false,,0,false,,
115510,JOK792,"865413055607476",,,,{},,,,,false,,,false,,0.0,false,,0,false,,
26024,FGV404,"239068267506921",2026-04-08 23:49:08.420,506173418,261,{},,,,,false,offline ,,true,,0.0,false,,0,true,,
115511,NJO477,"865413054896914",,,,{},,,,,false,,,false,,0.0,false,,0,false,,
115512,LKN210,"865413055514193",,,,{},,,,,false,,,false,,0.0,false,,0,false,,
26046,JFY592,"687864609482111",2026-04-08 23:49:08.412,506173394,261,{},,,,,false,offline ,,true,,0.0,false,,0,true,,
26065,PMH090,"802209880289571",2026-04-08 23:49:08.422,506173424,261,{},,,,,false,offline ,,true,,0.0,false,,0,true,,
115513,LTU702,"865413052784971",,,,{},,,,,false,,,false,,0.0,false,,0,false,,
115514,JSO844,"865413055277494",,,,{},,,,,false,,,false,,0.0,false,,0,false,,
26121,GRB372,"515868249992080",2026-04-08 23:49:08.407,506173376,262,{},,,,,false,offline ,,true,,0.0,false,,0,true,,
54042,MTP332,"704235059276098",2026-04-01 20:39:45.229,354816944,542,{},,,,,false,offline ,,true,,0.0,false,,0,true,,
26114,PPM343,"210713670957780",2026-04-08 23:49:08.399,506173345,262,{},,,,,false,offline ,,true,,0.0,false,,0,true,,
115515,EIQ202,"869671072802968",,,,{},,,,,false,,,false,,0.0,false,,0,false,,
115516,LZU451,"869671072744558",,,,{},,,,,false,,,false,,0.0,false,,0,false,,
115517,KSZ924,"864035050825299",,,,{},,,,,false,,,false,,0.0,false,,0,false,,
54152,YDZ725,"295334850345635",2026-04-01 20:40:57.854,354897028,543,{},,,,,false,offline ,,true,,0.0,false,,0,true,,
115519,IYZ719,"869671074478577",,,,{},,,,,false,,,false,,0.0,false,,0,false,,
115520,PMS540,"869671074368018",,,,{},,,,,false,,,false,,0.0,false,,0,false,,
54119,WZV532,"419680091057103",2026-04-01 20:41:17.541,354908478,543,{},,,,,false,offline ,,true,,0.0,false,,0,true,,
26113,HQR823,"927835029564522",2026-04-08 23:49:08.405,506173370,262,{},,,,,false,offline ,,true,,0.0,false,,0,true,,
47981,DVJ445,"476305372109338",2026-04-01 21:36:05.007,355245061,481,{},,,,,false,offline ,,true,,0.0,false,,0,true,,
115521,TLW214,"865413056161812",,,,{},,,,,false,,,false,,0.0,false,,0,false,,
49363,GZZ422,"637613598577162",2026-04-01 20:39:03.920,354787046,495,{},,,,,false,offline ,,true,,0.0,false,,0,true,,
26080,XTG995,"232853319690840",2026-04-08 23:49:08.409,506173384,261,{},,,,,false,offline ,,true,,0.0,false,,0,true,,
115522,KQY147,"865413055788474",,,,{},,,,,false,,,false,,0.0,false,,0,false,,
115523,JEK561,"868166051088078",,,,{},,,,,false,,,false,,0.0,false,,0,false,,
41562,NZD925,"056451964966814",2026-04-01 21:35:12.057,355236971,417,{},,,,,false,offline ,,true,,0.0,false,,0,true,,
115524,UBO230,"864035051767003",,,,{},,,,,false,,,false,,0.0,false,,0,false,,
60681,SXB714,"012203271976041",2026-04-01 20:42:06.756,354935549,608,{},,,,,false,offline ,,true,,0.0,false,,0,true,,
115525,LXS996,"865413055497100",,,,{},,,,,false,,,false,,0.0,false,,0,false,,
115526,DTW471,"865413056517625",,,,{},,,,,false,,,false,,0.0,false,,0,false,,
115528,LZR742,"868307060178282",,,,{},,,,,false,,,false,,0.0,false,,0,false,,
115529,DGS719,"868166051043115",,,,{},,,,,false,,,false,,0.0,false,,0,false,,
26068,PQX075,"253701926529881",2026-04-08 23:49:08.414,506173401,261,{},,,,,false,offline ,,true,,0.0,false,,0,true,,
26039,STQ184,"166933275155564",2026-04-08 23:49:08.417,506173411,261,{},,,,,false,offline ,,true,,0.0,false,,0,true,,
115530,GKV950,"865413052794269",,,,{},,,,,false,,,false,,0.0,false,,0,false,,
62672,FYL393,"886851523963069",2026-04-01 20:42:31.304,354945140,628,{},,,,,false,offline ,,true,,0.0,false,,0,true,,
11722,HRG187,"689287716289930",2026-04-08 23:49:24.454,506197466,118,{},,,,,false,offline ,,true,,0.0,false,,0,true,,
115531,LMS981,"865413055983802",,,,{},,,,,false,,,false,,0.0,false,,0,false,,
115532,FZT160,"865413055736440",,,,{},,,,,false,,,false,,0.0,false,,0,false,,
115533,DOX360,"864035050759852",,,,{},,,,,false,,,false,,0.0,false,,0,false,,
11712,RHY728,"590409378799554",2026-04-08 23:49:24.450,506197445,118,{},,,,,false,offline ,,true,,0.0,false,,0,true,,
11673,LQN450,"563056788415249",2026-04-08 23:49:24.445,506197417,117,{},,,,,false,offline ,,true,,0.0,false,,0,true,,
57633,LMK808,"044151936018752",2026-04-01 20:41:32.198,354916378,578,{},,,,,false,offline ,,true,,0.0,false,,0,true,,
115534,LRN778,"865413054788954",,,,{},,,,,false,,,false,,0.0,false,,0,false,,
115535,KML647,"865413055548340",,,,{},,,,,false,,,false,,0.0,false,,0,false,,
11775,WRQ885,"057408718225169",2026-04-08 23:49:24.465,506197509,118,{},,,,,false,offline ,,true,,0.0,false,,0,true,,
11735,NYC209,"790948507226375",2026-04-08 23:49:24.460,506197490,118,{},,,,,false,offline ,,true,,0.0,false,,0,true,,
115536,JFO026,"865413055599798",,,,{},,,,,false,,,false,,0.0,false,,0,false,,
115537,LPX839,"869671073373977",,,,{},,,,,false,,,false,,0.0,false,,0,false,,
115538,NPT645,"865413053339213",,,,{},,,,,false,,,false,,0.0,false,,0,false,,
115539,UDV251,"865413055642085",,,,{},,,,,false,,,false,,0.0,false,,0,false,,
115541,DBE93H,"865413056148660",,,,{},,,,,false,,,false,,0.0,false,,0,false,,
115542,GSM264,"865413056065963",,,,{},,,,,false,,,false,,0.0,false,,0,false,,
115543,LGQ724,"865413055481104",,,,{},,,,,false,,,false,,0.0,false,,0,false,,
55533,XBM554,"097672762889814",2026-04-01 20:41:35.014,354917844,557,{},,,,,false,offline ,,true,,0.0,false,,0,true,,
115544,NUY259,"865413055572720",,,,{},,,,,false,,,false,,0.0,false,,0,false,,
62653,QRJ763,"877379277935480",2026-04-01 20:41:38.284,354919532,628,{},,,,,false,offline ,,true,,0.0,false,,0,true,,
62661,KWP006,"840996529974613",2026-04-01 20:41:44.181,354922845,628,{},,,,,false,offline ,,true,,0.0,false,,0,true,,
115545,DOQ662,"865413054755920",,,,{},,,,,false,,,false,,0.0,false,,0,false,,
115546,JSO974,"868307060181146",,,,{},,,,,false,,,false,,0.0,false,,0,false,,
115547,LJU910,"868166051630465",,,,{},,,,,false,,,false,,0.0,false,,0,false,,
115548,LIU899,"868166051656809",,,,{},,,,,false,,,false,,0.0,false,,0,false,,
115549,LPK619,"868166050477876",,,,{},,,,,false,,,false,,0.0,false,,0,false,,
43829,GDR830,"175415453198383",2026-04-01 21:35:24.207,355239653,440,{},,,,,false,offline ,,true,,0.0,false,,0,true,,
115550,ZZK156,"869671074585660",,,,{},,,,,false,,,false,,0.0,false,,0,false,,
115551,LNU986,"864035050826719",,,,{},,,,,false,,,false,,0.0,false,,0,false,,
115552,PHU140,"865413056088841",,,,{},,,,,false,,,false,,0.0,false,,0,false,,
115553,EMU301,"865413056555641",,,,{},,,,,false,,,false,,0.0,false,,0,false,,
115554,KSN179,"868166050491885",,,,{},,,,,false,,,false,,0.0,false,,0,false,,
115555,GES422,"868307060178902",,,,{},,,,,false,,,false,,0.0,false,,0,false,,
115556,NUY786,"869671072742396",,,,{},,,,,false,,,false,,0.0,false,,0,false,,
115557,LZN276,"864035051764703",,,,{},,,,,false,,,false,,0.0,false,,0,false,,
115558,NGK882,"865413053512926",,,,{},,,,,false,,,false,,0.0,false,,0,false,,
115559,KYU834,"864035050868596",,,,{},,,,,false,,,false,,0.0,false,,0,false,,
115560,FNM606,"863238070900438",,,,{},,,,,false,,,false,,0.0,false,,0,false,,
115561,DVV626,"865413057184268",,,,{},,,,,false,,,false,,0.0,false,,0,false,,
115562,IIX700,"864035051835057",,,,{},,,,,false,,,false,,0.0,false,,0,false,,
115564,LUW242,"864035050826941",,,,{},,,,,false,,,false,,0.0,false,,0,false,,
115565,LON316,"869671074530658",,,,{},,,,,false,,,false,,0.0,false,,0,false,,
26140,RFZ466,"780606351509849",2026-04-08 23:49:08.401,506173353,262,{},,,,,false,offline ,,true,,0.0,false,,0,true,,
15762,HPM400,"015480902753950",2026-04-08 23:49:14.462,506184995,158,{},,,,,false,offline ,,true,,0.0,false,,0,true,,
40175,BWZ108,"872477439052635",2026-04-01 21:34:58.583,355232174,403,{},,,,,false,offline ,,true,,0.0,false,,0,true,,
115566,KJW009,"868166050723006",,,,{},,,,,false,,,false,,0.0,false,,0,false,,
11782,CZZ366,"649647922816306",2026-04-08 23:49:24.469,506197532,118,{},,,,,false,offline ,,true,,0.0,false,,0,true,,
3798,QRF528,"036475345408084",2026-05-09 02:09:30.676,510753857,38,{},,,,,false,offline ,,true,2026-05-09 02:08:07.000,211084872.0382331,false,,0,false,,510753857
115567,NSK447,"865413055135650",,,,{},,,,,false,,,false,,0.0,false,,0,false,,
115568,LPL470,"865413055743446",,,,{},,,,,false,,,false,,0.0,false,,0,false,,
41159,TWK987,"789875206097398",2026-04-01 21:35:17.564,355238228,413,{},,,,,false,offline ,,true,,0.0,false,,0,true,,
9616,KSJ254,"966343273363438",2026-04-08 23:49:14.409,506184754,97,{},,,,,false,offline ,,true,,0.0,false,,0,true,,
9641,WQN286,"473971414087213",2026-04-08 23:49:14.418,506184790,97,{},,,,,false,offline ,,true,,0.0,false,,0,true,,
115569,WNO658,"865413057243759",,,,{},,,,,false,,,false,,0.0,false,,0,false,,
115570,GQU936,"869671074367671",,,,{},,,,,false,,,false,,0.0,false,,0,false,,
115571,NLU073,"865413055991771",,,,{},,,,,false,,,false,,0.0,false,,0,false,,
9659,DHQ431,"977430762364089",2026-04-08 23:49:14.412,506184766,97,{},,,,,false,offline ,,true,,0.0,false,,0,true,,
26104,QQX651,"394889326421757",2026-04-08 23:49:08.404,506173368,262,{},,,,,false,offline ,,true,,0.0,false,,0,true,,
115572,RKW498,"868166050724525",,,,{},,,,,false,,,false,,0.0,false,,0,false,,
115573,ETL313,"868307060185550",,,,{},,,,,false,,,false,,0.0,false,,0,false,,
115574,ETM253,"865413056561540",,,,{},,,,,false,,,false,,0.0,false,,0,false,,
23656,NXY479,"465637299961034",2026-04-08 23:49:24.468,506197518,237,{},,,,,false,offline ,,true,,0.0,false,,0,true,,
115575,NUO707,"869671074628338",,,,{},,,,,false,,,false,,0.0,false,,0,false,,
9602,XTB895,"745974804220404",2026-04-08 23:49:14.406,506184741,97,{},,,,,false,offline ,,true,,0.0,false,,0,true,,
115576,NQM791,"865413055545965",,,,{},,,,,false,,,false,,0.0,false,,0,false,,
115577,LZM510,"868166051687705",,,,{},,,,,false,,,false,,0.0,false,,0,false,,
115578,KQR540,"868166050709369",,,,{},,,,,false,,,false,,0.0,false,,0,false,,
26149,QTT386,"950306098788368",2026-04-08 23:49:08.398,506173340,262,{},,,,,false,offline ,,true,,0.0,false,,0,true,,
53703,DRK658,"197515069572923",2026-04-01 20:41:15.079,354907097,539,{},,,,,false,offline ,,true,,0.0,false,,0,true,,
17645,VRD174,"983198009403661",2026-04-08 23:49:24.488,506197607,177,{},,,,,false,offline ,,true,,0.0,false,,0,true,,
115579,LZN756,"864035051768290",,,,{},,,,,false,,,false,,0.0,false,,0,false,,
115581,LGW153,"865413055222706",,,,{},,,,,false,,,false,,0.0,false,,0,false,,
11721,QJX220,"265876699993070",2026-04-08 23:49:24.463,506197500,118,{},,,,,false,offline ,,true,,0.0,false,,0,true,,
115582,GSP350,"865413053841101",,,,{},,,,,false,,,false,,0.0,false,,0,false,,
47274,LNB348,"911145139253968",2026-04-01 21:36:06.015,355245128,474,{},,,,,false,offline ,,true,,0.0,false,,0,true,,
56539,GTS347,"967329691313484",2026-04-01 20:41:42.928,354922127,567,{},,,,,false,offline ,,true,,0.0,false,,0,true,,
53733,QPX424,"937282979836923",2026-04-01 20:41:17.760,354908600,539,{},,,,,false,offline ,,true,,0.0,false,,0,true,,
54339,WVJ123,"072607350270240",2026-04-01 20:39:47.920,354818756,545,{},,,,,false,offline ,,true,,0.0,false,,0,true,,
48659,FZD504,"789278011777892",2026-04-01 20:39:41.596,354814481,488,{},,,,,false,offline ,,true,,0.0,false,,0,true,,
115583,DOS837,"864180039299727",,,,{},,,,,false,,,false,,0.0,false,,0,false,,
115584,DVZ052,"868307060184504",,,,{},,,,,false,,,false,,0.0,false,,0,false,,
43520,WNW328,"606023565519196",2026-04-01 21:35:35.939,355241664,437,{},,,,,false,offline ,,true,,0.0,false,,0,true,,
43336,HHB462,"767685476958286",2026-04-01 21:35:24.380,355239689,435,{},,,,,false,offline ,,true,,0.0,false,,0,true,,
11704,RCQ755,"921359859002624",2026-04-08 23:49:24.457,506197482,118,{},,,,,false,offline ,,true,,0.0,false,,0,true,,
11679,DGK455,"789887408840285",2026-04-08 23:49:24.447,506197433,117,{},,,,,false,offline ,,true,,0.0,false,,0,true,,
115585,LNS457,"864035050874974",,,,{},,,,,false,,,false,,0.0,false,,0,false,,
11758,GTT350,"252831167821910",2026-04-08 23:49:24.477,506197559,118,{},,,,,false,offline ,,true,,0.0,false,,0,true,,
11749,BVL849,"007411286124641",2026-04-08 23:49:24.452,506197454,118,{},,,,,false,offline ,,true,,0.0,false,,0,true,,
53990,MCV010,"809289858224043",2026-04-01 20:41:20.525,354910115,541,{},,,,,false,offline ,,true,,0.0,false,,0,true,,
115586,LLO804,"868166051638203",,,,{},,,,,false,,,false,,0.0,false,,0,false,,
56632,SKN872,"248155523216616",2026-04-01 20:41:23.116,354911536,568,{},,,,,false,offline ,,true,,0.0,false,,0,true,,
115587,JPS257,"864035051765841",,,,{},,,,,false,,,false,,0.0,false,,0,false,,
49561,CHF854,"336403442949286",2026-04-01 20:39:46.598,354817867,497,{},,,,,false,offline ,,true,,0.0,false,,0,true,,
115588,LZL983,"868166053501409",,,,{},,,,,false,,,false,,0.0,false,,0,false,,
115589,JEX075,"864035051957281",,,,{},,,,,false,,,false,,0.0,false,,0,false,,
43258,BTF341,"380436597534623",2026-04-01 21:35:32.469,355241159,434,{},,,,,false,offline ,,true,,0.0,false,,0,true,,
115590,JXW579,"865413055975402",,,,{},,,,,false,,,false,,0.0,false,,0,false,,
115591,FVS461,"864035051828888",,,,{},,,,,false,,,false,,0.0,false,,0,false,,
115592,LUX166,"868307060185956",,,,{},,,,,false,,,false,,0.0,false,,0,false,,
115593,NHP407,"864035050764944",,,,{},,,,,false,,,false,,0.0,false,,0,false,,
115594,NPL413,"865413054748990",,,,{},,,,,false,,,false,,0.0,false,,0,false,,
43755,FTN166,"740633971232064",2026-04-01 21:35:35.544,355241603,439,{},,,,,false,offline ,,true,,0.0,false,,0,true,,
43769,YNJ011,"836214762065453",2026-04-01 21:35:38.062,355241945,439,{},,,,,false,offline ,,true,,0.0,false,,0,true,,
56597,NTN964,"917661574605425",2026-04-01 20:41:46.118,354924246,568,{},,,,,false,offline ,,true,,0.0,false,,0,true,,
115595,LGX558,"868166051471415",,,,{},,,,,false,,,false,,0.0,false,,0,false,,
115596,NOL006,"869671074558642",,,,{},,,,,false,,,false,,0.0,false,,0,false,,
115598,LKM496,"865413054858500",,,,{},,,,,false,,,false,,0.0,false,,0,false,,
115599,NXV685,"865413056645178",,,,{},,,,,false,,,false,,0.0,false,,0,false,,
115600,LOO712,"864180039301382",,,,{},,,,,false,,,false,,0.0,false,,0,false,,
115601,NOK796,"869671073672360",,,,{},,,,,false,,,false,,0.0,false,,0,false,,
115603,JPP249,"869671074445410",,,,{},,,,,false,,,false,,0.0,false,,0,false,,
115604,FZK498,"869671074387257",,,,{},,,,,false,,,false,,0.0,false,,0,false,,
115605,MYR726,"865413055726862",,,,{},,,,,false,,,false,,0.0,false,,0,false,,
115606,ZZM586,"864035050767954",,,,{},,,,,false,,,false,,0.0,false,,0,false,,
115607,GMV527,"865413056161473",,,,{},,,,,false,,,false,,0.0,false,,0,false,,
115609,GQU779,"865413055522527",,,,{},,,,,false,,,false,,0.0,false,,0,false,,
115610,LPY871,"864180039359398",,,,{},,,,,false,,,false,,0.0,false,,0,false,,
33865,XGG511,"650122069215767",2026-04-08 23:49:14.894,506185909,340,{},,,,,false,offline ,,true,,0.0,false,,0,true,,
11778,NSY260,"291717308907283",2026-04-08 23:49:24.480,506197577,118,{},,,,,false,offline ,,true,,0.0,false,,0,true,,
115611,DOY912,"864035050861302",,,,{},,,,,false,,,false,,0.0,false,,0,false,,
115612,HJK100,"868166050721034",,,,{},,,,,false,,,false,,0.0,false,,0,false,,
115613,DNL471,"865413057110008",,,,{},,,,,false,,,false,,0.0,false,,0,false,,
25944,KJS911,"379928179888941",2026-04-08 23:49:08.502,506173781,260,{},,,,,false,offline ,,true,,0.0,false,,0,true,,
115614,PIO549,"869671074384775",,,,{},,,,,false,,,false,,0.0,false,,0,false,,
11759,XXV137,"021429604553038",2026-04-08 23:49:24.470,506197534,118,{},,,,,false,offline ,,true,,0.0,false,,0,true,,
115615,LNK222,"865413057167164",,,,{},,,,,false,,,false,,0.0,false,,0,false,,
115616,NSS154,"869671072739699",,,,{},,,,,false,,,false,,0.0,false,,0,false,,
115617,PTQ813,"869671073378380",,,,{},,,,,false,,,false,,0.0,false,,0,false,,
115618,UDQ614,"868166051658243",,,,{},,,,,false,,,false,,0.0,false,,0,false,,
115619,LYT260,"868307060176005",,,,{},,,,,false,,,false,,0.0,false,,0,false,,
115620,WOT618,"868166051159135",,,,{},,,,,false,,,false,,0.0,false,,0,false,,
19968,GGV615,"032468696097048",2026-04-08 23:49:08.492,506173735,200,{},,,,,false,offline ,,true,,0.0,false,,0,true,,
56669,LVD281,"049799788711125",2026-04-01 20:40:18.356,354847811,568,{},,,,,false,offline ,,true,,0.0,false,,0,true,,
56710,FXB888,"745093787454276",2026-04-01 20:40:11.945,354840023,569,{},,,,,false,offline ,,true,,0.0,false,,0,true,,
115621,LCO026,"868166051041994",,,,{},,,,,false,,,false,,0.0,false,,0,false,,
115622,LYM310,"865413055602022",,,,{},,,,,false,,,false,,0.0,false,,0,false,,
115623,KPK885,"864035050770412",,,,{},,,,,false,,,false,,0.0,false,,0,false,,
19972,HQS711,"044998579106587",2026-04-08 23:49:08.480,506173693,200,{},,,,,false,offline ,,true,,0.0,false,,0,true,,
52689,BKB001,"782991648859050",2026-04-01 20:39:36.813,354811152,528,{},,,,,false,offline ,,true,,0.0,false,,0,true,,
19998,FSX588,"781626337087891",2026-04-08 23:49:08.497,506173752,200,{},,,,,false,offline ,,true,,0.0,false,,0,true,,
11645,KCT785,"286113329139527",2026-04-08 23:49:24.447,506197429,117,{},,,,,false,offline ,,true,,0.0,false,,0,true,,
115624,LKO225,"868166053499208",,,,{},,,,,false,,,false,,0.0,false,,0,false,,
115625,FPN218,"865413056111379",,,,{},,,,,false,,,false,,0.0,false,,0,false,,
115626,NOW115,"865413052792784",,,,{},,,,,false,,,false,,0.0,false,,0,false,,
11655,NWP543,"722649459890761",2026-04-08 23:49:24.451,506197450,117,{},,,,,false,offline ,,true,,0.0,false,,0,true,,
55799,XBF115,"649467616450456",2026-04-01 20:40:09.333,354836918,560,{},,,,,false,offline ,,true,,0.0,false,,0,true,,
19805,LRH493,"430443209120478",2026-04-08 23:49:08.474,506173669,199,{},,,,,false,offline ,,true,,0.0,false,,0,true,,
19821,CTQ800,"976313322541621",2026-04-08 23:49:08.467,506173646,199,{},,,,,false,offline ,,true,,0.0,false,,0,true,,
115629,WDU132,"865413053515440",,,,{},,,,,false,,,false,,0.0,false,,0,false,,
41106,VJJ667,"705654982063952",2026-04-01 21:35:00.117,355232660,413,{},,,,,false,offline ,,true,,0.0,false,,0,true,,
115630,LLM947,"865413055609886",,,,{},,,,,false,,,false,,0.0,false,,0,false,,
55689,TPM614,"731141792659094",2026-04-01 20:40:02.116,354829371,558,{},,,,,false,offline ,,true,,0.0,false,,0,true,,
115631,POY763,"869671074426618",,,,{},,,,,false,,,false,,0.0,false,,0,false,,
27710,SJC400,"239135667215468",2026-04-08 23:49:14.698,506185629,278,{},,,,,false,offline ,,true,,0.0,false,,0,true,,
11724,LQY858,"739134279466689",2026-04-08 23:49:24.467,506197521,118,{},,,,,false,offline ,,true,,0.0,false,,0,true,,
115632,NSL868,"865413055788037",,,,{},,,,,false,,,false,,0.0,false,,0,false,,
62066,TFB487,"337623019822991",2026-04-01 20:42:42.430,354949714,622,{},,,,,false,offline ,,true,,0.0,false,,0,true,,
115633,NHT596,"868166051474468",,,,{},,,,,false,,,false,,0.0,false,,0,false,,
115634,NYL963,"869671072802430",,,,{},,,,,false,,,false,,0.0,false,,0,false,,
44417,QCG734,"918235874135547",2026-04-01 21:35:44.613,355242819,446,{},,,,,false,offline ,,true,,0.0,false,,0,true,,
115635,WGW887,"868166051082238",,,,{},,,,,false,,,false,,0.0,false,,0,false,,
115636,WON647,"864180039301895",,,,{},,,,,false,,,false,,0.0,false,,0,false,,
11703,SKP398,"081407559251029",2026-04-08 23:49:24.461,506197493,118,{},,,,,false,offline ,,true,,0.0,false,,0,true,,
55790,PPQ447,"744894789598866",2026-04-01 20:40:02.903,354830126,559,{},,,,,false,offline ,,true,,0.0,false,,0,true,,
11696,MBY558,"822904793883967",2026-04-08 23:49:24.457,506197474,117,{},,,,,false,offline ,,true,,0.0,false,,0,true,,
44434,GQQ508,"068929147411150",2026-04-01 21:35:42.994,355242602,446,{},,,,,false,offline ,,true,,0.0,false,,0,true,,
61153,LXK187,"991832675896168",2026-04-01 20:42:29.306,354944348,613,{},,,,,false,offline ,,true,,0.0,false,,0,true,,
39838,YKB983,"863001984524243",2026-04-08 23:49:14.925,506186001,400,{},,,,,false,offline ,,true,,0.0,false,,0,true,,
115637,LKN946,"864035050830042",,,,{},,,,,false,,,false,,0.0,false,,0,false,,
11771,BKZ591,"831295249760399",2026-04-08 23:49:24.473,506197543,118,{},,,,,false,offline ,,true,,0.0,false,,0,true,,
47247,KSM232,"633582077652800",2026-04-01 21:35:55.600,355244282,474,{},,,,,false,offline ,,true,,0.0,false,,0,true,,
47257,ZYN792,"589415619344491",2026-04-01 21:36:01.189,355244803,474,{},,,,,false,offline ,,true,,0.0,false,,0,true,,
27751,PWD158,"777623852938869",2026-04-08 23:49:14.693,506185622,278,{},,,,,false,offline ,,true,,0.0,false,,0,true,,
115638,KSQ849,"868166050711241",,,,{},,,,,false,,,false,,0.0,false,,0,false,,
27743,XTF394,"713727907346007",2026-04-08 23:49:14.686,506185613,278,{},,,,,false,offline ,,true,,0.0,false,,0,true,,
115639,JVO849,"869671073679696",,,,{},,,,,false,,,false,,0.0,false,,0,false,,
115640,PMU858,"869671073680793",,,,{},,,,,false,,,false,,0.0,false,,0,false,,
115641,HAS432,"864180039301713",,,,{},,,,,false,,,false,,0.0,false,,0,false,,
115642,IJP063,"864035051768845",,,,{},,,,,false,,,false,,0.0,false,,0,false,,
115644,NUT729,"869671072744921",,,,{},,,,,false,,,false,,0.0,false,,0,false,,
115645,NXV435,"869671072677568",,,,{},,,,,false,,,false,,0.0,false,,0,false,,
115646,LHZ498,"864035050825687",,,,{},,,,,false,,,false,,0.0,false,,0,false,,
115647,ZNO092,"864035050947861",,,,{},,,,,false,,,false,,0.0,false,,0,false,,
115648,ZNO191,"869671074412691",,,,{},,,,,false,,,false,,0.0,false,,0,false,,
115649,JYX121,"868166051636611",,,,{},,,,,false,,,false,,0.0,false,,0,false,,
115650,NOX204,"865413055112493",,,,{},,,,,false,,,false,,0.0,false,,0,false,,
115651,IZT414,"868166051482065",,,,{},,,,,false,,,false,,0.0,false,,0,false,,
115652,PMT419,"869671074558105",,,,{},,,,,false,,,false,,0.0,false,,0,false,,
115653,USK182,"865413055114952",,,,{},,,,,false,,,false,,0.0,false,,0,false,,
115654,NWN606,"865413057135286",,,,{},,,,,false,,,false,,0.0,false,,0,false,,
115655,LZL699,"864035050829002",,,,{},,,,,false,,,false,,0.0,false,,0,false,,
115656,LUR696,"865413053504659",,,,{},,,,,false,,,false,,0.0,false,,0,false,,
115657,NZT339,"869671074359173",,,,{},,,,,false,,,false,,0.0,false,,0,false,,
17789,DSN282,"725469945686625",2026-04-08 23:49:24.470,506197525,178,{},,,,,false,offline ,,true,,0.0,false,,0,true,,
17788,RSP775,"578202834458329",2026-04-08 23:49:24.467,506197514,178,{},,,,,false,offline ,,true,,0.0,false,,0,true,,
115659,EZK092,"868166051329167",,,,{},,,,,false,,,false,,0.0,false,,0,false,,
115660,LHX089,"865413053519707",,,,{},,,,,false,,,false,,0.0,false,,0,false,,
26009,BTQ965,"272704563474277",2026-04-08 23:49:08.413,506173397,261,{},,,,,false,offline ,,true,,0.0,false,,0,true,,
26120,VNV902,"215217750739923",2026-04-08 23:49:08.395,506173324,262,{},,,,,false,offline ,,true,,0.0,false,,0,true,,
26107,SDC184,"787276784845609",2026-04-08 23:49:08.397,506173333,262,{},,,,,false,offline ,,true,,0.0,false,,0,true,,
115661,LIM723,"864035051957141",,,,{},,,,,false,,,false,,0.0,false,,0,false,,
115663,KSP907,"868166050724145",,,,{},,,,,false,,,false,,0.0,false,,0,false,,
26082,LQY727,"314840492226741",2026-04-08 23:49:08.399,506173343,261,{},,,,,false,offline ,,true,,0.0,false,,0,true,,
17726,KBX378,"427192066514589",2026-04-08 23:49:24.462,506197496,178,{},,,,,false,offline ,,true,,0.0,false,,0,true,,
115664,LRU841,"864035050824763",,,,{},,,,,false,,,false,,0.0,false,,0,false,,
115666,LWR796,"864035051767177",,,,{},,,,,false,,,false,,0.0,false,,0,false,,
115667,LOM125,"868166051687770",,,,{},,,,,false,,,false,,0.0,false,,0,false,,
26002,HWJ447,"932790937076312",2026-04-08 23:49:08.411,506173390,261,{},,,,,false,offline ,,true,,0.0,false,,0,true,,
115668,LZL723,"864035050870782",,,,{},,,,,false,,,false,,0.0,false,,0,false,,
29703,YQH277,"918477389077588",2026-04-08 23:49:24.512,506197719,298,{},,,,,false,offline ,,true,,0.0,false,,0,true,,
60666,HVR493,"864591221043675",2026-04-01 20:41:20.351,354910023,608,{},,,,,false,offline ,,true,,0.0,false,,0,true,,
115669,JXW243,"864035050768945",,,,{},,,,,false,,,false,,0.0,false,,0,false,,
56313,WRC963,"720768679897778",2026-04-01 20:41:40.669,354920815,565,{},,,,,false,offline ,,true,,0.0,false,,0,true,,
54642,KBJ671,"086322747283708",2026-04-01 20:41:26.808,354913528,548,{},,,,,false,offline ,,true,,0.0,false,,0,true,,
115670,NYR935,"865413055517931",,,,{},,,,,false,,,false,,0.0,false,,0,false,,
54646,RMD510,"978722370384395",2026-04-01 20:39:56.457,354824579,548,{},,,,,false,offline ,,true,,0.0,false,,0,true,,
62155,JJQ822,"815101596594813",2026-04-01 20:42:34.117,354946479,623,{},,,,,false,offline ,,true,,0.0,false,,0,true,,
55826,BGL151,"548256380097987",2026-04-01 20:40:10.178,354837917,560,{},,,,,false,offline ,,true,,0.0,false,,0,true,,
26137,TYR253,"076524272409507",2026-04-08 23:49:08.394,506173315,262,{},,,,,false,offline ,,true,,0.0,false,,0,true,,
9618,DDD357,"299743766469642",2026-04-08 23:49:14.415,506184774,97,{},,,,,false,offline ,,true,,0.0,false,,0,true,,
40305,QQC877,"428858329306877",2026-04-01 21:35:08.357,355236064,405,{},,,,,false,offline ,,true,,0.0,false,,0,true,,
115671,LLQ721,"864180039301424",,,,{},,,,,false,,,false,,0.0,false,,0,false,,
42886,FWV258,"387622973898459",2026-04-01 21:35:17.798,355238284,430,{},,,,,false,offline ,,true,,0.0,false,,0,true,,
115672,DRV729,"868166050708528",,,,{},,,,,false,,,false,,0.0,false,,0,false,,
17659,ZYY949,"490980775633431",2026-04-08 23:49:24.456,506197462,177,{},,,,,false,offline ,,true,,0.0,false,,0,true,,
17743,SBK899,"730190669077105",2026-04-08 23:49:24.460,506197483,178,{},,,,,false,offline ,,true,,0.0,false,,0,true,,
115674,NHP468,"864035050763375",,,,{},,,,,false,,,false,,0.0,false,,0,false,,
115675,DQK235,"869671075609543",,,,{},,,,,false,,,false,,0.0,false,,0,false,,
17735,SMQ145,"319670572053961",2026-04-08 23:49:24.458,506197473,178,{},,,,,false,offline ,,true,,0.0,false,,0,true,,
35814,JJL734,"898931963955316",2026-04-08 23:49:24.621,506197924,360,{},,,,,false,offline ,,true,,0.0,false,,0,true,,
115676,LTQ040,"869671072760976",,,,{},,,,,false,,,false,,0.0,false,,0,false,,
115677,GSR957,"868166053121893",,,,{},,,,,false,,,false,,0.0,false,,0,false,,
115678,NJU532,"865413055575764",,,,{},,,,,false,,,false,,0.0,false,,0,false,,
115679,KRT004,"865413055548274",,,,{},,,,,false,,,false,,0.0,false,,0,false,,
115680,MYT866,"865413053303433",,,,{},,,,,false,,,false,,0.0,false,,0,false,,
20199,MLM931,"651471349769047",2026-04-08 23:49:08.391,506173305,202,{},,,,,false,offline ,,true,,0.0,false,,0,true,,
115682,POZ702,"869671074367457",,,,{},,,,,false,,,false,,0.0,false,,0,false,,
115683,LPL403,"865413055744576",,,,{},,,,,false,,,false,,0.0,false,,0,false,,
115684,HRN79,"864035050830158",,,,{},,,,,false,,,false,,0.0,false,,0,false,,
53724,CBT225,"165580067895526",2026-04-01 20:41:08.418,354903342,539,{},,,,,false,offline ,,true,,0.0,false,,0,true,,
58254,FZK399,"374001471768578",2026-04-01 20:41:43.703,354922554,584,{},,,,,false,offline ,,true,,0.0,false,,0,true,,
115685,PMS737,"869671072700105",,,,{},,,,,false,,,false,,0.0,false,,0,false,,
50634,JTY361,"147530835190851",2026-04-01 20:40:47.611,354887887,508,{},,,,,false,offline ,,true,,0.0,false,,0,true,,
58269,JYF882,"078822833206562",2026-04-01 20:42:01.501,354933586,584,{},,,,,false,offline ,,true,,0.0,false,,0,true,,
61677,ZCQ700,"651559468867590",2026-04-01 20:42:36.668,354947611,618,{},,,,,false,offline ,,true,,0.0,false,,0,true,,
115686,NON167,"865413055226962",,,,{},,,,,false,,,false,,0.0,false,,0,false,,
115688,KRM098,"865413055112923",,,,{},,,,,false,,,false,,0.0,false,,0,false,,
59134,RKP983,"451968791366257",2026-04-01 20:42:10.252,354936883,593,{},,,,,false,offline ,,true,,0.0,false,,0,true,,
59105,RGX493,"380446848076456",2026-04-01 20:41:03.829,354900745,593,{},,,,,false,offline ,,true,,0.0,false,,0,true,,
56846,VDP648,"015235705389125",2026-04-01 20:41:47.265,354925253,570,{},,,,,false,offline ,,true,,0.0,false,,0,true,,
61825,VWY130,"950735953847945",2026-04-01 20:42:33.865,354946351,620,{},,,,,false,offline ,,true,,0.0,false,,0,true,,
47840,JTK259,"488384656134953",2026-04-01 21:35:40.633,355242284,480,{},,,,,false,offline ,,true,,0.0,false,,0,true,,
115690,JJO346,"865413055686033",,,,{},,,,,false,,,false,,0.0,false,,0,false,,
115691,FZL651,"865413055165939",,,,{},,,,,false,,,false,,0.0,false,,0,false,,
115693,NHT759,"865413056146839",,,,{},,,,,false,,,false,,0.0,false,,0,false,,
115695,ELP255,"865413057260753",,,,{},,,,,false,,,false,,0.0,false,,0,false,,
115696,EZK261,"864035051764398",,,,{},,,,,false,,,false,,0.0,false,,0,false,,
115697,LUY016,"868166053499893",,,,{},,,,,false,,,false,,0.0,false,,0,false,,
115698,JEV530,"869671072470006",,,,{},,,,,false,,,false,,0.0,false,,0,false,,
115699,LMS697,"865413053503883",,,,{},,,,,false,,,false,,0.0,false,,0,false,,
115700,NOY425,"865413055716673",,,,{},,,,,false,,,false,,0.0,false,,0,false,,
115701,ESY032,"868166051651859",,,,{},,,,,false,,,false,,0.0,false,,0,false,,
115703,POP257,"869671074476274",,,,{},,,,,false,,,false,,0.0,false,,0,false,,
115704,NIP261,"864035051963685",,,,{},,,,,false,,,false,,0.0,false,,0,false,,
115705,PMW590,"869671074436609",,,,{},,,,,false,,,false,,0.0,false,,0,false,,
115706,JXO405,"864035051957091",,,,{},,,,,false,,,false,,0.0,false,,0,false,,
115707,GCV622,"865413056639882",,,,{},,,,,false,,,false,,0.0,false,,0,false,,
115708,KXS154,"869671072797986",,,,{},,,,,false,,,false,,0.0,false,,0,false,,
26194,TGV596,"812877197324915",2026-04-08 23:49:08.448,506173540,262,{},,,,,false,offline ,,true,,0.0,false,,0,true,,
39824,DTP508,"690546829760914",2026-04-08 23:49:14.923,506186000,400,{},,,,,false,offline ,,true,,0.0,false,,0,true,,
115709,PKQ376,"865413056584716",,,,{},,,,,false,,,false,,0.0,false,,0,false,,
115710,DQQ483,"869671072794157",,,,{},,,,,false,,,false,,0.0,false,,0,false,,
115711,IJT144,"865413057263369",,,,{},,,,,false,,,false,,0.0,false,,0,false,,
115712,EBX913,"864035051764216",,,,{},,,,,false,,,false,,0.0,false,,0,false,,
115713,LKP189,"864035051831189",,,,{},,,,,false,,,false,,0.0,false,,0,false,,
115714,JZO158,"865413053330824",,,,{},,,,,false,,,false,,0.0,false,,0,false,,
115715,GSO136,"865413056562373",,,,{},,,,,false,,,false,,0.0,false,,0,false,,
39867,YQC918,"184244291390138",2026-04-08 23:49:14.906,506185968,400,{},,,,,false,offline ,,true,,0.0,false,,0,true,,
115717,KZT354,"869671074484534",,,,{},,,,,false,,,false,,0.0,false,,0,false,,
39851,HRQ448,"334268246849285",2026-04-08 23:49:14.909,506185977,400,{},,,,,false,offline ,,true,,0.0,false,,0,true,,
115719,IRQ124,"865413056040404",,,,{},,,,,false,,,false,,0.0,false,,0,false,,
43095,YRT659,"367263754369735",2026-04-01 21:35:15.643,355237811,433,{},,,,,false,offline ,,true,,0.0,false,,0,true,,
115720,LLQ984,"864035051761832",,,,{},,,,,false,,,false,,0.0,false,,0,false,,
43957,BYW125,"755605657162239",2026-04-01 21:35:36.812,355241774,441,{},,,,,false,offline ,,true,,0.0,false,,0,true,,
115721,PRY528,"869671075532968",,,,{},,,,,false,,,false,,0.0,false,,0,false,,
115722,HIT366,"864035051827740",,,,{},,,,,false,,,false,,0.0,false,,0,false,,
115723,PRN697,"869671075633352",,,,{},,,,,false,,,false,,0.0,false,,0,false,,
115725,NMP002,"864035050764753",,,,{},,,,,false,,,false,,0.0,false,,0,false,,
39870,KSV413,"637211167101330",2026-04-08 23:49:14.905,506185957,400,{},,,,,false,offline ,,true,,0.0,false,,0,true,,
54340,CNP194,"116185601130206",2026-04-01 20:41:08.348,354903295,545,{},,,,,false,offline ,,true,,0.0,false,,0,true,,
32118,GZN499,"865476579631215",2026-04-08 23:49:08.450,506173552,323,{},,,,,false,offline ,,true,,0.0,false,,0,true,,
43986,VQG941,"725602721516182",2026-04-01 21:35:39.412,355242120,441,{},,,,,false,offline ,,true,,0.0,false,,0,true,,
43980,QDR849,"236945911405555",2026-04-01 21:35:41.887,355242455,441,{},,,,,false,offline ,,true,,0.0,false,,0,true,,
43908,XKW961,"483705619366206",2026-04-01 21:35:36.814,355241773,441,{},,,,,false,offline ,,true,,0.0,false,,0,true,,
115726,NUT801,"869671072819152",,,,{},,,,,false,,,false,,0.0,false,,0,false,,
43969,TXV226,"240919701521297",2026-04-01 21:35:37.358,355241846,441,{},,,,,false,offline ,,true,,0.0,false,,0,true,,
39788,LJR513,"236494441054799",2026-04-08 23:49:14.740,506185704,399,{},,,,,false,offline ,,true,,0.0,false,,0,true,,
39779,SGP691,"445682925018994",2026-04-08 23:49:14.744,506185719,399,{},,,,,false,offline ,,true,,0.0,false,,0,true,,
11714,KZR710,"954948917040780",2026-04-08 23:49:24.445,506197419,118,{},,,,,false,offline ,,true,,0.0,false,,0,true,,
61653,WQR277,"469375119361780",2026-04-01 20:42:31.455,354945193,618,{},,,,,false,offline ,,true,,0.0,false,,0,true,,
115727,LHS803,"865413056578247",,,,{},,,,,false,,,false,,0.0,false,,0,false,,
11689,CSS868,"826311661803257",2026-04-08 23:49:24.465,506197510,117,{},,,,,false,offline ,,true,,0.0,false,,0,true,,
39833,JLT045,"554084325184533",2026-04-08 23:49:14.915,506185991,400,{},,,,,false,offline ,,true,,0.0,false,,0,true,,
115728,NSR614,"865413055568850",,,,{},,,,,false,,,false,,0.0,false,,0,false,,
115729,LWZ917,"868166051649093",,,,{},,,,,false,,,false,,0.0,false,,0,false,,
53698,LTN056,"254702094717331",2026-04-01 20:39:48.002,354818812,539,{},,,,,false,offline ,,true,,0.0,false,,0,true,,
115730,NOW603,"865413053302740",,,,{},,,,,false,,,false,,0.0,false,,0,false,,
51299,PJV260,"895780867781309",2026-04-01 20:40:58.375,354897386,515,{},,,,,false,offline ,,true,,0.0,false,,0,true,,
115731,LCM119,"869671074568948",,,,{},,,,,false,,,false,,0.0,false,,0,false,,
54354,DFP360,"249409450914894",2026-04-01 20:41:21.671,354910757,545,{},,,,,false,offline ,,true,,0.0,false,,0,true,,
58933,WYJ014,"369543957375425",2026-04-01 20:42:12.369,354937703,591,{},,,,,false,offline ,,true,,0.0,false,,0,true,,
58785,SFN391,"005509028619307",2026-04-01 20:41:10.771,354904671,589,{},,,,,false,offline ,,true,,0.0,false,,0,true,,
115732,FKM488,"865413055979370",,,,{},,,,,false,,,false,,0.0,false,,0,false,,
58509,LWN057,"442975202935234",2026-04-01 20:41:07.813,354902989,587,{},,,,,false,offline ,,true,,0.0,false,,0,true,,
60178,GNZ131,"518019377360081",2026-04-01 20:41:24.628,354912370,603,{},,,,,false,offline ,,true,,0.0,false,,0,true,,
55772,HYQ202,"305864311353677",2026-04-01 20:41:39.699,354920253,559,{},,,,,false,offline ,,true,,0.0,false,,0,true,,
33849,MNX670,"642056042963872",2026-04-08 23:49:14.900,506185937,340,{},,,,,false,offline ,,true,,0.0,false,,0,true,,
48503,JXM377,"582407836011448",2026-04-01 20:39:39.190,354812829,487,{},,,,,false,offline ,,true,,0.0,false,,0,true,,
33831,YBW683,"320092682107305",2026-04-08 23:49:14.912,506185985,340,{},,,,,false,offline ,,true,,0.0,false,,0,true,,
115734,LPY084,"865413056153777",,,,{},,,,,false,,,false,,0.0,false,,0,false,,
115735,NYS857,"869671074388206",,,,{},,,,,false,,,false,,0.0,false,,0,false,,
115736,NHO327,"868166051085314",,,,{},,,,,false,,,false,,0.0,false,,0,false,,
115737,NOW602,"865413053523386",,,,{},,,,,false,,,false,,0.0,false,,0,false,,
115738,LPZ915,"868166053501706",,,,{},,,,,false,,,false,,0.0,false,,0,false,,
48796,FCC544,"772787847234471",2026-04-01 20:38:57.691,354782243,490,{},,,,,false,offline ,,true,,0.0,false,,0,true,,
54581,DGJ300,"531947308909076",2026-04-01 20:41:25.735,354912955,547,{},,,,,false,offline ,,true,,0.0,false,,0,true,,
115739,IPQ542,"865413055726060",,,,{},,,,,false,,,false,,0.0,false,,0,false,,
48321,FDZ986,"736903003904477",2026-04-01 20:40:18.625,354848138,485,{},,,,,false,offline ,,true,,0.0,false,,0,true,,
115740,MFZ237,"868166051154243",,,,{},,,,,false,,,false,,0.0,false,,0,false,,
115741,NIY077,"864035050770743",,,,{},,,,,false,,,false,,0.0,false,,0,false,,
115742,LZL042,"868307060186517",,,,{},,,,,false,,,false,,0.0,false,,0,false,,
115743,LKO691,"864035050824458",,,,{},,,,,false,,,false,,0.0,false,,0,false,,
115744,LVW045,"868307060146503",,,,{},,,,,false,,,false,,0.0,false,,0,false,,
115745,LSO710,"868166051639979",,,,{},,,,,false,,,false,,0.0,false,,0,false,,
115746,IKU610,"868166050464577",,,,{},,,,,false,,,false,,0.0,false,,0,false,,
115747,FYZ727,"868307060144979",,,,{},,,,,false,,,false,,0.0,false,,0,false,,
115748,UEL995,"868307060175189",,,,{},,,,,false,,,false,,0.0,false,,0,false,,
115749,LLQ962,"864035051764497",,,,{},,,,,false,,,false,,0.0,false,,0,false,,
115750,GSR719,"868166050722495",,,,{},,,,,false,,,false,,0.0,false,,0,false,,
115751,HQZ135,"868307060174810",,,,{},,,,,false,,,false,,0.0,false,,0,false,,
115752,MKY574,"868166050705383",,,,{},,,,,false,,,false,,0.0,false,,0,false,,
115753,HEO352,"868307060150638",,,,{},,,,,false,,,false,,0.0,false,,0,false,,
115754,FPL571,"869671074376011",,,,{},,,,,false,,,false,,0.0,false,,0,false,,
29750,BHH506,"532720691591887",2026-04-08 23:49:24.470,506197529,298,{},,,,,false,offline ,,true,,0.0,false,,0,true,,
9775,GVV384,"203653778052457",2026-04-08 23:49:14.429,506184842,98,{},,,,,false,offline ,,true,,0.0,false,,0,true,,
115755,KSY832,"868166051655587",,,,{},,,,,false,,,false,,0.0,false,,0,false,,
42137,LHS684,"208336430855203",2026-04-01 21:35:12.086,355236980,423,{},,,,,false,offline ,,true,,0.0,false,,0,true,,
115756,URT259,"864035050872952",,,,{},,,,,false,,,false,,0.0,false,,0,false,,
115757,LHL564,"869671074618065",,,,{},,,,,false,,,false,,0.0,false,,0,false,,
23768,YSS812,"156085425996215",2026-04-08 23:49:24.465,506197505,238,{},,,,,false,offline ,,true,,0.0,false,,0,true,,
47705,NMH249,"799956381890597",2026-04-01 21:36:06.244,355245141,479,{},,,,,false,offline ,,true,,0.0,false,,0,true,,
115758,LZN045,"868166051662039",,,,{},,,,,false,,,false,,0.0,false,,0,false,,
42109,WMT156,"634525855776977",2026-04-01 21:35:22.880,355239358,423,{},,,,,false,offline ,,true,,0.0,false,,0,true,,
44520,LDP514,"381165951702513",2026-04-01 21:35:18.190,355238384,447,{},,,,,false,offline ,,true,,0.0,false,,0,true,,
23790,VBF004,"971480393262984",2026-04-08 23:49:24.468,506197512,238,{},,,,,false,offline ,,true,,0.0,false,,0,true,,
115759,POO967,"869671074442417",,,,{},,,,,false,,,false,,0.0,false,,0,false,,
21698,KVC075,"192870166137053",2026-04-08 23:49:14.484,506185080,217,{},,,,,false,offline ,,true,,0.0,false,,0,true,,
115760,PAU845,"865413056000887",,,,{},,,,,false,,,false,,0.0,false,,0,false,,
21697,WDX021,"241121132455786",2026-04-08 23:49:14.480,506185063,217,{},,,,,false,offline ,,true,,0.0,false,,0,true,,
32079,ZVD933,"747378568783060",2026-04-08 23:49:08.448,506173544,322,{},,,,,false,offline ,,true,,0.0,false,,0,true,,
56995,SZX892,"568765511386965",2026-04-01 20:41:50.186,354927740,572,{},,,,,false,offline ,,true,,0.0,false,,0,true,,
62022,CVR438,"981538841365416",2026-04-01 20:42:42.232,354949639,622,{},,,,,false,offline ,,true,,0.0,false,,0,true,,
21628,WRQ239,"804755665213150",2026-04-08 23:49:14.490,506185101,217,{},,,,,false,offline ,,true,,0.0,false,,0,true,,
115761,JML727,"865413057034968",,,,{},,,,,false,,,false,,0.0,false,,0,false,,
21631,GSL921,"961166513414231",2026-04-08 23:49:14.495,506185126,217,{},,,,,false,offline ,,true,,0.0,false,,0,true,,
43584,BQM408,"787233453575355",2026-04-01 21:35:25.832,355240021,437,{},,,,,false,offline ,,true,,0.0,false,,0,true,,
115762,EMZ556,"868307060181203",,,,{},,,,,false,,,false,,0.0,false,,0,false,,
43604,DQM541,"297908929741235",2026-04-01 21:35:34.140,355241415,438,{},,,,,false,offline ,,true,,0.0,false,,0,true,,
43351,YGC957,"396171669334311",2026-04-01 21:35:35.192,355241556,435,{},,,,,false,offline ,,true,,0.0,false,,0,true,,
15797,WVY681,"220605023895535",2026-04-08 23:49:14.477,506185051,158,{},,,,,false,offline ,,true,,0.0,false,,0,true,,
115764,LUT548,"865413056062168",,,,{},,,,,false,,,false,,0.0,false,,0,false,,
115765,LMS190,"868166051647303",,,,{},,,,,false,,,false,,0.0,false,,0,false,,
21663,KSW372,"160823936739698",2026-04-08 23:49:14.487,506185090,217,{},,,,,false,offline ,,true,,0.0,false,,0,true,,
115766,LPZ862,"868166051638633",,,,{},,,,,false,,,false,,0.0,false,,0,false,,
29723,RKF902,"820397167282159",2026-04-08 23:49:24.474,506197541,298,{},,,,,false,offline ,,true,,0.0,false,,0,true,,
62006,GKD038,"371832901881117",2026-04-01 20:42:41.823,354949492,622,{},,,,,false,offline ,,true,,0.0,false,,0,true,,
115767,ELR893,"868307060177086",,,,{},,,,,false,,,false,,0.0,false,,0,false,,
115768,HBR936,"868166050437896",,,,{},,,,,false,,,false,,0.0,false,,0,false,,
115769,GQW287,"868166051651453",,,,{},,,,,false,,,false,,0.0,false,,0,false,,
21625,LCF216,"704126066369689",2026-04-08 23:49:14.493,506185115,217,{},,,,,false,offline ,,true,,0.0,false,,0,true,,
115770,LZN858,"868307060152204",,,,{},,,,,false,,,false,,0.0,false,,0,false,,
15605,JNC560,"701076753340787",2026-04-08 23:49:14.432,506184851,157,{},,,,,false,offline ,,true,,0.0,false,,0,true,,
115771,GQW034,"867232052902146",,,,{},,,,,false,,,false,,0.0,false,,0,false,,
115772,WDN888,"868166050717933",,,,{},,,,,false,,,false,,0.0,false,,0,false,,
115773,LKK680,"868166051652881",,,,{},,,,,false,,,false,,0.0,false,,0,false,,
115774,HRL671,"864035050764449",,,,{},,,,,false,,,false,,0.0,false,,0,false,,
115775,NHT326,"864035050762393",,,,{},,,,,false,,,false,,0.0,false,,0,false,,
115776,LLJ765,"868166053497640",,,,{},,,,,false,,,false,,0.0,false,,0,false,,
115777,GUN843,"864035050869339",,,,{},,,,,false,,,false,,0.0,false,,0,false,,
115778,LZM030,"868166051684967",,,,{},,,,,false,,,false,,0.0,false,,0,false,,
115779,HXT021,"864035051766922",,,,{},,,,,false,,,false,,0.0,false,,0,false,,
115780,LCS989,"864180039298059",,,,{},,,,,false,,,false,,0.0,false,,0,false,,
115781,FVL077,"868166051648293",,,,{},,,,,false,,,false,,0.0,false,,0,false,,
115782,IMM781,"864035050948075",,,,{},,,,,false,,,false,,0.0,false,,0,false,,
115783,JQR354,"867232052911485",,,,{},,,,,false,,,false,,0.0,false,,0,false,,
115784,IIY289,"864035050867457",,,,{},,,,,false,,,false,,0.0,false,,0,false,,
57008,GMS588,"484876320113614",2026-04-01 20:41:39.832,354920330,572,{},,,,,false,offline ,,true,,0.0,false,,0,true,,
52471,BTS196,"988265383479438",2026-04-01 20:41:03.800,354900734,526,{},,,,,false,offline ,,true,,0.0,false,,0,true,,
115785,NHU044,"864035050951418",,,,{},,,,,false,,,false,,0.0,false,,0,false,,
49926,YLY634,"834398396001190",2026-04-01 20:40:42.625,354882351,501,{},,,,,false,offline ,,true,,0.0,false,,0,true,,
115786,KOK371,"864035050761734",,,,{},,,,,false,,,false,,0.0,false,,0,false,,
115787,LQL847,"864035050762989",,,,{},,,,,false,,,false,,0.0,false,,0,false,,
115788,LYY035,"864035050824706",,,,{},,,,,false,,,false,,0.0,false,,0,false,,
52875,SLC157,"541014265493368",2026-04-01 20:41:16.316,354907798,530,{},,,,,false,offline ,,true,,0.0,false,,0,true,,
49907,TVZ423,"758678974054295",2026-04-01 20:39:50.955,354820776,501,{},,,,,false,offline ,,true,,0.0,false,,0,true,,
61989,HQL785,"565553140924486",2026-04-01 20:42:25.880,354942984,621,{},,,,,false,offline ,,true,,0.0,false,,0,true,,
115789,NFR831,"868307060150992",,,,{},,,,,false,,,false,,0.0,false,,0,false,,
115790,WEM363,"868166051639037",,,,{},,,,,false,,,false,,0.0,false,,0,false,,
115791,GPR462,"864035050830240",,,,{},,,,,false,,,false,,0.0,false,,0,false,,
115792,GTT093,"868166053501995",,,,{},,,,,false,,,false,,0.0,false,,0,false,,
115793,PMW551,"869671074527969",,,,{},,,,,false,,,false,,0.0,false,,0,false,,
115794,JMY348,"869671072679630",,,,{},,,,,false,,,false,,0.0,false,,0,false,,
115795,LIS378,"865413056629131",,,,{},,,,,false,,,false,,0.0,false,,0,false,,
115796,GLK362,"865413056137234",,,,{},,,,,false,,,false,,0.0,false,,0,false,,
115797,DMS015,"868166053120085",,,,{},,,,,false,,,false,,0.0,false,,0,false,,
115798,LHL065,"865413057122532",,,,{},,,,,false,,,false,,0.0,false,,0,false,,
115799,GEU621,"865413055577224",,,,{},,,,,false,,,false,,0.0,false,,0,false,,
115800,NHR100,"868166051654374",,,,{},,,,,false,,,false,,0.0,false,,0,false,,
115801,QGC739,"867232052912814",,,,{},,,,,false,,,false,,0.0,false,,0,false,,
115802,LUN414,"864180039358093",,,,{},,,,,false,,,false,,0.0,false,,0,false,,
63117,NUL640,"865413055795578",,,,{},,,,,false,,,false,,0.0,false,,0,false,,
115803,LWY566,"865413055609845",,,,{},,,,,false,,,false,,0.0,false,,0,false,,
29746,QBW708,"163850680761955",2026-04-08 23:49:24.482,506197570,298,{},,,,,false,offline ,,true,,0.0,false,,0,true,,
115804,LTZ222,"868166053501755",,,,{},,,,,false,,,false,,0.0,false,,0,false,,
3740,BLJ365,"149683686780888",2026-05-09 02:09:28.850,510753781,38,{},,,,,false,offline ,,true,2026-05-09 02:08:07.000,400408224.4186446,false,,0,false,,510753781
3768,LSS071,"449398450241762",2026-05-09 02:09:30.792,510753862,38,{},,,,,false,offline ,,true,2026-05-09 02:08:07.000,253006868.79626882,false,,0,false,,510753862
3769,SQB935,"939152095115908",2026-05-09 02:09:30.028,510753830,38,{},,,,,false,offline ,,true,2026-05-09 02:08:07.000,387558561.05922806,false,,0,false,,510753830
115805,EHR619,"865413055661739",,,,{},,,,,false,,,false,,0.0,false,,0,false,,
115806,LUL485,"868166051637338",,,,{},,,,,false,,,false,,0.0,false,,0,false,,
115807,WEM466,"868166051644508",,,,{},,,,,false,,,false,,0.0,false,,0,false,,
115808,LJU569,"868166051945368",,,,{},,,,,false,,,false,,0.0,false,,0,false,,
21687,RRQ578,"976361190268496",2026-04-08 23:49:14.490,506185109,217,{},,,,,false,offline ,,true,,0.0,false,,0,true,,
115809,NLW181,"865413053523063",,,,{},,,,,false,,,false,,0.0,false,,0,false,,
21685,XSF894,"573620421017890",2026-04-08 23:49:14.488,506185093,217,{},,,,,false,offline ,,true,,0.0,false,,0,true,,
115810,VAK498,"868166051632362",,,,{},,,,,false,,,false,,0.0,false,,0,false,,
115811,LUR393,"864035050764217",,,,{},,,,,false,,,false,,0.0,false,,0,false,,
115812,LYT689,"868166051646271",,,,{},,,,,false,,,false,,0.0,false,,0,false,,
21660,DTB549,"430334869518384",2026-04-08 23:49:14.494,506185124,217,{},,,,,false,offline ,,true,,0.0,false,,0,true,,
115813,JMW559,"868307060147048",,,,{},,,,,false,,,false,,0.0,false,,0,false,,
